school,window,window_email,target_rows,target_departments,existing_target_sum,official_total_114,matched_official_departments,official_school_departments,status,unmatched_target_departments,verification_note,verification_source
南亞技術學院,機械工程系主任：胡凡勳,hfs@nanya.edu.tw,4|179,車輛工程科；機械工程系,13,245,機械工程系=160；機械工程系=13；機械工程系=20；機械工程系_國際學生產學合作專班=39；車輛工程科=13,企業管理系；休閒事業管理系；休閒與餐旅管理系；室內設計科；室內設計系；幼兒保育科；幼兒保育系；機械工程系；機械工程系_國際學生產學合作專班；資訊工程系；資訊工程系_國際學生產學合作專班；車輛工程科；餐旅管理系；餐飲廚藝管理系,AUTO_MATCHED,,,https://stats.moe.gov.tw/files/opendata/students.csv
南開科技大學,主任：黃德劭,deshau@nkut.edu.tw,5|6|7|8|9,國際產學合作車輛相關專班；車輛工程系；車輛與機電產業研究所；車輛與機電產業碩士專班；車輛零組件相關專班,401,401,車輛工程系=92；車輛工程系=120；車輛工程系_國際學生產學合作專班=161；車輛工程系_車輛與機電產業碩士專班=3；車輛工程系_車輛零組件製造與修護技術專班=16；車輛工程系車輛與機電產業碩士班=9,休閒事業管理系；休閒事業管理系_國際學生產學合作專班；休閒事業管理系碩士班；多媒體動畫應用系；智慧自動化工程系；自動化工程科；自動化工程系；自動化工程系_國際學生產學合作專班；行銷與流通管理科；行銷與流通管理系；車輛工程系；車輛工程系_國際學生產學合作專班；車輛工程系_車輛與機電產業碩士專班；車輛工程系_車輛零組件製造與修護技術專班；車輛工程系車輛與機電產業碩士班；長期照顧與管理系；長期照顧與管理系福祉科技與服務管理碩士在職專班；長期照顧與管理系福祉科技與服務管理碩士班；電機與資訊技術科；電機與資訊技術系；電機與資訊技術系_國際學生產學合作專班；餐飲管理系；餐飲管理系_國際學生產學合作專班；餐飲管理系_餐飲管理服務僑生專班,VERIFIED_ALIAS,,,https://stats.moe.gov.tw/files/opendata/students.csv
國立臺北科技大學,主任：陳志鏗,ckchen@ntut.edu.tw,10|11,車輛工程系；車輛工程系附設進修學院,474,474,車輛工程系=200；車輛工程系=126；車輛工程系碩士在職專班=57；車輛工程系碩士班=90；車輛工程系[附設進院]=1,互動設計系；互動設計系_互動設計與創新外國學生專班；互動設計系碩士在職專班；互動設計系碩士班；人工智慧科技博士學位學程；人工智慧科技碩士學位學程；人工智慧與大數據高階管理雙聯碩士學位學程；光電工程系；光電工程系博士班；光電工程系碩士班；分子科學與工程系；分子科學與工程系有機高分子博士班；分子科學與工程系有機高分子碩士在職專班；分子科學與工程系有機高分子碩士班；創意設計學士班；化學工程與生物科技系；化學工程與生物科技系化學工程碩士在職專班；化學工程與生物科技系化學工程碩士班；化學工程與生物科技系博士班；化學工程與生物科技系生化與生醫工程碩士班；半導體科技學位學程；半導體製程與設備學士學位學程；土木工程系；土木工程系_香港二技專班；土木工程系土木與防災博士班；土木工程系土木與防災碩士在職專班；土木工程系土木與防災碩士班；太空系統工程研究所；工業工程與管理系；工業工程與管理系博士班；工業工程與管理系碩士班；工業設計系；工業設計系創新設計碩士在職專班；工業設計系創新設計碩士班；工程學院_能源與光電材料外國學生專班；工程科技學士班；建築系；建築系建築與都市設計碩士在職專班；建築系建築與都市設計碩士班；應用英文系；應用英文系碩士在職專班；應用英文系碩士班；技術及職業教育研究所；文化事業發展系；文化事業發展系碩士班；智慧自動化工程科；智慧財產權研究所；智慧鐵道科技碩士學位學程；材料及資源工程系；材料科學與工程研究所；機械工程系；機械工程系機電整合碩士在職專班；機械工程系機電整合碩士班；機械工程系產學訓專班；機電學士班；機電學院_半導體製程與設備外國學生專班；機電學院_機械與自動化外國學生專班；機電學院_機電技優領航專班；機電學院_機電科技外國學生專班；機電學院機電科技博士班；環境工程與管理研究所；管理學院_EMBA碩士在職專班；管理學院_外國學生專班IMBA專班；管理學院工業與科技管理EMBA專班；管理學院管理博士班；管理學院經營管理EMBA專班；管理學院資訊與財金管理EMBA專班；經營管理系；經營管理系_香港二技專班；經營管理系碩士在職專班；經營管理系碩士班；能源與冷凍空調工程系；能源與冷凍空調工程系博士班；能源與冷凍空調工程系碩士在職專班；能源與冷凍空調工程系碩士班；自動化科技研究所；製造科技研究所；設計學院設計博士班；資源工程研究所；資訊安全博士學位學程；資訊安全碩士學位學程；資訊工程系；資訊工程系博士班；資訊工程系碩士班；資訊與財金管理系；資訊與財金管理系_金融科技與資訊安全產業碩士專班；資訊與財金管理系碩士班；車輛工程系；車輛工程系碩士在職專班；車輛工程系碩士班；電子工程系；電子工程系博士班；電子工程系碩士在職專班；電子工程系碩士班；電機工程系；電機工程系_電力電子產碩專班；電機工程系_香港二技專班；電機工程系博士班；電機工程系碩士在職專班；電機工程系碩士班；電資學士班；電資學院_外國學生專班；高階土木營建工程管理雙聯碩士學位學程；高階管理碩士雙聯學位學程,VERIFIED_UDB_WEB_ADJUSTMENT,,114 UDB系所頁另列車輛工程系附設進院1人；200+126+1+57+90=474,https://udb.moe.edu.tw/（114學1-1車輛工程細學類）
敏實科技大學,主任：侯光煦,kunghsu@o365.mitust.edu.tw,12|13|14,智慧車輛與能源系；智慧車輛與能源系國際專班；智慧車輛與能源系國際產學專班,375,375,智慧車輛與能源系=76；智慧車輛與能源系=86；智慧車輛與能源系_國際學生產學合作專班=80；智慧車輛與能源系_國際專修部=133,人工智慧應用工程學士學位學程；人工智慧應用工程學士學位學程_國際專修部；智慧製造工程系；智慧製造工程系_國際學生產學合作專班；智慧製造工程系_國際專修部；智慧車輛與能源系；智慧車輛與能源系_國際學生產學合作專班；智慧車輛與能源系_國際專修部；餐飲管理科；餐飲管理系；餐飲管理系_國際專修部；餐飲管理系_餐飲與烘焙管理國際學生產學合作專班,AUTO_MATCHED,,,https://stats.moe.gov.tw/files/opendata/students.csv
萬能科技大學,主任：林明俊,lmgm@vnu.edu.tw,15,車輛工程系,190,374,車輛工程系=184；車輛工程系=190,企業管理系；企業管理系_連鎖業儲備幹部與微型創業人才培訓國際學生產學合作專班；企業管理系碩士在職專班；企業管理系碩士班；化妝品應用與管理系；化妝品應用與管理系碩士在職專班；化妝品應用與管理系碩士班；商業設計系；室內設計與營建科技系；室內設計與營建科技系碩士班；旅館管理系_國際學生產學合作專班；旅館管理系_民宿與旅館管理僑生技職專班；時尚造型設計暨表演藝術系；環境工程系；精密機械與工業工程系；精密機械與工業工程系_國際專修部；精密機械與工業工程系_工業管理與資電技術僑生產學專班；精密機械與工業工程系_精密機械智慧生產國際學生產學合作專班；精密機械與工業工程系工業工程碩士班；航空光機電系；航空光機電系_國際學生產學合作專班；航空光機電系_機電整合製造產學攜手僑生專班；航空暨運輸服務管理系；航空暨運輸服務管理系_航空運輸與機場服務國際學生產學合作專班；行銷與流通管理系；行銷與流通管理系_國際學生產學合作專班；行銷與流通管理系_國際專修部；行銷與流通管理系智慧商務碩士在職專班；行銷與流通管理系智慧商務碩士班；觀光與休閒事業管理系；觀光與休閒事業管理系_國際學生產學合作專班；觀光與休閒事業管理系_國際專修部；觀光與休閒事業管理系_觀光休閒餐飲管理產學專班；資訊工程系；資訊工程系_AI智能資電製造產學攜手僑生專班；資訊工程系_國際專修部；資訊工程系碩士班；車輛工程系；電機工程系；餐飲管理系,AUTO_MATCHED,,,https://stats.moe.gov.tw/files/opendata/students.csv
世新大學,主任：鄭旭峰,josh@mail.shu.edu.tw,16,圖文傳播學系（原圖文傳播暨數位出版學系）,809,809,圖文傳播學系=627；圖文傳播學系=182,中國文學系；企業管理學系；企業管理學系碩士在職專班(上海專班)；傳播博士學位學程；傳播管理學系；傳播管理學系碩士在職專班(上海專班)；全媒體學士學位學程；全球智能傳播全英學士學位學程；公共關係暨廣告學系；公共關係暨廣告學系上海境外碩士在職專班；創新管理暨智慧企業產業碩士專班；創新金融科技產業碩士專班；口語傳播暨社群媒體學系；圖文傳播學系；廣播電視電影學系；影視進修學士學位學程；性別研究所；數位多媒體設計學系；新聞傳播學院全媒體原住民專班；新聞學系；日本語文學系；智慧財產暨傳播科技法律研究所；智能系統暨科技創新產業碩士專班；法律學系；社會心理學系；社會心理學系社會心理暨社會創新碩士班；社會發展研究所；經濟學系；英語暨傳播應用學系；行政管理學系；行政管理學系碩士在職現役軍人營區專班；觀光學系；財務金融學系；資訊傳播學系；資訊管理學系；雲端暨資通安全產業碩士專班；非營利與社會企業碩士在職學位學程,AUTO_MATCHED,,,https://stats.moe.gov.tw/files/opendata/students.csv
世新大學,主任：楊凱鳴,zycayang@mail.shu.edu.tw,17,數位多媒體設計學系,580,580,數位多媒體設計學系=18；數位多媒體設計學系=562,中國文學系；企業管理學系；企業管理學系碩士在職專班(上海專班)；傳播博士學位學程；傳播管理學系；傳播管理學系碩士在職專班(上海專班)；全媒體學士學位學程；全球智能傳播全英學士學位學程；公共關係暨廣告學系；公共關係暨廣告學系上海境外碩士在職專班；創新管理暨智慧企業產業碩士專班；創新金融科技產業碩士專班；口語傳播暨社群媒體學系；圖文傳播學系；廣播電視電影學系；影視進修學士學位學程；性別研究所；數位多媒體設計學系；新聞傳播學院全媒體原住民專班；新聞學系；日本語文學系；智慧財產暨傳播科技法律研究所；智能系統暨科技創新產業碩士專班；法律學系；社會心理學系；社會心理學系社會心理暨社會創新碩士班；社會發展研究所；經濟學系；英語暨傳播應用學系；行政管理學系；行政管理學系碩士在職現役軍人營區專班；觀光學系；財務金融學系；資訊傳播學系；資訊管理學系；雲端暨資通安全產業碩士專班；非營利與社會企業碩士在職學位學程,AUTO_MATCHED,,,https://stats.moe.gov.tw/files/opendata/students.csv
中國科技大學,主任：許允聖,dmd@cute.edu.tw,18|19,數位多媒體設計系；數位多媒體設計系多元培力專班,541,541,數位多媒體設計系=457；數位多媒體設計系=29；數位多媒體設計系_多元培力專班=55,企業管理科；企業管理系；企業管理系_現役軍人營區在職專班；企業管理系流通與行銷管理碩士班；企業管理系碩士在職專班；企業管理系碩士班；土木工程與環境資源管理系碩士班；土木與防災系；土木與防災系碩士班；室內設計科；室內設計系；室內設計系碩士班；建築系；建築系碩士班；影視設計系；應用英語系；數位多媒體設計系；數位多媒體設計系_多元培力專班；智慧商務經營管理系；管理學院企業管理雙學士學位學程；行銷與流通管理系；行銷與流通管理系_國際學生產學合作專班；行銷與流通管理系_國際專修部；行銷與流通管理系_現役軍人營區在職專班；視覺傳達設計系；視覺傳達設計系碩士班；觀光與休閒事業管理科；觀光與休閒事業管理系；觀光與休閒事業管理系_國際專修部；觀光與休閒事業管理系_餐飲管理僑生專班；財務金融系；資訊工程系；資訊工程系_國際學生產學合作專班；資訊工程系_國際專修部；資訊工程系_現役軍人營區在職專班；資訊工程系資訊科技應用碩士在職專班；資訊管理科；資訊管理系；資訊管理系_國際專修部；資訊管理系_現役軍人營區在職專班,AUTO_MATCHED,,,https://stats.moe.gov.tw/files/opendata/students.csv
中國科技大學,主任：陳慶駿,dvcd@cute.edu.tw,20,視覺傳達設計系,528,528,視覺傳達設計系=478；視覺傳達設計系=22；視覺傳達設計系碩士班=28,企業管理科；企業管理系；企業管理系_現役軍人營區在職專班；企業管理系流通與行銷管理碩士班；企業管理系碩士在職專班；企業管理系碩士班；土木工程與環境資源管理系碩士班；土木與防災系；土木與防災系碩士班；室內設計科；室內設計系；室內設計系碩士班；建築系；建築系碩士班；影視設計系；應用英語系；數位多媒體設計系；數位多媒體設計系_多元培力專班；智慧商務經營管理系；管理學院企業管理雙學士學位學程；行銷與流通管理系；行銷與流通管理系_國際學生產學合作專班；行銷與流通管理系_國際專修部；行銷與流通管理系_現役軍人營區在職專班；視覺傳達設計系；視覺傳達設計系碩士班；觀光與休閒事業管理科；觀光與休閒事業管理系；觀光與休閒事業管理系_國際專修部；觀光與休閒事業管理系_餐飲管理僑生專班；財務金融系；資訊工程系；資訊工程系_國際學生產學合作專班；資訊工程系_國際專修部；資訊工程系_現役軍人營區在職專班；資訊工程系資訊科技應用碩士在職專班；資訊管理科；資訊管理系；資訊管理系_國際專修部；資訊管理系_現役軍人營區在職專班,AUTO_MATCHED,,,https://stats.moe.gov.tw/files/opendata/students.csv
南臺學校財團法人南臺科技大學,主任：程筑鈺,qa6@mail.stust.edu.tw,21,創新產品設計系,317,338,創新產品設計系=317；創新產品設計系碩士班=21,人文社會學院教育經營碩士在職專班；人文社會學院教育經營碩士班；企業管理系；企業管理系碩士在職專班；企業管理系碩士班；休閒事業管理系；休閒事業管理系碩士在職專班；休閒事業管理系碩士班；創新產品設計系；創新產品設計系碩士班；化學工程與材料工程科；化學工程與材料工程系；化學工程與材料工程系_國際專修部；化學工程與材料工程系碩士班；半導體與光電工程系；半導體與光電工程系_國際專修部；半導體與光電工程系碩士班；商管學院全球經營管理碩士班；國際企業系；國際商務學士學位學程；多媒體與電腦娛樂科學系；多媒體與電腦娛樂科學系碩士班；工業管理與資訊系；工業管理與資訊系工業管理碩士在職專班；幼兒保育系；幼兒保育系_學士後學位學程教保員專班；應用日語系；應用日語系碩士班；應用英語系；應用英語系碩士班；會計資訊系；機械工程科；機械工程系；機械工程系_國際專修部；機械工程系_重點產業系所招生；機械工程系機電科技博士班；機械工程系碩士班；永續發展跨領域學士學位學程；永續發展跨領域進修學士學位學程；流行音樂產業系；生物與食品科技系；生物與食品科技系_國際專修部；生物與食品科技系_食品產業永續製造僑生專班；生物與食品科技系碩士班；經營管理博士學位學程；行銷與流通管理系；行銷與流通管理系_國際專修部；行銷與流通管理系碩士在職專班；行銷與流通管理系碩士班；視覺傳達設計系；視覺傳達設計系碩士班；財務金融系；財經法律研究所；資訊傳播系；資訊傳播系碩士班；資訊工程科；資訊工程系；資訊工程系_國際專修部；資訊工程系_重點產業系所招生；資訊工程系碩士班；資訊管理系；資訊管理系_國際專修部；資訊管理系大數據分析碩士在職專班；資訊管理系碩士在職專班；資訊管理系碩士班；電子工程科；電子工程系；電子工程系_AIoT智慧製造產業碩士專班；電子工程系_國際專修部；電子工程系_重點產業系所招生；電子工程系博士班；電子工程系碩士班；電機工程科；電機工程系；電機工程系_國際專修部；電機工程系博士班；電機工程系碩士班；餐旅管理系；餐旅管理系_國際專修部；餐旅管理系碩士班；高階主管企管碩士在職專班；高齡福祉服務系；高齡福祉服務系_國際專修部；高齡福祉服務系_多元培力專班,AUTO_MATCHED,,,https://stats.moe.gov.tw/files/opendata/students.csv
南臺學校財團法人南臺科技大學,主任：黃綝怡,zay@mail.stust.edu.tw,22,視覺傳達設計系,814,889,視覺傳達設計系=814；視覺傳達設計系=56；視覺傳達設計系碩士班=19,人文社會學院教育經營碩士在職專班；人文社會學院教育經營碩士班；企業管理系；企業管理系碩士在職專班；企業管理系碩士班；休閒事業管理系；休閒事業管理系碩士在職專班；休閒事業管理系碩士班；創新產品設計系；創新產品設計系碩士班；化學工程與材料工程科；化學工程與材料工程系；化學工程與材料工程系_國際專修部；化學工程與材料工程系碩士班；半導體與光電工程系；半導體與光電工程系_國際專修部；半導體與光電工程系碩士班；商管學院全球經營管理碩士班；國際企業系；國際商務學士學位學程；多媒體與電腦娛樂科學系；多媒體與電腦娛樂科學系碩士班；工業管理與資訊系；工業管理與資訊系工業管理碩士在職專班；幼兒保育系；幼兒保育系_學士後學位學程教保員專班；應用日語系；應用日語系碩士班；應用英語系；應用英語系碩士班；會計資訊系；機械工程科；機械工程系；機械工程系_國際專修部；機械工程系_重點產業系所招生；機械工程系機電科技博士班；機械工程系碩士班；永續發展跨領域學士學位學程；永續發展跨領域進修學士學位學程；流行音樂產業系；生物與食品科技系；生物與食品科技系_國際專修部；生物與食品科技系_食品產業永續製造僑生專班；生物與食品科技系碩士班；經營管理博士學位學程；行銷與流通管理系；行銷與流通管理系_國際專修部；行銷與流通管理系碩士在職專班；行銷與流通管理系碩士班；視覺傳達設計系；視覺傳達設計系碩士班；財務金融系；財經法律研究所；資訊傳播系；資訊傳播系碩士班；資訊工程科；資訊工程系；資訊工程系_國際專修部；資訊工程系_重點產業系所招生；資訊工程系碩士班；資訊管理系；資訊管理系_國際專修部；資訊管理系大數據分析碩士在職專班；資訊管理系碩士在職專班；資訊管理系碩士班；電子工程科；電子工程系；電子工程系_AIoT智慧製造產業碩士專班；電子工程系_國際專修部；電子工程系_重點產業系所招生；電子工程系博士班；電子工程系碩士班；電機工程科；電機工程系；電機工程系_國際專修部；電機工程系博士班；電機工程系碩士班；餐旅管理系；餐旅管理系_國際專修部；餐旅管理系碩士班；高階主管企管碩士在職專班；高齡福祉服務系；高齡福祉服務系_國際專修部；高齡福祉服務系_多元培力專班,AUTO_MATCHED,,,https://stats.moe.gov.tw/files/opendata/students.csv
台南家專學校財團法人台南應用科技大學,主任：陳中聖,empdes@mail.tut.edu.tw,23,商品設計系,253,253,商品設計系=240；商品設計系=13,企業管理系；商品設計系；國際企業經營系；國際企業經營系碩士在職專班；國際企業經營系碩士班；多媒體動畫系；室內設計系；室內設計系碩士班；幼兒保育系；應用英語系；旅館管理系；旅館管理系_國際專修部；時尚設計系；服飾設計管理系；流行音樂系；漫畫系；烘焙管理系；生活服務產業系；生活服務產業系生活應用科學碩士在職專班；生活服務產業系生活應用科學碩士班；美容造型設計系；美術系；美術系碩士在職專班；美術系碩士班；美術系（七年一貫制）；舞蹈系；舞蹈系（七年一貫制）；視覺傳達設計系；視覺傳達設計系創新應用設計碩士班；財務金融系；資訊管理系；資訊管理系_國際專修部；連鎖加盟經營管理進修學士學位學程；運動休閒與健康管理系；音樂系；音樂系碩士在職專班；音樂系碩士班；音樂系（七年一貫制）；養生休閒管理系；餐旅管理進修學士學位學程；餐飲系；餐飲系_國際專修部,AUTO_MATCHED,,,https://stats.moe.gov.tw/files/opendata/students.csv
台南家專學校財團法人台南應用科技大學,主任：黃建芳,emgpen@mail.tut.edu.tw,24,漫畫系,738,738,漫畫系=738,企業管理系；商品設計系；國際企業經營系；國際企業經營系碩士在職專班；國際企業經營系碩士班；多媒體動畫系；室內設計系；室內設計系碩士班；幼兒保育系；應用英語系；旅館管理系；旅館管理系_國際專修部；時尚設計系；服飾設計管理系；流行音樂系；漫畫系；烘焙管理系；生活服務產業系；生活服務產業系生活應用科學碩士在職專班；生活服務產業系生活應用科學碩士班；美容造型設計系；美術系；美術系碩士在職專班；美術系碩士班；美術系（七年一貫制）；舞蹈系；舞蹈系（七年一貫制）；視覺傳達設計系；視覺傳達設計系創新應用設計碩士班；財務金融系；資訊管理系；資訊管理系_國際專修部；連鎖加盟經營管理進修學士學位學程；運動休閒與健康管理系；音樂系；音樂系碩士在職專班；音樂系碩士班；音樂系（七年一貫制）；養生休閒管理系；餐旅管理進修學士學位學程；餐飲系；餐飲系_國際專修部,AUTO_MATCHED,,,https://stats.moe.gov.tw/files/opendata/students.csv
台南家專學校財團法人台南應用科技大學,主任：陳黎枚,emvcda@mail.tut.edu.tw,25|26,視覺傳達創新應用設計碩士班；視覺傳達設計系,360,360,視覺傳達設計系=295；視覺傳達設計系=51；視覺傳達設計系創新應用設計碩士班=14,企業管理系；商品設計系；國際企業經營系；國際企業經營系碩士在職專班；國際企業經營系碩士班；多媒體動畫系；室內設計系；室內設計系碩士班；幼兒保育系；應用英語系；旅館管理系；旅館管理系_國際專修部；時尚設計系；服飾設計管理系；流行音樂系；漫畫系；烘焙管理系；生活服務產業系；生活服務產業系生活應用科學碩士在職專班；生活服務產業系生活應用科學碩士班；美容造型設計系；美術系；美術系碩士在職專班；美術系碩士班；美術系（七年一貫制）；舞蹈系；舞蹈系（七年一貫制）；視覺傳達設計系；視覺傳達設計系創新應用設計碩士班；財務金融系；資訊管理系；資訊管理系_國際專修部；連鎖加盟經營管理進修學士學位學程；運動休閒與健康管理系；音樂系；音樂系碩士在職專班；音樂系碩士班；音樂系（七年一貫制）；養生休閒管理系；餐旅管理進修學士學位學程；餐飲系；餐飲系_國際專修部,VERIFIED_ALIAS,,,https://stats.moe.gov.tw/files/opendata/students.csv
國立成功大學,主任：薛丞倫,clhsueh@mail.ncku.edu.tw,27,科技藝術碩士學位學程,17,17,科技藝術碩士學位學程=17,中國文學系；中國文學系中國文學碩士班；中國文學系現代文學碩士班；交通管理科學系；人工智慧科技碩士學位學程；企業管理學系；健康照護科學研究所；光電科學與工程學系；光電科學與工程學系光電科技產業碩士專班；全校不分系學士學位學程；全校永續跨域國際碩士學位學程；公共衛生學系；分子醫學研究所；創意產業設計研究所；化學工程學系；化學系；半導體封測博士學位學程；半導體封測碩士學位學程；半導體製程博士學位學程；半導體製程碩士學位學程；半導體高階管理暨研發碩士在職專班；口腔醫學研究所；台灣文學系；國際企業研究所；國際經營管理研究所(IMBA)；土木工程學系；地球科學系；基礎醫學研究所；外國語文學系；多媒體系統與智慧型運算工程博士學位學程；太空系統工程研究所；太空與電漿科學研究所；奈米積體電路工程博士學位學程；奈米積體電路工程碩士學位學程；工業與資訊管理學系；工業設計學系；工程科學系；工程管理碩士在職專班；建築學系；微生物及免疫學研究所；微電子工程研究所；心智科學原理與應用國際博士學位學程；心理學系；戲劇碩士學位學程；政治學系；政治學系政治經濟學博士班；政治學系政治經濟學碩士在職專班；政治學系政治經濟學碩士班；教育研究所；數學系；數據科學研究所；晶片設計博士學位學程；晶片設計碩士學位學程；智慧科技系統碩士學位學程；智慧與永續製造博士學位學程；智慧與永續製造碩士學位學程；智慧製造國際碩士學位學程；智慧資訊安全碩士學位學程；智慧運算工程博士學位學程；智慧運算碩士學位學程；會計學系；會計學系商業資訊分析產業碩士專班；材料科學及工程學系；材料科學及工程學系綠色應用材料碩士班；機械工程學系；機械工程學系機械產業碩士專班；歷史學系；民航研究所；水利及海洋工程學系；法律學系；海洋科技與事務研究所；測量及空間資訊學系；熱帶植物與微生物科學研究所；牙醫學系；物理學系；物理治療學系；環境工程學系；環境醫學研究所；生命科學系；生物化學暨分子生物學研究所；生物科技與產業科學系；生物醫學工程學系；生物醫學工程學系醫療器材創新國際碩士班；生理學研究所；科技藝術碩士學位學程；系統及船舶機電工程學系；細胞生物與解剖學研究所；統計學系；經濟學系；經營管理碩士學位學程(AMBA)；老年學研究所；考古學研究所；職能治療學系；能源工程國際博士學位學程；能源工程國際學士學位學程；能源工程國際碩士學位學程；臨床藥學與藥物科技研究所；臨床醫學研究所；自然災害減災及管理國際碩士學位學程；航空太空工程學系；藝術研究所；藥學系；藥理學研究所；行為醫學研究所；製造資訊與系統研究所；護理學系；護理學系國際博士班；護理學系專科護理師碩士在職專班；財務金融研究所；財務金融研究所產業碩士專班；資源工程學系；資訊工程學系；資訊工程學系114秋季班友達專班；資訊工程學系人工智慧與資訊系統碩士在職專班；資訊工程學系資訊產業碩士專班；資訊工程學系金融科技與資訊工程產業碩士專班；資訊管理研究所；跨領域神經科學國際博士學位學程(跨領域神經科學國際研究生博士學位學程)；轉譯農業科學博士學位學程；都市計劃學系；醫學檢驗生物技術學系；醫學系；醫學資訊研究所；醫學院公共衛生碩士在職專班；關鍵材料博士學位學程；關鍵材料碩士學位學程；電信管理研究所；電機工程學系；電機工程學系微波元件產業碩士專班；電機工程學系電力電子產業碩士專班；電機工程學系電機設計與驅動產業碩士專班；電腦與通信工程研究所；食品安全衛生暨風險管理研究所；體育健康與休閒研究所；體育健康與休閒研究所運動健康與休閒管理碩士在職專班；高階管理碩士在職專班(EMBA)；高階經營管理博士學位學程,AUTO_MATCHED,,,https://stats.moe.gov.tw/files/opendata/students.csv
國立聯合大學,主任：徐義權,maurice@nuu.edu.tw,28,工業設計學系,176,176,工業設計學系=13；工業設計學系=143；工業設計學系=20,光電工程學系；化學工程學系；原住民學士學位學程專班；土木與防災工程學系；客家語言與傳播研究所；工業設計學系；工程科技轉譯醫學國際碩士學位學程；建築學系；文化創意與數位行銷學系；文化觀光產業學系；材料科學工程學系；材料與化學工程博士學位學程；機械工程學系；環境與安全衛生工程學系；管理碩士在職學位學程；經營管理學系；能源工程學系；臺灣語文與傳播學系；華語文學系；財務金融學系；資訊工程學系；資訊管理學系；電子工程學系；電機工程學系；電機資訊學院博士班,AUTO_MATCHED,,,https://stats.moe.gov.tw/files/opendata/students.csv
國立臺中科技大學,主任：陳佩瑜,pyc78@hotmail.com,29,室內設計系,301,301,室內設計系=189；室內設計系=85；室內設計系碩士班=27,人工智慧應用工程學士學位學程；企業管理科；企業管理系；企業管理系_智慧及創新營運技優領航專班；企業管理系碩士在職專班；企業管理系碩士班；休閒事業經營系；保險金融管理科；保險金融管理系；保險金融管理系碩士班；創意商品設計系；創意商品設計菁英班；商學院_智慧營運與經營管理外國學生專班；商業經營科；商業經營系；商業設計科；商業設計系；商業設計系碩士在職專班；商業設計系碩士班；國際貿易與經營科；國際貿易與經營系；多媒體設計系；多媒體設計系碩士班；學士後護理系；室內設計系；室內設計系碩士班；應用中文系；應用中文系_多元敘事專才技優領航專班；應用日語科；應用日語系；應用日語系日本市場暨商務策略碩士班；應用統計系；應用英語科；應用英語系；智慧生產工程系；智慧生產工程系_智慧生產工程系技優領航專班；智慧生產工程系_雙軌訓練旗艦計畫；會計資訊科；會計資訊系；會計資訊系碩士在職專班；會計資訊系碩士班；流通管理系；流通管理系碩士在職專班；流通管理系碩士班；美容科；美容系；美容系_美容技優領航專班；美容系碩士班；老人服務事業管理系；語文學院_應用資訊日語技優領航專班；護理科；護理系；護理系碩士在職專班；護理系碩士班；財務金融科；財務金融系；財務金融系碩士在職專班；財務金融系碩士班；財政稅務系；財政稅務系租稅管理與理財規劃碩士班；資訊工程科；資訊工程系；資訊工程系碩士在職專班；資訊工程系碩士班；資訊管理科；資訊管理系；資訊管理系碩士在職專班；資訊管理系碩士班；資訊與流通學院智慧工程博士班,AUTO_MATCHED,,,https://stats.moe.gov.tw/files/opendata/students.csv
國立臺北教育大學,主任：游孟書,mengshuyou@tea.ntue.edu.tw,30,藝術與造形設計學系,509,509,藝術與造形設計學系=89；藝術與造形設計學系=347；藝術與造形設計學系=57；藝術與造形設計學系藝術跨域整合博士班=16,兒童英語教育學系；兒童英語教育學系英語教學碩士學位班(夜間班)；兒童英語教育學系英語教育碩士在職專班；兒童英語教育學系英語教育碩士班；博物館管理與科技應用碩士在職學位學程；學習與教學國際碩士學位學程；幼兒與家庭教育學系；心理與諮商學系；教育學系；教育學系教育創新與評鑑碩士在職專班；教育學系教育創新與評鑑碩士班；教育學系生命教育碩士在職專班；教育學系生命教育碩士班；教育經營與管理學系；教育經營與管理學系教育政策與管理博士班；教育經營與管理學系教育政策與管理碩士班；教育經營與管理學系教育領導與管理碩士在職專班；教育經營與管理學系校務經營碩士在職專班；數位科技設計學系；數位科技設計學系玩具與遊戲設計碩士在職專班；數位科技設計學系玩具與遊戲設計碩士班；數學暨資訊教育學系；數學暨資訊教育學系人工智慧與資訊教育碩士在職專班；數學暨資訊教育學系人工智慧與資訊教育碩士班；數學暨資訊教育學系數學教育碩士在職專班；數學暨資訊教育學系數學教育碩士班；文化創意產業經營學系；文化創意產業經營學系博物館管理與科技應用碩士在職專班；文化創意產業經營學系碩士學位EMBA在職進修專班；文教法律研究所；文教法律研究所原住民文教法律碩士在職專班；東南亞區域管理碩士學位學程；特殊教育學系；特殊教育學系早期療育碩士班；當代藝術評論與策展研究全英語碩士學位學程；社會與區域發展學系；社會與區域發展學系多元文化與發展碩士在職專班；社會與區域發展學系社會學習領域教學碩士學位班；社會與區域發展學系社會學習領域碩士在職專班；自然科學教育學系；自然科學教育學系科學探究與實作碩士在職專班；臺灣文化研究所；臺灣文化研究所臺灣文化教學碩士學位班(夜間班)；藝術與造形設計學系；藝術與造形設計學系藝術跨域整合博士班；語文與創作學系；語文與創作學系華語文教學碩士班；語文與創作學系語文教學碩士在職專班；課程與教學傳播科技研究所；課程與教學傳播科技研究所教育傳播與科技碩士在職專班；課程與教學傳播科技研究所教育傳播與科技碩士班；課程與教學傳播科技研究所課程教學與學習科技碩士在職專班；課程與教學傳播科技研究所課程與教學碩士在職專班；課程與教學傳播科技研究所課程與教學碩士班；資訊科學系；音樂學系；音樂學系音樂教學碩士學位班；音樂學系音樂碩士在職專班；體育學系,AUTO_MATCHED,,,https://stats.moe.gov.tw/files/opendata/students.csv
國立臺灣師範大學,主任：鄧建國,ckteng@ntnu.edu.tw,31|32,設計創作碩士在職專班；設計學系,347,347,設計學系=33；設計學系=82；設計學系=171；設計學系設計創作碩士在職專班=61,AI跨域應用研究所；企業管理學系；健康促進與衛生教育學系；健康促進與衛生教育學系健康促進與衛生教育碩士在職專班；光電工程學士學位學程；光電工程研究所；全球研究全英語學士學位學程；全球經營與策略研究所；公民教育與活動領導學系；公民教育與活動領導學系學生事務碩士在職專班；公民教育與活動領導學系活動領導碩士在職專班；化學系；國文學系；國文學系國文教學碩士在職專班；國際人力資源發展研究所；圖文傳播學系；圖書資訊學研究所；圖書資訊學研究所圖書資訊學數位學習碩士在職專班；圖書資訊學研究所圖書資訊學碩士在職專班；地球科學系；地理學系；地理學系地理碩士在職專班；地理學系空間資訊碩士在職專班；大眾傳播研究所；學習科學學士學位學程；工業教育學系；工業教育學系技職教育數位碩士在職專班；工業教育學系技職教育行政碩士在職專班；工業教育學系科技應用管理碩士在職專班；幼兒與家庭科學學系；復健諮商與高齡福祉研究所；成癮防制碩士在職學位學程；教育學系；教育學系教育領導與政策碩士在職專班；教育學系課程領導與教學實踐碩士在職專班；教育學院創造力發展碩士在職專班；教育學院學士班；教育心理與輔導學系；教育政策與行政研究所；數學系；東亞學系；東亞學系國家安全與國際事務研究碩士在職專班；機電工程學系；機電工程學系智能鑄造產學攜手專班；歐洲文化與觀光研究所；歷史學系；歷史學系歷史教學碩士在職專班；民族音樂研究所；永續管理與環境教育研究所；營養科學學士學位學程；營養科學碩士學位學程；物理學系；特殊教育學系；生命科學系；生技醫藥產業碩士學位學程；生物多樣性國際研究生博士學位學程；社會工作學研究所；社會教育學系；社會教育學系社會教育與文化行政碩士在職專班；科學—科技—工程—數學整合教育國際博士學位學程；科學教育研究所；科技應用與人力資源發展學系；科技應用與人力資源發展學系人力資源發展碩士在職專班；管理學院國際時尚高階管理碩士在職專班；管理學院高階經理人企業管理碩士在職專班；管理研究所；綠能科技與永續治理研究所；美術學系；美術學系美術創作碩士在職專班；美術學系藝術行政暨管理碩士在職專班；翻譯研究所；翻譯研究所軍事口譯碩士在職專班；臺灣史研究所；臺灣語文學系；英語學系；英語學系英語教學碩士在職專班；華語文教學系；華語文教學系海外華語師資數位碩士在職專班；藝術史研究所；藝術學院藝術產業高階經理碩士在職專班；表演藝術學士學位學程；表演藝術研究所；設計學系；設計學系設計創作碩士在職專班；課程與教學研究所；資訊工程學系；資訊教育研究所；車輛與能源工程學士學位學程；車輛與能源工程研究所；運動休閒與餐旅管理研究所；運動休閒與餐旅管理研究所運動休閒與餐旅管理碩士在職專班；運動競技學系；運動與休閒學院樂活產業高階經理人企業管理碩士在職專班；電機工程學系；音樂學系；音樂學系流行音樂產學應用碩士在職專班；體育與運動科學系；體育與運動科學系運動科學碩士在職專班；體育與運動科學系體育行政教師碩士在職專班,VERIFIED_ALIAS,,,https://stats.moe.gov.tw/files/opendata/students.csv
國立臺灣藝術大學,主任：李俊逸,chuni@ntua.edu.tw,33|34|35,動畫藝術碩士班；多媒體動畫藝術學系；新媒體藝術碩士班,198,198,多媒體動畫藝術學系=133；多媒體動畫藝術學系動畫藝術碩士班=37；多媒體動畫藝術學系新媒體藝術碩士班=28,中國音樂學系；傳播學院影音創作與數位媒體產業博士班；傳播學院影音創作與數位媒體產業碩士班；創意產業設計研究所；古蹟藝術修護學系；圖文傳播藝術學系；多媒體動畫藝術學系；多媒體動畫藝術學系動畫藝術碩士班；多媒體動畫藝術學系新媒體藝術碩士班；工藝設計學系；廣播電視學系；影音創作與數位媒體產業研究所；戲劇學系；教師在職進修表演藝術教學碩士學位班；書畫藝術學系；書畫藝術學系造形藝術碩士班；美術學系；美術學系當代視覺文化博士班；美術學系當代視覺文化與實踐碩士班；美術學院造形藝術碩士在職專班；美術學院造形藝術碩士班；舞蹈學系；藝術管理與文化政策研究所；藝術與人文教學研究所；表演藝術學院表演藝術博士班；表演藝術學院表演藝術跨領域碩士在職專班；表演藝術學院表演藝術跨領域碩士班；視覺傳達設計學系；跨域表演藝術研究所；雕塑學系；電影學系；音樂學系,VERIFIED_ALIAS,,,https://stats.moe.gov.tw/files/opendata/students.csv
國立臺灣藝術大學,主任：陳光大,chengd@ntua.edu.tw,36,視覺傳達設計學系,443,443,視覺傳達設計學系=39；視覺傳達設計學系=164；視覺傳達設計學系=40；視覺傳達設計學系=49；視覺傳達設計學系=151,中國音樂學系；傳播學院影音創作與數位媒體產業博士班；傳播學院影音創作與數位媒體產業碩士班；創意產業設計研究所；古蹟藝術修護學系；圖文傳播藝術學系；多媒體動畫藝術學系；多媒體動畫藝術學系動畫藝術碩士班；多媒體動畫藝術學系新媒體藝術碩士班；工藝設計學系；廣播電視學系；影音創作與數位媒體產業研究所；戲劇學系；教師在職進修表演藝術教學碩士學位班；書畫藝術學系；書畫藝術學系造形藝術碩士班；美術學系；美術學系當代視覺文化博士班；美術學系當代視覺文化與實踐碩士班；美術學院造形藝術碩士在職專班；美術學院造形藝術碩士班；舞蹈學系；藝術管理與文化政策研究所；藝術與人文教學研究所；表演藝術學院表演藝術博士班；表演藝術學院表演藝術跨領域碩士在職專班；表演藝術學院表演藝術跨領域碩士班；視覺傳達設計學系；跨域表演藝術研究所；雕塑學系；電影學系；音樂學系,AUTO_MATCHED,,,https://stats.moe.gov.tw/files/opendata/students.csv
國立虎尾科技大學,主任：白弘毅,hong.yi.pai@nfu.edu.tw,37|38,多媒體設計系；數位內容創意產業碩士班,426,426,多媒體設計系=230；多媒體設計系=29；多媒體設計系=136；多媒體設計系數位內容創意產業碩士班=31,企業管理系；企業管理系經營管理碩士在職專班；企業管理系經營管理碩士班；休閒遊憩系；休閒遊憩系碩士在職專班；休閒遊憩系碩士班；先進智慧載具國際碩士學位學程；光電工程系；光電工程系光電與材料科技博士班；光電工程系光電與材料科技碩士在職專班；光電工程系光電與材料科技碩士班；動力機械工程系；動力機械工程系機械與機電工程博士班；動力機械工程系機械與機電工程碩士在職專班；動力機械工程系機械與機電工程碩士班；多媒體設計系；多媒體設計系數位內容創意產業碩士班；工業管理系；工業管理系_智慧製造與工業管理專班；工業管理系_綠色智慧製造專班；工業管理系工業工程與管理碩士在職專班；工業管理系工業工程與管理碩士班；應用外語系；智慧產業科技研發博士學位學程；材料科學與工程系；材料科學與工程系_智能鑄造專班；材料科學與工程系材料科學與綠色能源工程碩士班；機械與電腦輔助工程系；機械與電腦輔助工程系_智慧機械產學攜手合作計畫專班；機械與電腦輔助工程系_機械及工具機產學攜手合作計畫專班；機械與電腦輔助工程系碩士在職專班；機械與電腦輔助工程系碩士班；機械設計工程系；機械設計工程系_精密機械電腦輔助製造技優專班；機械設計工程系碩士班；生物科技系；生物科技系_智慧生物科技技優領航專班；生物科技系碩士在職專班；生物科技系碩士班；精密機械工程科；臥虎專班；自動化工程系；自動化工程系碩士班；航空維修學士學位學程；財務金融系；財務金融系碩士班；資訊工程科；資訊工程系；資訊工程系碩士班；資訊管理系；資訊管理系_大數據智慧應用技優領航專班；資訊管理系碩士在職專班；資訊管理系碩士班；車輛工程系；車輛工程系碩士班；農業科技系；電子工程科；電子工程系；電子工程系碩士班；電機工程系；電機工程系碩士在職專班；電機工程系碩士班；飛機工程系機械組；飛機工程系航空與電子科技碩士班；飛機工程系航空電子組,VERIFIED_ALIAS,,,https://stats.moe.gov.tw/files/opendata/students.csv
國立雲林科技大學,主任：謝修璟,laurarun@yuntech.edu.tw,39,創意生活設計系,259,259,創意生活設計系=193；創意生活設計系碩士班=66,企業管理系；企業管理系博士班；企業管理系碩士在職專班；企業管理系碩士班；休閒運動研究所；前瞻學士學位學程；創意生活設計系；創意生活設計系碩士班；創業管理碩士學位學程；化學工程與材料工程系；化學工程與材料工程系博士班；化學工程與材料工程系碩士班；國際人工智慧管理研究所；國際管理學士學位學程；工商管理進修學士學位學程；工業工程與管理系；工業工程與管理系健康產業管理碩士在職專班；工業工程與管理系博士班；工業工程與管理系碩士在職專班；工業工程與管理系碩士班；工業設計系；工業設計系碩士班；工程科技研究所；工程科技菁英班；建築與室內設計系；建築與室內設計系碩士班；應用外語系；應用外語系碩士在職專班；應用外語系碩士班；應用工程科技學士專班；技術及職業教育研究所；數位媒體設計系；數位媒體設計系地方創生智能設計碩士在職專班；數位媒體設計系碩士班；文化資產維護系；文化資產維護系碩士班；智慧數據科學研究所；智慧機器人學士學位學程；智慧機器人學士學位學程_機器人技優專班；智慧科技學院_智慧跨域技優專班；智慧科技學院_智能示範鑄造產學攜手合作專班；會計系；會計系博士班；會計系碩士在職專班；會計系碩士班；材料科技研究所；機械工程系；機械工程系博士班；機械工程系碩士班；漢學應用研究所；營建工程系；營建工程系碩士在職專班；營建工程系碩士班；環境與安全衛生工程系；環境與安全衛生工程系博士班；環境與安全衛生工程系環安科技與管理碩士在職專班；環境與安全衛生工程系碩士班；產業科技學士學位學程_智慧製造產學攜手合作專班；產業科技學士學位學程_智能電車產學攜手合作專班；產業科技學士學位學程_雲科智能工業製造產學攜手合作專班；產業科技進修學士學位學程；產業經營專業博士學位學程；科技法律研究所；視覺傳達設計系；視覺傳達設計系碩士班；設計學研究所；設計學院_設計技優專班；財務金融系；財務金融系博士班；財務金融系碩士在職專班；財務金融系碩士班；資訊工程系；資訊工程系碩士班；資訊科技服務管理數位學習碩士在職專班；資訊管理系；資訊管理系_人工智慧技優專班；資訊管理系博士班；資訊管理系碩士在職專班；資訊管理系碩士班；跨域整合設計學士學位學程；跨域整合設計學士學位學程_設計技優專班；電子工程系；電子工程系博士班；電子工程系碩士班；電機工程系；電機工程系碩士在職專班；電機工程系碩士班；高階管理碩士在職學位學程,AUTO_MATCHED,,,https://stats.moe.gov.tw/files/opendata/students.csv
國立雲林科技大學,主任：楊晰勛,jimmy@yuntech.edu.tw,40,數位媒體設計系,353,353,數位媒體設計系=252；數位媒體設計系地方創生智能設計碩士在職專班=31；數位媒體設計系碩士班=70,企業管理系；企業管理系博士班；企業管理系碩士在職專班；企業管理系碩士班；休閒運動研究所；前瞻學士學位學程；創意生活設計系；創意生活設計系碩士班；創業管理碩士學位學程；化學工程與材料工程系；化學工程與材料工程系博士班；化學工程與材料工程系碩士班；國際人工智慧管理研究所；國際管理學士學位學程；工商管理進修學士學位學程；工業工程與管理系；工業工程與管理系健康產業管理碩士在職專班；工業工程與管理系博士班；工業工程與管理系碩士在職專班；工業工程與管理系碩士班；工業設計系；工業設計系碩士班；工程科技研究所；工程科技菁英班；建築與室內設計系；建築與室內設計系碩士班；應用外語系；應用外語系碩士在職專班；應用外語系碩士班；應用工程科技學士專班；技術及職業教育研究所；數位媒體設計系；數位媒體設計系地方創生智能設計碩士在職專班；數位媒體設計系碩士班；文化資產維護系；文化資產維護系碩士班；智慧數據科學研究所；智慧機器人學士學位學程；智慧機器人學士學位學程_機器人技優專班；智慧科技學院_智慧跨域技優專班；智慧科技學院_智能示範鑄造產學攜手合作專班；會計系；會計系博士班；會計系碩士在職專班；會計系碩士班；材料科技研究所；機械工程系；機械工程系博士班；機械工程系碩士班；漢學應用研究所；營建工程系；營建工程系碩士在職專班；營建工程系碩士班；環境與安全衛生工程系；環境與安全衛生工程系博士班；環境與安全衛生工程系環安科技與管理碩士在職專班；環境與安全衛生工程系碩士班；產業科技學士學位學程_智慧製造產學攜手合作專班；產業科技學士學位學程_智能電車產學攜手合作專班；產業科技學士學位學程_雲科智能工業製造產學攜手合作專班；產業科技進修學士學位學程；產業經營專業博士學位學程；科技法律研究所；視覺傳達設計系；視覺傳達設計系碩士班；設計學研究所；設計學院_設計技優專班；財務金融系；財務金融系博士班；財務金融系碩士在職專班；財務金融系碩士班；資訊工程系；資訊工程系碩士班；資訊科技服務管理數位學習碩士在職專班；資訊管理系；資訊管理系_人工智慧技優專班；資訊管理系博士班；資訊管理系碩士在職專班；資訊管理系碩士班；跨域整合設計學士學位學程；跨域整合設計學士學位學程_設計技優專班；電子工程系；電子工程系博士班；電子工程系碩士班；電機工程系；電機工程系碩士在職專班；電機工程系碩士班；高階管理碩士在職學位學程,AUTO_MATCHED,,,https://stats.moe.gov.tw/files/opendata/students.csv
國立雲林科技大學,主任：胡文淵,huwy@yuntech.edu.tw,41,視覺傳達設計系,277,277,視覺傳達設計系=211；視覺傳達設計系碩士班=66,企業管理系；企業管理系博士班；企業管理系碩士在職專班；企業管理系碩士班；休閒運動研究所；前瞻學士學位學程；創意生活設計系；創意生活設計系碩士班；創業管理碩士學位學程；化學工程與材料工程系；化學工程與材料工程系博士班；化學工程與材料工程系碩士班；國際人工智慧管理研究所；國際管理學士學位學程；工商管理進修學士學位學程；工業工程與管理系；工業工程與管理系健康產業管理碩士在職專班；工業工程與管理系博士班；工業工程與管理系碩士在職專班；工業工程與管理系碩士班；工業設計系；工業設計系碩士班；工程科技研究所；工程科技菁英班；建築與室內設計系；建築與室內設計系碩士班；應用外語系；應用外語系碩士在職專班；應用外語系碩士班；應用工程科技學士專班；技術及職業教育研究所；數位媒體設計系；數位媒體設計系地方創生智能設計碩士在職專班；數位媒體設計系碩士班；文化資產維護系；文化資產維護系碩士班；智慧數據科學研究所；智慧機器人學士學位學程；智慧機器人學士學位學程_機器人技優專班；智慧科技學院_智慧跨域技優專班；智慧科技學院_智能示範鑄造產學攜手合作專班；會計系；會計系博士班；會計系碩士在職專班；會計系碩士班；材料科技研究所；機械工程系；機械工程系博士班；機械工程系碩士班；漢學應用研究所；營建工程系；營建工程系碩士在職專班；營建工程系碩士班；環境與安全衛生工程系；環境與安全衛生工程系博士班；環境與安全衛生工程系環安科技與管理碩士在職專班；環境與安全衛生工程系碩士班；產業科技學士學位學程_智慧製造產學攜手合作專班；產業科技學士學位學程_智能電車產學攜手合作專班；產業科技學士學位學程_雲科智能工業製造產學攜手合作專班；產業科技進修學士學位學程；產業經營專業博士學位學程；科技法律研究所；視覺傳達設計系；視覺傳達設計系碩士班；設計學研究所；設計學院_設計技優專班；財務金融系；財務金融系博士班；財務金融系碩士在職專班；財務金融系碩士班；資訊工程系；資訊工程系碩士班；資訊科技服務管理數位學習碩士在職專班；資訊管理系；資訊管理系_人工智慧技優專班；資訊管理系博士班；資訊管理系碩士在職專班；資訊管理系碩士班；跨域整合設計學士學位學程；跨域整合設計學士學位學程_設計技優專班；電子工程系；電子工程系博士班；電子工程系碩士班；電機工程系；電機工程系碩士在職專班；電機工程系碩士班；高階管理碩士在職學位學程,AUTO_MATCHED,,,https://stats.moe.gov.tw/files/opendata/students.csv
國立雲林科技大學,所長：周玟慧,cris@yuntech.edu.tw,42,設計學研究所,117,161,設計學研究所=88；設計學研究所=29；設計學院_設計技優專班=44,企業管理系；企業管理系博士班；企業管理系碩士在職專班；企業管理系碩士班；休閒運動研究所；前瞻學士學位學程；創意生活設計系；創意生活設計系碩士班；創業管理碩士學位學程；化學工程與材料工程系；化學工程與材料工程系博士班；化學工程與材料工程系碩士班；國際人工智慧管理研究所；國際管理學士學位學程；工商管理進修學士學位學程；工業工程與管理系；工業工程與管理系健康產業管理碩士在職專班；工業工程與管理系博士班；工業工程與管理系碩士在職專班；工業工程與管理系碩士班；工業設計系；工業設計系碩士班；工程科技研究所；工程科技菁英班；建築與室內設計系；建築與室內設計系碩士班；應用外語系；應用外語系碩士在職專班；應用外語系碩士班；應用工程科技學士專班；技術及職業教育研究所；數位媒體設計系；數位媒體設計系地方創生智能設計碩士在職專班；數位媒體設計系碩士班；文化資產維護系；文化資產維護系碩士班；智慧數據科學研究所；智慧機器人學士學位學程；智慧機器人學士學位學程_機器人技優專班；智慧科技學院_智慧跨域技優專班；智慧科技學院_智能示範鑄造產學攜手合作專班；會計系；會計系博士班；會計系碩士在職專班；會計系碩士班；材料科技研究所；機械工程系；機械工程系博士班；機械工程系碩士班；漢學應用研究所；營建工程系；營建工程系碩士在職專班；營建工程系碩士班；環境與安全衛生工程系；環境與安全衛生工程系博士班；環境與安全衛生工程系環安科技與管理碩士在職專班；環境與安全衛生工程系碩士班；產業科技學士學位學程_智慧製造產學攜手合作專班；產業科技學士學位學程_智能電車產學攜手合作專班；產業科技學士學位學程_雲科智能工業製造產學攜手合作專班；產業科技進修學士學位學程；產業經營專業博士學位學程；科技法律研究所；視覺傳達設計系；視覺傳達設計系碩士班；設計學研究所；設計學院_設計技優專班；財務金融系；財務金融系博士班；財務金融系碩士在職專班；財務金融系碩士班；資訊工程系；資訊工程系碩士班；資訊科技服務管理數位學習碩士在職專班；資訊管理系；資訊管理系_人工智慧技優專班；資訊管理系博士班；資訊管理系碩士在職專班；資訊管理系碩士班；跨域整合設計學士學位學程；跨域整合設計學士學位學程_設計技優專班；電子工程系；電子工程系博士班；電子工程系碩士班；電機工程系；電機工程系碩士在職專班；電機工程系碩士班；高階管理碩士在職學位學程,AUTO_MATCHED,,,https://stats.moe.gov.tw/files/opendata/students.csv
國立雲林科技大學,主任：蔡登傳,caidc@yuntech.edu.tw,43,跨域整合設計學士學位學程,42,148,跨域整合設計學士學位學程=42；跨域整合設計學士學位學程_設計技優專班=106,企業管理系；企業管理系博士班；企業管理系碩士在職專班；企業管理系碩士班；休閒運動研究所；前瞻學士學位學程；創意生活設計系；創意生活設計系碩士班；創業管理碩士學位學程；化學工程與材料工程系；化學工程與材料工程系博士班；化學工程與材料工程系碩士班；國際人工智慧管理研究所；國際管理學士學位學程；工商管理進修學士學位學程；工業工程與管理系；工業工程與管理系健康產業管理碩士在職專班；工業工程與管理系博士班；工業工程與管理系碩士在職專班；工業工程與管理系碩士班；工業設計系；工業設計系碩士班；工程科技研究所；工程科技菁英班；建築與室內設計系；建築與室內設計系碩士班；應用外語系；應用外語系碩士在職專班；應用外語系碩士班；應用工程科技學士專班；技術及職業教育研究所；數位媒體設計系；數位媒體設計系地方創生智能設計碩士在職專班；數位媒體設計系碩士班；文化資產維護系；文化資產維護系碩士班；智慧數據科學研究所；智慧機器人學士學位學程；智慧機器人學士學位學程_機器人技優專班；智慧科技學院_智慧跨域技優專班；智慧科技學院_智能示範鑄造產學攜手合作專班；會計系；會計系博士班；會計系碩士在職專班；會計系碩士班；材料科技研究所；機械工程系；機械工程系博士班；機械工程系碩士班；漢學應用研究所；營建工程系；營建工程系碩士在職專班；營建工程系碩士班；環境與安全衛生工程系；環境與安全衛生工程系博士班；環境與安全衛生工程系環安科技與管理碩士在職專班；環境與安全衛生工程系碩士班；產業科技學士學位學程_智慧製造產學攜手合作專班；產業科技學士學位學程_智能電車產學攜手合作專班；產業科技學士學位學程_雲科智能工業製造產學攜手合作專班；產業科技進修學士學位學程；產業經營專業博士學位學程；科技法律研究所；視覺傳達設計系；視覺傳達設計系碩士班；設計學研究所；設計學院_設計技優專班；財務金融系；財務金融系博士班；財務金融系碩士在職專班；財務金融系碩士班；資訊工程系；資訊工程系碩士班；資訊科技服務管理數位學習碩士在職專班；資訊管理系；資訊管理系_人工智慧技優專班；資訊管理系博士班；資訊管理系碩士在職專班；資訊管理系碩士班；跨域整合設計學士學位學程；跨域整合設計學士學位學程_設計技優專班；電子工程系；電子工程系博士班；電子工程系碩士班；電機工程系；電機工程系碩士在職專班；電機工程系碩士班；高階管理碩士在職學位學程,AUTO_MATCHED,,,https://stats.moe.gov.tw/files/opendata/students.csv
國立高雄師範大學,主任：林維俞,sfsg@mail.nknu.edu.tw,44,視覺設計學系,275,275,視覺設計學系=63；視覺設計學系=154；視覺設計學系視覺設計碩士在職專班(夜間班)=58,事業經營學系；人力與知識管理研究所；人力與知識管理研究所人力與知識管理碩士在職專班(夜間班)；創新產業原住民碩士在職學位學程；化學系；半導體碩士在職學位學程；國文學系；國文學系中國文學教學碩士班(暑期班)；國文學系中國文學碩士在職專班；國文學系國文教學碩士班(暑期班)；國文學系書法碩士在職專班；地理學系；地理學系城鄉發展與環境研究碩士在職專班（夜間班）；客家文化研究所；工業科技教育學系；工業科技教育學系工業(生活)科技教學碩士班(暑期班)；工業科技教育學系科技教育碩士在職專班；工業設計學系；工程國際碩士學位學程；性別教育博士學位學程；性別教育研究所；成人教育研究所；成人教育研究所組織發展與領導碩士在職專班(夜間班)；教育學系；教育學系學校行政領導碩士班；教育學系生命教育碩士在職專班；教育學系課程與教學碩士班(夜間班)；數學系；數學系數學教學碩士班(暑期班)；文化創意設計碩士學位學程在職專班；東南亞學碩士在職學位學程；東南亞學碩士在職學位學程現役軍人營區專班；物理學系；特殊教育學系；特殊教育學系特殊教育博士班；特殊教育學系特殊教育教學碩士班；特殊教育學系特殊教育碩士班；特殊教育學系聽力學與語言治療碩士班；環境與創意產業碩士在職學位學程；生物科技系；科學教育暨環境教育研究所；科學教育暨環境教育研究所碩士在職現役軍人營區專班；科學教育暨環境教育研究所科學教育博士班；經學研究所；美術學系；臺灣歷史文化及語言研究所；臺灣歷史文化及語言研究所臺灣研究碩士學位在職進修專班；英語學系；英語學系應用英語碩士在職專班(夜間班)；英語學系英語教學碩士班(暑期班)；華語文教學博士學位學程；華語文教學研究所；藝術產業學士原住民專班；表演藝術碩士學位學程；視覺設計學系；視覺設計學系視覺設計碩士在職專班(夜間班)；語言與文化學士原住民專班；諮商心理與復健諮商研究所；諮商心理與復健諮商研究所諮商心理博士班；跨領域藝術研究所；跨領域藝術研究所跨藝實踐與永續環境碩士在職專班；軟體工程與管理學系；軟體工程與管理學系資訊科技碩士在職專班；軟體工程與管理學系資訊科技碩士現役軍人營區在職專班；軟體工程與管理學系資訊管理現役軍人碩士在職專班；運動競技與產業學士原住民專班；電子工程學系；電機工程學系；音樂學系；體育學系；體育學系體育碩士在職專班(週末班)；體育學系體育碩士現役軍人營區在職專班；高階教育經營與行政管理馬來西亞境外碩士在職專班,AUTO_MATCHED,,,https://stats.moe.gov.tw/files/opendata/students.csv
國立高雄科技大學,主任：林皇耀,redplasticer@gmail.com,45,文化創意產業系,277,277,文化創意產業系=231；文化創意產業系碩士在職專班=29；文化創意產業系碩士班=17,人力資源發展系；人力資源發展系碩士在職專班；人力資源發展系碩士班；企業管理系；企業管理系碩士在職專班；企業管理系碩士班；企業管理系高階經營管理碩士在職專班；供應鏈管理系；供應鏈管理系碩士在職專班；供應鏈管理系碩士班；光電工程研究所；創業管理碩士學位學程；化學工程與材料工程系；化學工程與材料工程系_化工材料研發產業碩士專班；化學工程與材料工程系博士班；化學工程與材料工程系碩士在職專班；化學工程與材料工程系碩士班；半導體工程系；半導體工程系_微電子應用技優領航專班；半導體工程系碩士在職專班；半導體工程系碩士班；商務資訊應用系；商務資訊應用系碩士班；商業智慧學院博士班；國際企業系；國際企業系_國際貴金屬與珠寶行銷產業碩士專班；國際企業系博士班；國際企業系碩士在職專班；國際企業系碩士班；國際管理碩士學位學程；土木工程科；土木工程系；土木工程系土木工程科技博士班；土木工程系土木工程與防災科技碩士在職專班；土木工程系碩士班；工學院工程科技博士班；工業工程與管理系；工業工程與管理系_精實生產管理產業碩士專班；工業工程與管理系博士班；工業工程與管理系碩士在職專班；工業工程與管理系碩士班；工業設計系；工業設計系碩士班；應用德語系；應用德語系碩士班；應用日語系；應用日語系碩士在職專班；應用日語系碩士班；應用英語系；應用英語系口筆譯碩士班；應用英語系應用語言學與英語教學碩士班；文化創意產業系；文化創意產業系碩士在職專班；文化創意產業系碩士班；智慧商務系；智慧商務系碩士在職專班；智慧商務系碩士班；會計資訊系；會計資訊系碩士在職專班；會計資訊系碩士班；模具工程科；模具工程系；模具工程系_南區智能鑄造產學攜手合作專班；模具工程系博士班；模具工程系應用工程科學碩士在職專班；模具工程系碩士在職專班；模具工程系碩士班；機械工程系；機械工程系博士班；機械工程系碩士在職專班；機械工程系碩士班；機電工程系；機電工程系博士班；機電工程系碩士在職專班；機電工程系碩士班；水圈學院_外國學生專班；水圈學院水產科技產業博士班；水產食品科學系；水產食品科學系博士班；水產食品科學系碩士在職專班；水產食品科學系碩士班；水產養殖系；水產養殖系_漁業公費專班；水產養殖系碩士班；海事學院_智慧海事技優專班；海事學院海事科技產學合作博士班；海事資訊科技系；海事資訊科技系碩士在職專班；海事資訊科技系碩士班；海事風電工程碩士學位學程；海洋休閒管理系；海洋休閒管理系碩士班；海洋環境工程系；海洋環境工程系碩士班；海洋生物技術系；海洋生物技術系碩士班；漁業生產與管理系_漁業公費專班；漁業科技與管理科；漁業科技與管理系；漁業科技與管理系海洋事務與產業管理碩士班；漁業科技與管理系碩士在職專班；漁業科技與管理系碩士班；營建工程系；營建工程系營建工程與管理碩士在職專班；營建工程系碩士班；環境與安全衛生工程系；環境與安全衛生工程系博士班；環境與安全衛生工程系消防與防災工程碩士在職專班；環境與安全衛生工程系碩士在職專班；環境與安全衛生工程系碩士班；科技法律研究所；管理學院_高階主管經營管理碩士在職專班；管理學院博士班；管理學院高階主管經營管理碩士在職專班；能源與冷凍空調工程系；航海科；航運技術系；航運技術系_多元培力專班；航運技術系碩士在職專班；航運技術系碩士班；航運管理系；航運管理系博士班；航運管理系碩士在職專班；航運管理系碩士班；行銷與流通管理系；行銷與流通管理系碩士在職專班；行銷與流通管理系碩士班；觀光管理系；觀光管理系觀光與餐旅管理碩士在職專班；觀光管理系觀光與餐旅管理碩士班；財務管理系；財務管理系碩士在職專班；財務管理系碩士班；財務金融學院博士班；財政稅務系；財政稅務系碩士在職專班；財政稅務系碩士班；資訊工程系；資訊工程系博士班；資訊工程系碩士在職專班；資訊工程系碩士班；資訊管理系；資訊管理系博士班；資訊管理系碩士在職專班；資訊管理系碩士班；資訊管理系電子商務碩士班；資訊財務碩士學位學程；車輛工程系；輪機工程科；輪機工程系；輪機工程系_多元培力專班；輪機工程系_燁聯鋼鐵產學攜手合作技術專班；輪機工程系碩士在職專班；輪機工程系碩士班；造船及海洋工程系；造船及海洋工程系碩士在職專班；造船及海洋工程系碩士班；運籌管理系；運籌管理系商務經營管理碩士在職專班；運籌管理系商務經營管理碩士班；運籌管理系碩士在職專班；運籌管理系碩士班；金融系；金融系_國際智慧金融技優專班；金融系碩士在職專班；金融系碩士班；金融系金融高階主管經營管理碩士在職專班；金融資訊系；金融資訊系碩士在職專班；金融資訊系碩士班；電子工程系(建工校區)；電子工程系(建工校區)_智慧資電系統技優專班；電子工程系(第一校區)；電子工程系_電資工程與科技管理外國學生碩士專班；電子工程系博士班(建工校區)；電子工程系碩士在職專班(建工校區)；電子工程系碩士在職專班(第一校區)；電子工程系碩士班(建工校區)；電子工程系碩士班(第一校區)；電機工程系；電機工程系博士班；電機工程系智慧自動化系統碩士在職專班；電機工程系智慧自動化系統碩士班；電機工程系碩士在職專班；電機工程系碩士班；電機與資訊學院_智慧系統技優專班；電腦與通訊工程系；電腦與通訊工程系碩士在職專班；電腦與通訊工程系碩士班；電訊工程系；電訊工程系碩士在職專班；電訊工程系碩士班；風險管理與保險系；風險管理與保險系碩士在職專班；風險管理與保險系碩士班；高瞻科技不分系學士學位學程,AUTO_MATCHED,,,https://stats.moe.gov.tw/files/opendata/students.csv
大同大學,主任：黃臣鴻,chhuang@gm.ttu.edu.tw,46,數位媒體設計學系（原媒體設計學系）,347,347,數位媒體設計學系=27；數位媒體設計學系=320,114秋季班工程學院電資工程新型碩士專班；事業與資訊經營學系；化學工程與生物科技學系；工業設計學系；工程學院學士班；工程學院電資工程新型專班；應用外語學系；數位媒體設計學系；機械與材料工程學系；設計科學研究所；資訊工程學系；電機工程學系,AUTO_MATCHED,,,https://stats.moe.gov.tw/files/opendata/students.csv
實踐大學,主任：王世偉,3dvick@g2.usc.edu.tw,47|51|52,媒體傳達設計學系；視覺特效學士學位學程；電腦動畫學士學位學程,691,691,媒體傳達設計學系=33；媒體傳達設計學系=411；視覺特效學士學位學程=7；電腦動畫學士學位學程=240,企業管理學系；休閒產業管理學系；國際企業管理學系；國際企業英語學士學位學程；國際企業英語碩士學位學程；國際經營與貿易學系；國際貿易學系；媒體傳達設計學系；家庭研究與兒童發展學系；家庭研究與兒童發展學系家庭諮商與輔導碩士班；家庭研究與兒童發展學系心理分析碩士在職專班；家庭研究與兒童發展學系高齡家庭服務事業碩士在職專班；工業產品設計學系；建築職人學士學位學程；建築設計學系；應用中文學系；應用外語學系；應用日文學系；應用英語學系；數位多媒體遊戲設計學系；時尚設計學系；智慧服務管理英語學士學位學程；會計學系；會計暨稅務學系；服裝設計學系；服飾設計與經營學系；東南亞智慧商務學士學位學程；法律學系；社會工作學系；管理學院創意產業博士班；行銷管理學系；視覺特效學士學位學程；觀光管理學系；財務金融學系；資訊科技與管理學系；資訊科技與通訊學系；資訊管理學系；金融管理學系；電腦動畫學士學位學程；音樂學系；風險管理與保險學系；食品營養與保健生技學系；餐飲管理學系；餐飲管理學系餐飲產業創新碩士班,AUTO_MATCHED,,,https://stats.moe.gov.tw/files/opendata/students.csv
實踐大學,代理主任：涂世俊,sctu@g2.usc.edu.tw,48,數位多媒體遊戲設計學系,234,234,數位多媒體遊戲設計學系=234,企業管理學系；休閒產業管理學系；國際企業管理學系；國際企業英語學士學位學程；國際企業英語碩士學位學程；國際經營與貿易學系；國際貿易學系；媒體傳達設計學系；家庭研究與兒童發展學系；家庭研究與兒童發展學系家庭諮商與輔導碩士班；家庭研究與兒童發展學系心理分析碩士在職專班；家庭研究與兒童發展學系高齡家庭服務事業碩士在職專班；工業產品設計學系；建築職人學士學位學程；建築設計學系；應用中文學系；應用外語學系；應用日文學系；應用英語學系；數位多媒體遊戲設計學系；時尚設計學系；智慧服務管理英語學士學位學程；會計學系；會計暨稅務學系；服裝設計學系；服飾設計與經營學系；東南亞智慧商務學士學位學程；法律學系；社會工作學系；管理學院創意產業博士班；行銷管理學系；視覺特效學士學位學程；觀光管理學系；財務金融學系；資訊科技與管理學系；資訊科技與通訊學系；資訊管理學系；金融管理學系；電腦動畫學士學位學程；音樂學系；風險管理與保險學系；食品營養與保健生技學系；餐飲管理學系；餐飲管理學系餐飲產業創新碩士班,AUTO_MATCHED,,,https://stats.moe.gov.tw/files/opendata/students.csv
實踐大學,主任：謝詠絮,yxhsieh@g2.usc.edu.tw,49,服裝設計學系,852,852,服裝設計學系=43；服裝設計學系=551；服裝設計學系=17；服裝設計學系=241,企業管理學系；休閒產業管理學系；國際企業管理學系；國際企業英語學士學位學程；國際企業英語碩士學位學程；國際經營與貿易學系；國際貿易學系；媒體傳達設計學系；家庭研究與兒童發展學系；家庭研究與兒童發展學系家庭諮商與輔導碩士班；家庭研究與兒童發展學系心理分析碩士在職專班；家庭研究與兒童發展學系高齡家庭服務事業碩士在職專班；工業產品設計學系；建築職人學士學位學程；建築設計學系；應用中文學系；應用外語學系；應用日文學系；應用英語學系；數位多媒體遊戲設計學系；時尚設計學系；智慧服務管理英語學士學位學程；會計學系；會計暨稅務學系；服裝設計學系；服飾設計與經營學系；東南亞智慧商務學士學位學程；法律學系；社會工作學系；管理學院創意產業博士班；行銷管理學系；視覺特效學士學位學程；觀光管理學系；財務金融學系；資訊科技與管理學系；資訊科技與通訊學系；資訊管理學系；金融管理學系；電腦動畫學士學位學程；音樂學系；風險管理與保險學系；食品營養與保健生技學系；餐飲管理學系；餐飲管理學系餐飲產業創新碩士班,AUTO_MATCHED,,,https://stats.moe.gov.tw/files/opendata/students.csv
實踐大學,代理主任：黃崇信,leohuang@g2.usc.edu.tw,50,服飾設計與經營學系,272,272,服飾設計與經營學系=268；服飾設計與經營學系=4,企業管理學系；休閒產業管理學系；國際企業管理學系；國際企業英語學士學位學程；國際企業英語碩士學位學程；國際經營與貿易學系；國際貿易學系；媒體傳達設計學系；家庭研究與兒童發展學系；家庭研究與兒童發展學系家庭諮商與輔導碩士班；家庭研究與兒童發展學系心理分析碩士在職專班；家庭研究與兒童發展學系高齡家庭服務事業碩士在職專班；工業產品設計學系；建築職人學士學位學程；建築設計學系；應用中文學系；應用外語學系；應用日文學系；應用英語學系；數位多媒體遊戲設計學系；時尚設計學系；智慧服務管理英語學士學位學程；會計學系；會計暨稅務學系；服裝設計學系；服飾設計與經營學系；東南亞智慧商務學士學位學程；法律學系；社會工作學系；管理學院創意產業博士班；行銷管理學系；視覺特效學士學位學程；觀光管理學系；財務金融學系；資訊科技與管理學系；資訊科技與通訊學系；資訊管理學系；金融管理學系；電腦動畫學士學位學程；音樂學系；風險管理與保險學系；食品營養與保健生技學系；餐飲管理學系；餐飲管理學系餐飲產業創新碩士班,AUTO_MATCHED,,,https://stats.moe.gov.tw/files/opendata/students.csv
嶺東科技大學,主任：黃俊雄,ltudcd@teamail.ltu.edu.tw,53,數位媒體設計系,916,916,數位媒體設計系=727；數位媒體設計系=168；數位媒體設計系碩士班=21,企業管理系；企業管理系_現役軍人營區在職專班；企業管理系碩士在職專班；企業管理系碩士班；企業管理系高階經營管理碩士在職專班(EMBA)；創意產品設計系；創意產品設計系碩士班；動漫遊戲美術應用學士學位學程；國際企業系；國際企業系碩士在職專班；國際企業系碩士班；幼兒保育系；應用外語系；數位媒體設計系；數位媒體設計系碩士班；時尚經營系；智慧製造科技系；會計資訊系；會計資訊系碩士班；服飾設計系；流行設計系；流行設計系_國際學生產學合作專班；流行設計系原住民專班；流行設計系碩士班；行銷與流通管理系；行銷與流通管理系碩士班；視覺傳達設計系；視覺傳達設計系碩士班；觀光與休閒管理系；觀光與休閒管理系_國際學生產學合作專班；觀光與休閒管理系碩士班；財務金融系；財務金融系_現役軍人營區在職專班；財務金融系原住民專班；財務金融系碩士在職專班；財務金融系碩士班；資訊科技系；資訊科技系碩士班；資訊管理系；資訊管理系碩士班,AUTO_MATCHED,,,https://stats.moe.gov.tw/files/opendata/students.csv
嶺東科技大學,主任：符逸群,ltu3830@teamail.ltu.edu.tw,54,視覺傳達設計系,709,709,視覺傳達設計系=597；視覺傳達設計系=89；視覺傳達設計系碩士班=23,企業管理系；企業管理系_現役軍人營區在職專班；企業管理系碩士在職專班；企業管理系碩士班；企業管理系高階經營管理碩士在職專班(EMBA)；創意產品設計系；創意產品設計系碩士班；動漫遊戲美術應用學士學位學程；國際企業系；國際企業系碩士在職專班；國際企業系碩士班；幼兒保育系；應用外語系；數位媒體設計系；數位媒體設計系碩士班；時尚經營系；智慧製造科技系；會計資訊系；會計資訊系碩士班；服飾設計系；流行設計系；流行設計系_國際學生產學合作專班；流行設計系原住民專班；流行設計系碩士班；行銷與流通管理系；行銷與流通管理系碩士班；視覺傳達設計系；視覺傳達設計系碩士班；觀光與休閒管理系；觀光與休閒管理系_國際學生產學合作專班；觀光與休閒管理系碩士班；財務金融系；財務金融系_現役軍人營區在職專班；財務金融系原住民專班；財務金融系碩士在職專班；財務金融系碩士班；資訊科技系；資訊科技系碩士班；資訊管理系；資訊管理系碩士班,AUTO_MATCHED,,,https://stats.moe.gov.tw/files/opendata/students.csv
明新學校財團法人明新科技大學,主任：曾俊霖,flysun@must.edu.tw,55,多媒體與遊戲發展系,288,288,多媒體與遊戲發展系=203；多媒體與遊戲發展系=85,企業管理系；企業管理系_現役軍人營區在職專班；企業管理系原住民管理碩士在職專班；企業管理系管理碩士在職專班；企業管理系管理碩士班；休閒事業管理系；休閒事業管理系_僑生休閒管理專班；半導體工程與材料系；半導體工程與材料系碩士在職專班；半導體工程與材料系碩士班；半導體科技博士學位學程；半導體與光電科技系；半導體與光電科技系_光電科技產業僑生專班；半導體與光電科技系_國際學生產學合作專班；半導體與光電科技系_國際專修部；半導體與光電科技系_新型專班；半導體與光電科技系_資訊科技產業僑生專班；半導體與光電科技系碩士班；國際商務外語系；國際商務外語系_現役軍人營區在職專班；土木工程與環境資源管理系；土木工程與環境資源管理系_國際學生產學合作專班；土木工程與環境資源管理系_建築營造專班；土木工程與環境資源管理系_新型專班；土木工程與環境資源管理系_海事工程專班；土木工程與環境資源管理系碩士在職專班；土木工程與環境資源管理系碩士班；多媒體與遊戲發展系；工業工程與管理科；工業工程與管理系；工業工程與管理系_國際學生產學合作國際專班；工業工程與管理系_現役軍人營區在職專班；工業工程與管理系_產學攜手僑生專班；工業工程與管理系碩士在職專班；工業工程與管理系碩士班；幼兒保育系；幼兒保育系原住民專班；幼兒保育系碩士班；應用材料科技系_國際學生產學合作專班；應用材料科技系_國際專修部；應用材料科技系_新型專班；旅館管理與廚藝創意系；旅館管理與廚藝創意系_僑生餐飲管理專班；旅館管理與廚藝創意系_國際專修部；時尚造型與設計系；樂齡服務產業管理系；樂齡服務產業管理系原住民專班；樂齡服務產業管理系服務產業管理碩士班；機械工程系；機械工程系_國際學生產學合作專班；機械工程系_製造科技實務專班；機械工程系精密機電工程碩士在職專班；機械工程系精密機電工程碩士班；行銷與流通管理系；行銷與流通管理系_國際專修部；行銷與流通管理系_現役軍人營區在職專班；行銷與流通管理系_產學攜手僑生專班；財務金融系；資訊工程系；資訊工程系_國際學生產學合作專班；資訊管理科；資訊管理系；資訊管理系_現役軍人營區在職專班；資訊管理系碩士班；運動事業管理系；電子工程科；電子工程系；電子工程系_國際學生產學合作國際專班；電子工程系_現役軍人營區在職專班；電子工程系_產學攜手僑生專班；電子工程系_電子工程半導體產業僑生菁英專班；電子工程系碩士在職專班；電子工程系碩士班；電機工程系；電機工程系_國際學生產學合作專班；電機工程系碩士在職專班；電機工程系碩士班；風力發電學士學位學程,AUTO_MATCHED,,,https://stats.moe.gov.tw/files/opendata/students.csv
朝陽科技大學,主任：陳崑鋒,visual@cyut.edu.tw,56|57,視覺傳達設計系；視覺傳達設計系香港二技專班,571,571,視覺傳達設計系=519；視覺傳達設計系=35；視覺傳達設計系_香港二技專班=1；視覺傳達設計系碩士班=16,企業管理系；企業管理系台灣產業策略發展博士班；企業管理系碩士在職專班；企業管理系碩士班；企業管理系高階產業經營碩士在職專班；休閒事業管理系；休閒事業管理系_國際學生產學合作專班；休閒事業管理系碩士在職專班；休閒事業管理系碩士班；保險金融管理系；保險金融管理系碩士在職專班；保險金融管理系碩士班；傳播藝術系；傳播藝術系_香港二技專班；工業工程與管理系；工業工程與管理系_國際學生產學合作專班；工業工程與管理系_國際專修部；工業工程與管理系碩士班；工業設計系；工業設計系碩士班；幼兒保育系；幼兒保育系碩士在職專班；幼兒保育系碩士班；建築系；建築系建築及都市設計博士班；建築系建築及都市設計碩士班；應用化學系；應用化學系_國際學生產學合作專班；應用化學系生化科技博士班；應用化學系碩士在職專班；應用化學系碩士班；應用英語系；應用英語系碩士班；景觀及都市設計系；景觀及都市設計系碩士班；會計系；會計系碩士班；營建工程系；營建工程系_國際產業人才教育專班；營建工程系博士班；營建工程系碩士班；環境工程與管理系；環境工程與管理系_國際產業人才教育專班；環境工程與管理系碩士班；社會工作系；社會工作系碩士在職專班；社會工作系碩士班；航空機械系；航空科技研究所；航空運務系；行銷與流通管理系；行銷與流通管理系_國際學生產學合作專班；行銷與流通管理系_國際專修部；行銷與流通管理系碩士班；視覺傳達設計系；視覺傳達設計系_香港二技專班；視覺傳達設計系碩士班；財務金融系；財務金融系碩士在職專班；財務金融系碩士班；資訊工程系；資訊工程系_國際產業人才教育專班；資訊工程系碩士班；資訊管理系；資訊管理系博士班；資訊管理系碩士在職專班；資訊管理系碩士班；資訊與通訊系；資訊與通訊系_國際產業人才教育專班；資訊與通訊系碩士班；銀髮產業管理系；銀髮產業管理系碩士班；飛行與民航人員技術系,AUTO_MATCHED,,,https://stats.moe.gov.tw/files/opendata/students.csv
東南科技大學,主任：劉懿瑾,liu0129@mail.tnu.edu.tw,58,室內設計系（含室內裝修學程國際學生產學合作專班）,278,278,室內設計系=203；室內設計系_室內裝修學程國際學生產學合作專班=75,休閒事業管理系；休閒事業管理系_休閒餐飲產學攜手僑生專班；創意產品設計系；創意產品設計系_外國學生專班；室內設計系；室內設計系_室內裝修學程國際學生產學合作專班；應用英語系；數位媒體設計系；數位遊戲設計系；機械工程系；機械工程系_國際專修部；機械工程系_機械製造學程國際學生產學合作專班；機械工程系_精密機械學程國際學生產學合作專班；機械工程系碩士在職專班；機械工程系碩士班；營建科技與防災研究所；產業經營管理研究所；能源與冷凍空調工程系；表演藝術系；觀光系；電子工程系；電子工程系_智慧物聯網學程國際學生產學合作專班；電子工程系_智慧生活科技應用學程產學合作國際專班；電機工程系；電機工程系_國際專修部；電機工程系_智慧自動化科技應用學程國際學生產學合作專班；電機工程系_產學攜手僑生專班；餐旅管理系；餐旅管理系_國際專修部；餐旅管理系_產學攜手僑生專班；餐旅管理系_餐旅服務學程產學合作國際專班,AUTO_MATCHED,,,https://stats.moe.gov.tw/files/opendata/students.csv
樹德科技大學,主任：汪碧芬,pfwang@stu.edu.tw,59,室內設計系,262,262,室內設計系=187；室內設計系=42；室內設計系建築與室內設計碩士在職專班=25；室內設計系建築與室內設計碩士班=8,人類性學研究所；人類性學研究所_境外專班；企業管理科；企業管理系；企業管理系_現役軍人營區在職專班；企業管理系經營管理碩士在職專班；企業管理系經營管理碩士班；休閒與觀光管理科；休閒與觀光管理系；休閒與觀光管理系_國際專修部；休閒遊憩與運動管理系；兒童與家庭服務系；兒童與家庭服務系碩士在職專班；兒童與家庭服務系碩士班；動畫與遊戲設計科；動畫與遊戲設計系；室內設計系；室內設計系建築與室內設計碩士在職專班；室內設計系建築與室內設計碩士班；應用外語系；會展管理與貿易行銷碩士在職學位學程；會展行銷與活動管理系；流行設計科；流行設計系；流行設計系_美髮美容設計專班；流通管理科；流通管理系；流通管理系_現役軍人營區在職專班；生活產品設計系；生活產品設計系碩士在職專班；社會工作系；美髮設計與經營系；藝術管理與藝術經紀系；行銷管理科；行銷管理系；行銷管理系_國際專修部；行銷管理系_現役軍人營區在職專班；表演藝術系；視覺傳達設計系；設計創新與經營研究所；資訊工程系；資訊工程系_國際學生產學合作專班；資訊工程系_國際專修部；資訊工程系碩士班；資訊工程系資訊技術與管理數位學習碩士在職專班；資訊管理系；資訊管理系_國際學生產學合作專班；資訊管理系_國際專修部；資訊管理系碩士在職專班；資訊管理系碩士班；金融管理科；金融管理系；金融管理系碩士在職專班；金融管理系碩士班；電子競技與電腦娛樂科學系；電腦與通訊系；電腦與通訊系_國際學生產學合作專班；電腦與通訊系_國際專修部；電腦與通訊系碩士班；餐旅與烘焙管理系；餐旅與烘焙管理系_國際專修部；餐旅與烘焙管理系_產學攜手專班,AUTO_MATCHED,,,https://stats.moe.gov.tw/files/opendata/students.csv
正修學校財團法人正修科技大學,主任：殷聖楷,digital@gcloud.csu.edu.tw,60,數位多媒體設計系,432,432,數位多媒體設計系=304；數位多媒體設計系=128,企業管理科；企業管理系；企業管理系_現役軍人營區在職專班；企業管理系經營管理碩士在職專班；企業管理系經營管理碩士班；休閒與運動管理科；休閒與運動管理系；休閒與運動管理系_休閒餐旅產業僑生專班；休閒與運動管理系_外國學生專班；休閒與運動管理系碩士在職專班；休閒與運動管理系碩士班；化妝品與時尚彩妝系；化妝品與時尚彩妝系碩士班；國際企業系；土木工程科；土木與空間資訊系；土木與空間資訊系_土木工程施工實務；土木與空間資訊系_工程識圖與施工實務專班；土木與空間資訊系_營建工程施工技術碩士學位學程；土木與空間資訊系營建工程碩士班；室內設計科；工業工程與管理系；工業工程與管理系_先進品質管理(工業工程與管理實務)；工業工程與管理系_國際專修部；工業工程與管理系_外國學生專班；工業工程與管理系_新能源與減碳技術管理碩士學位學程；工業工程與管理系_機械工程專班；工業工程與管理系_現役軍人營區在職專班；工業工程與管理系碩士班；幼兒保育系；幼兒保育系碩士班；建築科；建築與室內設計系；應用外語科；應用外語系；應用外語系_現役軍人營區在職專班；數位多媒體設計系；機械工程科；機械工程系；機械工程系_國際專修部；機械工程系_機電產業僑生專班；機械工程系_現役軍人營區在職專班；機械工程系_精密設計製造專班；機械工程系_重點產業系所招生；機械工程系_電子產業設備人才僑生專班；機械工程系機電工程博士班；機械工程系機電工程碩士班；環境毒物與新興污染物研究所；環境毒物與新興污染物研究所_重點產業系所招生；視覺傳達設計系；視覺傳達設計系文創設計與藝術保存碩士班；觀光遊憩系；觀光遊憩系_觀光餐旅產業僑生專班；護理系；資訊工程系；資訊工程系_資電產業僑生專班；資訊工程系碩士班；資訊管理系；資訊管理系_現役軍人營區在職專班；資訊管理系碩士在職專班；資訊管理系碩士班；金融管理系；金融管理系碩士班；長期照護與健康管理系；電子工程系；電子工程系_國際專修部；電子工程系_年輕移工在職進修專班；電子工程系_設備工程專班；電子工程系_電子產業僑生專班；電子工程系碩士班；電機工程科；電機工程系；電機工程系_國際專修部；電機工程系_現役軍人營區在職專班；電機工程系_電機產業僑生專班；電機工程系碩士班；電競科技系；電競科技系_電資科技應用產業僑生專班；餐飲管理科；餐飲管理系；餐飲管理系_烘焙餐飲產業僑生專班；餐飲管理系_餐飲產業僑生專班,AUTO_MATCHED,,,https://stats.moe.gov.tw/files/opendata/students.csv
國立臺東大學,主任：張嘉玲,idit007@gmail.com,61,數位媒體與文教產業學系,197,206,數位媒體與文教產業學系=9；數位媒體與文教產業學系=163；數位媒體與文教產業學系=34,人文學院南島文化研究博士班；兒童文學研究所；全校不分系學士學位學程；公共與文化事務學系；公共與文化事務學系區域發展與社會創新碩士班；公共與文化事務學系南島文化研究碩士班；公共與文化事務學系社會工作二年制在職專班；國語文補救教學碩士在職專班；大數據管理應用學士二年制在職學位學程；師範學院休閒事業管理碩士在職專班；幼兒教育學系；幼兒教育學系原住民專班；幼兒教育學系幼兒教育學士後學位學程教保員專班；幼兒教育學系碩士在職專班(暑期班)；應用數學系；應用科學系；教育學系；教育學系教育研究博士班；教育學系教育研究碩士班；教育學系教育行政碩士在職專班(夜間班)；教育學系課程與教學碩士在職專班；教育學系課程與教學碩士班；數位媒體與文教產業學系；文化資源與休閒產業學系；文化資源與休閒產業學系產業經營進修學士班；特殊教育學系；理工學院應用科學與生物技術博士班；生命科學系；生物醫學碩士學位學程；競技與運動科學學系；綠能與資訊科技學系；綠能與資訊科技碩士學位學程；綠色產業高階管理碩士在職專班；綠色與資訊科技學士學位學程；美術產業學系；英美語文學系；華語文學系；資訊工程學系；資訊管理學系；資訊管理學系環境經濟資訊管理碩士在職專班(暑期班)；資訊管理學系產業管理與數位行銷進修學士班；身心整合與運動休閒產業學系；運動競技學士學位學程；音樂學系；食品生物技術應用二年制在職學位學程；體育學系；高齡健康與照護管理二年制在職學位學程；高齡健康與照護管理原住民專班,AUTO_MATCHED,,,https://stats.moe.gov.tw/files/opendata/students.csv
國立臺南藝術大學,所長：陳齊慧,em3158@tnnua.edu.tw,62,動畫藝術與影像美學研究所,86,86,動畫藝術與影像美學研究所=86,中國音樂學系；元宇宙學院碩士班；動畫藝術與影像美學研究所；博物館學與古物維護研究所；建築藝術研究所；應用藝術研究所；應用音樂學系；材質創作與設計系；民族音樂學研究所；聲響科技研究所；藝術創作理論研究所；藝術史學系；藝術史學系藝術史評與古物研究博士班；藝術史學系藝術史評與古物研究碩士班；造形藝術研究所；鋼琴合作藝術研究所；音像紀錄研究所；音樂學系；音樂學院應用音樂學博士班；高階藝術管理碩士在職學位學程,AUTO_MATCHED,,,https://stats.moe.gov.tw/files/opendata/students.csv
國立臺灣體育運動大學,主任：馬鈺龍,pony8110@ntus.edu.tw,63,運動資訊與傳播學系,210,210,運動資訊與傳播學系=14；運動資訊與傳播學系=196,休閒運動學系；休閒運動管理碩士在職學位學程；技擊運動學系；球類運動學系；競技運動學系；舞蹈學系；運動事業管理學系；運動事業管理學系東南亞博士班；運動健康科學學系；運動健康科學學系碩士班在職學位學程；運動資訊與傳播學系；體育學系,AUTO_MATCHED,,,https://stats.moe.gov.tw/files/opendata/students.csv
國立臺北商業大學,主任：胡秀玲,slinghu@ntub.edu.tw,64,數位多媒體設計系,370,370,數位多媒體設計系=184；數位多媒體設計系=186,企業管理科；企業管理系；企業管理系EMBA在職專班；企業管理系_不動產經營與行銷管理產業碩士專班；企業管理系_企業永續經營與管理產業碩士專班；企業管理系_元宇宙商業模式與經營管理產業碩士專班；企業管理系_半導體帶線管理育成旺宏專班；企業管理系_多層次傳銷事業經營與管理產業碩士專班；企業管理系碩士班；創意科技與產品設計系；創意設計與經營研究所；創意設計與經營研究所_創新設計與品牌經營產業碩士專班；創意設計與經營研究所_創新設計與品牌行銷產業碩士專班；品牌設計與創新經營在職碩士原住民專班；商業設計管理系；商業設計管理系_工商管理專班；國際商務系；國際商務系_文創產業國際行銷經營管理產業碩士專班；國際商務系_跨境電商行銷與經營管理產業碩士專班；國際商務系碩士班；國際貿易科；應用外語科；應用外語系；數位多媒體設計系；會計與資料科學科；會計資訊系；會計資訊系_ESG與數位碳管理產業碩士專班；會計資訊系_多元培力專班；會計資訊系_會計產業實務專班；會計資訊系_會計稅務實務產業碩士專班；會計資訊系碩士班；財務金融科；財務金融系；財務金融系碩士班；財務金融系金融科技創新服務碩士在職專班；財政稅務科；財政稅務系；財政稅務系_稅務與法律產業碩士專班；財政稅務系碩士在職專班；財政稅務系碩士班；財經學院_高階國際商業創新經營管理碩士在職專班；財經學院博士班；貿易實務法律暨談判碩士學位學程；資訊管理科；資訊管理系；資訊管理系_人工智慧科技應用學士後專班；資訊管理系_人工智慧與商業應用國際碩士專班；資訊管理系_商業科技領航專班；資訊管理系人工智慧與商業應用碩士班；資訊與決策科學研究所,AUTO_MATCHED,,,https://stats.moe.gov.tw/files/opendata/students.csv
中原大學,主任：陳靜宜,jingyi@cycu.edu.tw,65,商業設計學系,391,419,商業設計學系=25；商業設計學系=366；商業設計學系=28,中原大學美國威大密爾瓦基分校電機與資訊工程雙學士學位學程；中原大學與美國天普大學商學管理雙學士學位學程；人文與教育學院學士學位學程；企業管理學系；企業管理學系碩士在職現役軍人營區專班；全校外籍生大一不分系學士學位學程；化學工程學系；化學系；半導體材料與光電檢測碩士學位學程；商學博士學位學程；商業設計學系；國際商學學士學位學程；國際商學碩士學位學程；國際經營與貿易學系；土木工程學系；地景建築學系；宗教研究所；室內設計學系；工業與系統工程學系；工業與系統工程學系國際碩士班；工業與系統工程學系碩士專班；建築學系；心理學系；應用外國語文學系；應用數學系；應用華語文學系；教育研究所；智慧運算與大數據碩士學位學程；會計學系；機械工程學系；淨零循環經濟學士後專班；物理學系；特殊教育學系；理學院半導體人才培育碩士專班；環境工程學系；生物科技學系；生物醫學工程學系；英國牛津布魯克斯大學建築及都市設計雙學士學位學程；設計學博士學位學程；設計學院設計學士原住民專班；財務金融學系；財經法律學系；財經法律學系五年制；資訊工程學系；資訊工程學系資訊安全與科技犯罪偵查碩士在職專班；資訊管理學系；資訊管理學系碩士在職現役軍人營區專班；電子工程學系；電機工程學系；電機工程學系國際碩士班；電機資訊學院人工智慧應用學士學位學程；電機資訊學院學士班；電機資訊學院智慧運算與大數據學士班；音樂產業碩士學位學程,AUTO_MATCHED,,,https://stats.moe.gov.tw/files/opendata/students.csv
中國文化大學,主任：侯皓之,hhz3@faculty.pccu.edu.tw,66,數位媒體學士學位學程,45,45,數位媒體學士學位學程=45,ESG與碳資產管理學士後專班；不分系招生；中國戲劇學系；中國文學系；休閒事業管理學士學位學程；保健營養學系；光電物理學系；全球品牌與行銷碩士在職學位學程；全球商務學士學位學程；全球商務碩士學位學程；動物科學系；勞動暨人力資源學系；化學工程與材料工程學系；化學系；化學系應用化學碩士班；史學系；哲學系；商學院企業實務管理數位碩士在職專班；國家發展與中國大陸研究所；國際企業ESG產業碩士專班；國際企業管理學系；國際貿易學系；園藝暨生物技術學系；土地資源學系；地學研究所；地理學系；大氣與地質科學系；大眾傳播學系；廣告事業管理進修學士學位學程；廣告學系；建築及都市設計學系；建築及都市設計學系室內設計二年制在職專班；德國語文學系；心理輔導學系；應用數學系；戲劇學系；技擊運動暨國術學系；政治學系；教育與學習科技學系；數位媒體學士學位學程；新聞學系；日本語文學系；時尚與創意產業品牌建構及經營進修學士學位學程；景觀學系；會計學系；森林暨自然保育學系；機械工程學系；機械工程學系數位機電碩士班；歐美語文學系；法律學系；生命科學系；生活應用科學系；生物科技研究所；社會企業管理碩士在職學位學程；社會福利學系；社會福利學系社會工作學士後多元專長培力課程專班；社會科學院澳門境外碩士在職專班；科技藝術碩士學位學程；紡織產業碩士專班；紡織科技創新與應用工程學系；經濟學系；美術學系；舞蹈學系；航空管理碩士學位學程；華語文教學碩士學位學程；行政管理學系；行政管理學系ESG永續管理學士後專班；行銷學士學位學程；行銷碩士學位學程；表演藝術管理進修學士學位學程；觀光事業學系；觀光事業學系觀光休閒事業碩士在職專班；財務金融學系；資訊傳播學系；資訊工程學系；資訊管理學系；運動與健康促進學系；都市計劃與開發管理學系；電子商務碩士學位學程；電機工程學系；青少年兒童福利碩士學位學程；韓國語文學系；音樂學系；體育學系；體育學系運動教練博士班；體育學系運動教練碩士班；體育運動健康學院不分系學士班,AUTO_MATCHED,,,https://stats.moe.gov.tw/files/opendata/students.csv
大葉大學,主任：蔡渙良,michael@mail.dyu.edu.tw,67,多媒體數位內容學士學位學程,282,282,多媒體數位內容學士學位學程=282,人力資源暨公共關係學系；企業管理學系；傳播藝術學士學位學程；傳播藝術學士學位學程表演藝術原住民專班；半導體學士學位學程；商業經營國際碩士學位學程；國際企業管理學系；多媒體數位內容學士學位學程；學士後護理學系；建築研究所；應用日語學系；教育專業發展研究所；智慧財產權碩士在職學位學程；會計與資訊管理學系；機械與自動化工程學系；消防安全學士學位學程；烘焙暨飲料調製學士學位學程；環境與安全工程學系；生物科技與產業博士學位學程；生物資源學系；生物醫學系；空間設計學系；管理學院博士班；管理學院碩士在職專班；職能治療學系；英語學系；藥用植物與食品保健學系；視光學系；觀光休閒學系；設計學系；設計暨藝術學院教師碩士在職專班；設計暨藝術學院碩士在職專班；設計暨藝術學院碩士班；護理學系；財務金融學系；財務金融學系114秋季班財富管理專班；資訊工程學系；造形藝術學系；運動健康管理學系；醫學工程學系；醫療器材設計與材料碩士學位學程；電機工程學系；餐旅管理學系,AUTO_MATCHED,,,https://stats.moe.gov.tw/files/opendata/students.csv
華梵學校財團法人華梵大學,代理主任：沈昭良,liang314@ms35.hinet.net,68,攝影與VR設計學系,117,117,攝影與VR設計學系=17；攝影與VR設計學系=94；攝影與VR設計學系=6,佛教藝術學系；攝影與VR設計學系；智慧生活科技學系；智慧生活科技學系大數據與管理碩士在職專班；智慧生活科技學系大數據與管理碩士班；智慧生活科技學系智慧產品開發碩士在職專班；智慧生活科技學系智慧產品開發碩士班；智慧生活設計學系；智慧生活設計學系空間設計碩士在職專班；智慧生活設計學系空間設計碩士班；東方人文思想研究所；機電工程學系；美術與文創學系；資訊管理學系,AUTO_MATCHED,,,https://stats.moe.gov.tw/files/opendata/students.csv
義守大學,主任：何孟穎,hh66yin@isu.edu.tw,69|129,視覺藝術與設計學系；創意整合設計學系,86,86,創意整合設計學系=73；視覺藝術與設計學系=13,企業管理學系；企業管理學系進修學士現役軍人營區專班；健康管理學系；傳播與設計學院原住民專班；傳播與設計學院文創傳播與設計碩士班；公共政策與管理學系；公共政策與管理學系碩士在職現役軍人營區專班；創意整合設計學系；化學工程學系；化學工程學系生物技術與化學工程博士班；化學工程學系生物技術與化學工程碩士班；半導體學士學位學程；國際企業經營學系；國際企業經營英語學士學位學程；國際傳媒與娛樂管理學系；國際傳媒與娛樂管理英語學士學位學程；國際商務學系；國際學院國際管理碩士班；國際溝通暨應用英語學系；國際觀光餐旅學系；國際財務金融學系；土木工程學系；大眾傳播學系；學士後中醫學系；學士後護理學系；學士後醫學系外國學生專班；工學院工程科技碩士班；工業管理學系；工業管理學系碩士在職現役軍人營區專班；工業管理學系進修學士現役軍人營區專班；廚藝暨美食學學系；應用日語學系；新媒體設計學系；智慧科技英語學士學位學程；智慧網路科技學系；智慧觀光餐旅管理英語學士學位學程；智慧醫療暨生物資訊碩士學位學程；會計學系；材料科學與工程學系；機械與自動化工程學系；營養學系；物理治療學系；生物醫學工程學系；管理學院管理博士班；管理學院管理碩士在職專班；管理學院進修學士班；職能治療學系；視覺藝術與設計學系；觀光智慧服務與科技學系；觀光餐旅學院原住民專班；護理學系；護理學系原住民專班；財務與商業分析英語學士學位學程；財務金融管理學系；財務金融管理學系進修學士現役軍人營區專班；資料科學與大數據分析學系；資訊工程學系；資訊管理學系；資訊管理學系碩士在職現役軍人營區專班；資訊管理學系進修學士現役軍人營區專班；運動科技與休閒管理學系；醫務管理學系；醫學影像暨放射科學系；醫學檢驗技術學系；醫學研究所；醫學科學與生物科技學系；醫學系(公費生)；電子工程學系；電影與電視學系；電機工程學系；電機工程學系113春季班設備工程專班；電機工程學系114秋季班設備工程專班；電機工程學系學士後二年制設備工程專班；餐旅管理學系,AUTO_MATCHED,,,https://stats.moe.gov.tw/files/opendata/students.csv
銘傳大學,主任：余淑吟,syiyu@mail.mcu.edu.tw,70,商業設計學系,449,449,商業設計學系=437；商業設計學系設計創作與研究碩士班=12,人工智慧應用學系；企業管理學系；休閒遊憩管理學系；休閒遊憩管理學系永續戶外冒探險活動專班；公共事務與行政管理學系；半導體應用學士學位學程；商品設計學系；商品設計學系創新設計與管理碩士班；商業設計學系；商業設計學系設計創作與研究碩士班；國防行政管理進修學士學位學程；國際事務碩士學位學程(外國學生專班)；國際事務與外交學士學位學程；國際企業學系；國際企業與貿易學士學位學程；國際學院工商管理學士學位學程泰國境外專班；廣告暨策略行銷學系；廣告暨策略行銷學系全媒體行銷與電子商務專班；廣播電視學系；建築學系；影音新聞暨社群傳播學系；應用中文與華語文教學系；應用日語學系；應用統計與資料科學學系；應用英語學系；教育研究所；數位媒體設計學系；新媒體暨傳播管理學系；新媒體暨傳播管理學系碩士在職專班馬來西亞境外專班；新聞與大眾傳播學士學位學程；旅遊與觀光學士學位學程；時尚與創新管理學士學位學程；會計學系；法律學系；犯罪防治學系；犯罪防治學系兩岸與犯罪防治碩士在職專班；生物科技學系；生物科技學系生技產業專班；生物醫學工程學系；華語文教學碩士學位學程；觀光事業學系；觀光事業學系智慧旅遊與觀光傳播專班；觀光事業學系現役軍人營區碩士在職專班；諮商臨床與工商心理學系；諮商臨床與工商心理學系現役軍人營區碩士在職專班；財務金融學系；財金法律學系；資訊工程學系；資訊工程學系智慧物聯網技術專班；資訊應用與金融保險學系；資訊科技應用與管理學士學位學程；資訊管理學系；都市設計與永續發展學系；都市設計與永續發展學系永續規劃與城市經營學程專班；醫療資訊與管理學系；醫療資訊與管理學系健康產業管理碩士班；金融學系；金融科技應用學士學位學程；金融科技應用學系；金融科技碩士學位學程；電機工程學系；餐旅管理學系；餐旅管理學系餐旅產業服務學程專班；高階經理碩士在職學位學程,AUTO_MATCHED,,,https://stats.moe.gov.tw/files/opendata/students.csv
崑山科技大學,主任：曹源峰,t093000567@g.ksu.edu.tw,71,視訊傳播設計系,381,381,視訊傳播設計系=325；視訊傳播設計系=33；視訊傳播設計系_香港二技專班=1；視訊傳播設計系媒體藝術碩士班=22,企業管理系；企業管理系_製造業提昇廠務管理效能產業國際學生產學合作專班；企業管理系_連鎖業經營管理產業碩士專班；企業管理系_餐飲業經營管理僑生技職專班；企業管理系碩士在職專班；企業管理系碩士班；休閒遊憩與運動管理系；先進應用材料工程系；先進應用材料工程系_材料加工檢測國際學生產學合作專班；公共關係暨廣告系；幼兒保育系；房地產開發與管理系；房地產開發與管理系碩士在職專班；房地產開發與管理系碩士班；旅遊事業管理系；旅遊事業管理系_旅遊文化僑生專班；時尚展演事業學士學位學程_時尚展演事業僑生專班；時尚展演事業系；時尚展演事業系_時尚造型暨服飾設計國際學生產學合作專班；智慧機器人工程系；智慧機器人工程系_智慧製造國際學生產學合作專班；智慧機器人工程系碩士在職專班；智慧機器人工程系碩士班；材料工程系_紡織材料加工國際學生產學合作專班；樂齡生活產業管理學士學位學程；樂齡生活產業管理進修學士學位學程；機械工程系；機械工程系_先進製造國際產業碩士專班；機械工程系_國際學生產學合作專班；機械工程系_國際專修部；機械工程系_外國學生專班；機械工程系_智慧製造國際產業人才教育專班；機械工程系_機電整合製造國際產業人才教育專班；機械工程系_設備工程師國際產業人才教育專班；機械工程系_設備工程師專班；機械工程系機械與能源工程博士班；機械工程系碩士在職專班；機械工程系碩士班；環境工程系；環境工程系_環工機電國際學生產學合作專班；環境工程系_綠能科技專班；環境工程系碩士在職專班；環境工程系碩士班；空間設計系；空間設計系環境設計碩士班；視覺傳達設計系；視覺傳達設計系碩士在職專班；視覺傳達設計系碩士班；視訊傳播設計系；視訊傳播設計系_香港二技專班；視訊傳播設計系媒體藝術碩士班；資訊傳播系；資訊傳播系_電子商務與產品供應鏈E化國際學生產學合作專班；資訊工程系；資訊工程系_資訊與自動化國際學生產學合作專班；資訊工程系_資電科技應用僑生專班；資訊工程系碩士班；資訊管理系；資訊管理系_製造資訊僑生專班；資訊管理系_電子商務僑生專班；資訊管理系碩士在職專班；資訊管理系碩士班；金融管理系；雲端商務管理數位學習碩士在職專班；電動車暨智慧電子工程系；電動車暨智慧電子工程系_國際專修部；電動車暨智慧電子工程系碩士班；電子工程系_國際專修部；電子工程系_國際機電自動化工程與管理碩士學程外國學生專班；電子工程系_智慧電子應用實務專班；電子工程系_機電整合僑生專班；電機工程系；電機工程系_半導體工程碩士專班；電機工程系_國際學生產學合作專班；電機工程系_國際專修部；電機工程系_機電整合工程碩士專班；電機工程系_自動化工程師專班；電機工程系_電機國際產業人才教育專班；電機工程系碩士在職專班；電機工程系碩士班；電腦與遊戲發展科學學士學位學程；餐飲管理及廚藝系；餐飲管理及廚藝系_國際專修部；餐飲管理及廚藝系_餐飲管理及廚藝僑生產學專班,AUTO_MATCHED,,,https://stats.moe.gov.tw/files/opendata/students.csv
崑山科技大學,主任：邱國峻,t093000366@g.ksu.edu.tw,72,視覺傳達設計系,302,322,視覺傳達設計系=272；視覺傳達設計系=20；視覺傳達設計系碩士在職專班=10；視覺傳達設計系碩士班=20,企業管理系；企業管理系_製造業提昇廠務管理效能產業國際學生產學合作專班；企業管理系_連鎖業經營管理產業碩士專班；企業管理系_餐飲業經營管理僑生技職專班；企業管理系碩士在職專班；企業管理系碩士班；休閒遊憩與運動管理系；先進應用材料工程系；先進應用材料工程系_材料加工檢測國際學生產學合作專班；公共關係暨廣告系；幼兒保育系；房地產開發與管理系；房地產開發與管理系碩士在職專班；房地產開發與管理系碩士班；旅遊事業管理系；旅遊事業管理系_旅遊文化僑生專班；時尚展演事業學士學位學程_時尚展演事業僑生專班；時尚展演事業系；時尚展演事業系_時尚造型暨服飾設計國際學生產學合作專班；智慧機器人工程系；智慧機器人工程系_智慧製造國際學生產學合作專班；智慧機器人工程系碩士在職專班；智慧機器人工程系碩士班；材料工程系_紡織材料加工國際學生產學合作專班；樂齡生活產業管理學士學位學程；樂齡生活產業管理進修學士學位學程；機械工程系；機械工程系_先進製造國際產業碩士專班；機械工程系_國際學生產學合作專班；機械工程系_國際專修部；機械工程系_外國學生專班；機械工程系_智慧製造國際產業人才教育專班；機械工程系_機電整合製造國際產業人才教育專班；機械工程系_設備工程師國際產業人才教育專班；機械工程系_設備工程師專班；機械工程系機械與能源工程博士班；機械工程系碩士在職專班；機械工程系碩士班；環境工程系；環境工程系_環工機電國際學生產學合作專班；環境工程系_綠能科技專班；環境工程系碩士在職專班；環境工程系碩士班；空間設計系；空間設計系環境設計碩士班；視覺傳達設計系；視覺傳達設計系碩士在職專班；視覺傳達設計系碩士班；視訊傳播設計系；視訊傳播設計系_香港二技專班；視訊傳播設計系媒體藝術碩士班；資訊傳播系；資訊傳播系_電子商務與產品供應鏈E化國際學生產學合作專班；資訊工程系；資訊工程系_資訊與自動化國際學生產學合作專班；資訊工程系_資電科技應用僑生專班；資訊工程系碩士班；資訊管理系；資訊管理系_製造資訊僑生專班；資訊管理系_電子商務僑生專班；資訊管理系碩士在職專班；資訊管理系碩士班；金融管理系；雲端商務管理數位學習碩士在職專班；電動車暨智慧電子工程系；電動車暨智慧電子工程系_國際專修部；電動車暨智慧電子工程系碩士班；電子工程系_國際專修部；電子工程系_國際機電自動化工程與管理碩士學程外國學生專班；電子工程系_智慧電子應用實務專班；電子工程系_機電整合僑生專班；電機工程系；電機工程系_半導體工程碩士專班；電機工程系_國際學生產學合作專班；電機工程系_國際專修部；電機工程系_機電整合工程碩士專班；電機工程系_自動化工程師專班；電機工程系_電機國際產業人才教育專班；電機工程系碩士在職專班；電機工程系碩士班；電腦與遊戲發展科學學士學位學程；餐飲管理及廚藝系；餐飲管理及廚藝系_國際專修部；餐飲管理及廚藝系_餐飲管理及廚藝僑生產學專班,AUTO_MATCHED,,,https://stats.moe.gov.tw/files/opendata/students.csv
龍華科技大學,主任：盧大為,twlu@mail.lhu.edu.tw,73,多媒體與遊戲發展科學系,636,636,多媒體與遊戲發展科學系=508；多媒體與遊戲發展科學系=2；多媒體與遊戲發展科學系=86；多媒體與遊戲發展科學系碩士班=40,企業管理系；企業管理系_境外專班；企業管理系_外國學生專班；企業管理系_進修學制碩士在職專班；企業管理系_餐飲管理專班；企業管理系碩士在職專班；企業管理系碩士班；先進電子構裝科技博士學位學程；化工與材料工程系_國際學生產學合作專班；化工與材料工程系_生醫包裝材料及檢測技術國際學生產學合作專班；半導體工程科；半導體工程系；半導體工程系_國際學生產學合作專班；半導體工程系_國際專修部；半導體工程系碩士班；國際企業系_國際貿易與物流國際學生產學合作專班；國際企業系_餐飲管理與國際化專班；多媒體與遊戲發展科學系；多媒體與遊戲發展科學系碩士班；工業管理系；工業管理系_全球運籌與供應鏈資訊化國際學生產學合作專班；工業管理系_國際專修部；工業管理系_日用民生用品與消費性電子器材供應鏈E化與智慧製造國際學生產學合作專班；應用外語系；應用外語系國際觀光與會展碩士班；數位行銷暨跨境商務系；數位行銷暨跨境商務系_國際專修部；文化創意與數位媒體設計系；機械工程科；機械工程系；機械工程系_國際學生產學合作專班；機械工程系碩士在職專班；機械工程系碩士班；觀光休閒系；觀光休閒系_國際學生產學合作專班；觀光休閒系_國際專修部；觀光休閒系_外國學生專班；觀光休閒系_餐飲管理專班；財務金融系；資訊管理系；資訊管理系_國際專修部；資訊管理系_重點產業系所招生；資訊管理系碩士在職專班；資訊管理系碩士班；資訊網路工程系；資訊網路工程系_國際學生產學合作專班；資訊網路工程系_物聯網與人工智慧應用科技產業僑生專班；資訊網路工程系_重點產業系所招生；資訊網路工程系碩士班；電子工程科；電子工程系；電子工程系_新南向國際學生半導體技術產學合作專班；電子工程系_資訊電子應用僑生專班；電子工程系碩士班；電機工程科；電機工程系；電機工程系_國際學生產學合作專班；電機工程系_新型專班；電機工程系_海外青年技術訓練班；電機工程系_電動機應用科技專班；電機工程系_電路板(應用)產業專班；電機工程系碩士班,AUTO_MATCHED,,,https://stats.moe.gov.tw/files/opendata/students.csv
龍華科技大學,主任：倪建芝,nancyni1008@mail.lhu.edu.tw,74,文化創意與數位媒體設計系,639,639,文化創意與數位媒體設計系=536；文化創意與數位媒體設計系=103,企業管理系；企業管理系_境外專班；企業管理系_外國學生專班；企業管理系_進修學制碩士在職專班；企業管理系_餐飲管理專班；企業管理系碩士在職專班；企業管理系碩士班；先進電子構裝科技博士學位學程；化工與材料工程系_國際學生產學合作專班；化工與材料工程系_生醫包裝材料及檢測技術國際學生產學合作專班；半導體工程科；半導體工程系；半導體工程系_國際學生產學合作專班；半導體工程系_國際專修部；半導體工程系碩士班；國際企業系_國際貿易與物流國際學生產學合作專班；國際企業系_餐飲管理與國際化專班；多媒體與遊戲發展科學系；多媒體與遊戲發展科學系碩士班；工業管理系；工業管理系_全球運籌與供應鏈資訊化國際學生產學合作專班；工業管理系_國際專修部；工業管理系_日用民生用品與消費性電子器材供應鏈E化與智慧製造國際學生產學合作專班；應用外語系；應用外語系國際觀光與會展碩士班；數位行銷暨跨境商務系；數位行銷暨跨境商務系_國際專修部；文化創意與數位媒體設計系；機械工程科；機械工程系；機械工程系_國際學生產學合作專班；機械工程系碩士在職專班；機械工程系碩士班；觀光休閒系；觀光休閒系_國際學生產學合作專班；觀光休閒系_國際專修部；觀光休閒系_外國學生專班；觀光休閒系_餐飲管理專班；財務金融系；資訊管理系；資訊管理系_國際專修部；資訊管理系_重點產業系所招生；資訊管理系碩士在職專班；資訊管理系碩士班；資訊網路工程系；資訊網路工程系_國際學生產學合作專班；資訊網路工程系_物聯網與人工智慧應用科技產業僑生專班；資訊網路工程系_重點產業系所招生；資訊網路工程系碩士班；電子工程科；電子工程系；電子工程系_新南向國際學生半導體技術產學合作專班；電子工程系_資訊電子應用僑生專班；電子工程系碩士班；電機工程科；電機工程系；電機工程系_國際學生產學合作專班；電機工程系_新型專班；電機工程系_海外青年技術訓練班；電機工程系_電動機應用科技專班；電機工程系_電路板(應用)產業專班；電機工程系碩士班,AUTO_MATCHED,,,https://stats.moe.gov.tw/files/opendata/students.csv
長榮大學,主任：吳宏翔,daniel@mail.cjcu.edu.tw,75|76,數位媒體設計學系；互動設計學系,125,125,互動設計學系=33；數位媒體設計學系=92,互動設計學系；企業管理學系；保健營養學系；健康心理學系；創新應用管理學系；台灣文化創意產業學士學位學程；國際企業學系；土地管理與開發學系；大眾傳播學系；安全衛生科學碩士在職學位學程；安全衛生科學碩士學位學程；應用哲學系；應用日語學系；應用社會科學碩士在職學位學程；數位媒體設計學系；日語進修學士學位學程；書畫藝術學系；會計資訊學系；東南亞文化與產業學士學位學程；永續發展國際學士學位學程；消防安全學士學位學程；無人機應用學士學位學程；營建工程安全學士學位學程；生物科技學系；社會工作學系；神學系；管理學院經營管理博士班；管理學院經營管理碩士班；管理進修學士學位學程；綠能與環境資源學系；美術學系；翻譯學系；職安消防進修學士學位學程現役軍人營區專班；職業安全與衛生學系；職業安全與衛生學系碩士在職現役軍人營區專班；航運管理學系；蘭花產業應用學士學位學程；觀光與餐飲服務事業進修學士學位學程；觀光與餐飲管理學系；護理學系；財務金融學系；資訊工程學系；資訊工程學系114秋季班產業自動化資訊人才專班；資訊工程學系產業自動化資訊人才專班；資訊暨設計碩士學位學程；資訊管理學系；運動競技學系；醫務管理學系；醫學社會暨健康照護學士學位學程；醫藥科學產業學系；食品安全衛生與檢驗學士學位學程；高階管理碩士在職專班,AUTO_MATCHED,,,https://stats.moe.gov.tw/files/opendata/students.csv
健行學校財團法人健行科技大學,主任：陳進益,jasonchen@uch.edu.tw,77,數位多媒體設計系,330,330,數位多媒體設計系=217；數位多媒體設計系=113,企業管理系；企業管理系碩士在職專班；企業管理系碩士班；國際企業經營系；國際企業經營系_國際學生產學合作專班；國際企業經營系碩士班；土木工程系；土木工程系_國際專修部；土木工程系_營建育成專班；土木工程系空間資訊與防災科技碩士班；室內設計與管理系；工業管理系；工業管理系_國際學生產學合作專班；工業管理系_國際專修部；工業管理系碩士班；應用外語系；應用空間資訊系；應用空間資訊系_國際專修部；數位多媒體設計系；材料製造科技學士學位學程；機械工程系；機械工程系_國際學生產學合作專班；機械工程系_國際專修部；機械工程系碩士班；行銷與流通管理系；行銷與流通管理系_國際學生產學合作專班；行銷與流通管理系_電子商務專班；財務金融系；財務金融系碩士班；資訊工程系；資訊工程系_國際學生產學合作專班；資訊工程系_國際專修部；資訊工程系碩士班；資訊管理系；資訊管理系_國際學生產學合作專班；資訊管理系碩士班；車輛工程系；車輛工程系_國際專修部；車輛工程系_車輛維修技術實務專班；電子工程系；電子工程系_國際學生產學合作專班；電子工程系_國際專修部；電子工程系_資訊電子應用僑生專班；電子工程系碩士班；電機工程系；電機工程系_國際學生產學合作專班；電機工程系_國際專修部；電機工程系碩士班；餐旅管理系；餐旅管理系_餐飲管理僑生專班,AUTO_MATCHED,,,https://stats.moe.gov.tw/files/opendata/students.csv
玄奘大學,主任：吳敬堯,magicwu@hcu.edu.tw,78,視覺傳達設計學系,84,84,視覺傳達設計學系=84,傳播學院碩士班；大眾傳播學系；宗教與文化學系；影劇藝術學系；應用心理學系；應用日語學系；時尚設計學系；法律學系；社會工作學系；藝術與創意設計學系；藝術設計學院碩士班；視覺傳達設計學系；餐旅管理學系,AUTO_MATCHED,,,https://stats.moe.gov.tw/files/opendata/students.csv
建國科技大學,主任：林睿琳,linrl@ctu.edu.tw,79|137,商品與遊戲設計系；空間設計系,307,307,商品與遊戲設計系=210；商品與遊戲設計系=61；空間設計系=18；空間設計系=15；空間設計系創意生活應用設計碩士班=3,商品與遊戲設計系；土木工程科；土木工程系；土木工程系_國際學生產學合作專班；土木工程系_國際專修部；土木工程系土木與防災碩士班；應用外語系；機械工程系；機械工程系_國際學生產學合作專班；機械工程系_國際專修部；機械工程系製造科技碩士班；機電光系統研究所；空間設計系；空間設計系創意生活應用設計碩士班；經營管理系；經營管理系服務與科技管理碩士班；美容系；美容系美容科技碩士班；自動化工程系；自動化工程系_國際學生產學合作專班；觀光系；觀光系_國際專修部；資訊管理系；運動健康與休閒系；電子工程系；電子工程系_國際學生產學合作專班；電子工程系_國際專修部；電機工程系；電機工程系_國際專修部；電機工程系碩士班,AUTO_MATCHED,,,https://stats.moe.gov.tw/files/opendata/students.csv
明志科技大學,主任：莊妙仙,joyce@mail.mcut.edu.tw,80,視覺傳達設計系,208,231,視覺傳達設計系=208；視覺傳達設計系碩士班=23,創新科技應用於生物醫學暨醫療照護產品研發國際博士學位學程；化學工程系；化學工程系生化工程碩士班；化學工程系碩士班；半導體材料與製程學士學位學程；國際企業管理碩士學位學程(IMBA)；工業人工智慧學士學位學程；工業工程與管理系；工業工程與管理系碩士在職專班；工業工程與管理系碩士班；工業設計系；工業設計系_外國學生專班；工業設計系碩士班；數位行銷設計學士學位學程；材料工程系；材料工程系碩士班；機械工程系；機械工程系_新型專班；機械工程系機械與機電工程碩士班；環境與安全衛生工程系；環境與安全衛生工程系環境工程碩士班；經營管理系；經營管理系_外國學生專班；經營管理系碩士班；能源電池科技博士學位學程；視覺傳達設計系；視覺傳達設計系碩士班；電子工程系；電子工程系碩士班；電機工程系；電機工程系碩士班；電漿與薄膜工程國際博士學位學程,AUTO_MATCHED,,,https://stats.moe.gov.tw/files/opendata/students.csv
台鋼學校財團法人台鋼科技大學,主任：吳雅蓉,ic@tsust.edu.tw,81|82,資訊傳播與行銷系；電競與動畫遊戲學士學位學程,95,95,資訊傳播與行銷系=55；資訊傳播與行銷系=37；資訊傳播與行銷系=1；電競與動畫遊戲學士學位學程=2,休閒運動管理系；土木工程系；建築系；建築系_多元培力專班；建築系_建築技術國際學生產學合作專班；建築系_營建技術國際產業人才教育專班；建築系碩士班；數位經營管理系；數位經營管理系經營管理碩士在職專班；數位經營管理系經營管理碩士班；智慧科技應用系；機械與自動化工程科；機械與自動化工程系；機械與自動化工程系_國際學生產學合作專班；機械與自動化工程系_國際產業人才教育專班；機械與自動化工程系機電科技碩士在職專班；機械與自動化工程系機電科技碩士班；觀光事業管理系；觀光外語科；觀光外語系；資訊傳播與行銷系；資訊科技應用系；資訊科技應用系碩士班；電子工程系_國際學生產學合作專班；電機工程系；電機工程系_國際學生產學合作專班；電機工程系_機電設計與維修領域學士專班；電機工程系_資訊網通專班(資訊管理組)；電競與動畫遊戲學士學位學程；香妝與養生保健系,AUTO_MATCHED,,,https://stats.moe.gov.tw/files/opendata/students.csv
大仁科技大學,主任：王宗松,tswang@tajen.edu.tw,83,多媒體設計系,154,154,多媒體設計科=53；多媒體設計系=17；多媒體設計系=51；多媒體設計系文創碩士在職專班=33,休閒運動管理系；休閒運動管理系休閒事業管理碩士在職專班；休閒運動管理系休閒事業管理碩士班；多媒體設計科；多媒體設計系；多媒體設計系文創碩士在職專班；寵物照護暨美容科；寵物照護暨美容系；寵物照護暨美容系寵物照護健康管理碩士班；幼兒保育系；應用日語系；消防安全學士學位學程；消防安全學士學位學程_現役軍人營區在職專班；消防安全科；消防安全進修學士學位學程；環境與職業安全衛生科；環境與職業安全衛生系；環境與職業安全衛生系環境管理碩士在職專班；環境與職業安全衛生系環境管理碩士班；生命禮儀暨關懷事業系；社會工作系；社會工作系碩士班；藥學系；藥學系碩士在職專班；藥學系碩士班；觀光事業科；觀光事業系；護理系；食品科技系；餐旅管理系；餐旅管理系_國際學生產學合作專班；餐飲管理系_餐飲管理專班,AUTO_MATCHED,,,https://stats.moe.gov.tw/files/opendata/students.csv
聖約翰科技大學,主任：胡文和,fumikazu@mail.sju.edu.tw,84,多媒體設計系,33,33,多媒體設計系=33,企業管理系碩士班；休閒運動與觀光管理系；休閒運動與觀光管理系_國際學生產學合作專班；創意設計系；多媒體設計系；工業管理科；工業管理系；工業管理系_現役軍人營區在職專班；工業管理系碩士在職專班；工業管理系碩士班；時尚經營管理系；樂齡福祉與健康促進系；機械與車輛工程系；機械與車輛工程系碩士在職專班；機械與車輛工程系碩士班；資訊工程系；資訊工程系_現役軍人營區在職專班；資訊工程系碩士班；電子資訊科；電機工程系；電機工程系_亞翔電機工程國際產業人才專班；電機工程系_多企業電機系統整合國際產業人才專班；電機工程系_智慧營造工程國際產業人才專班；電機工程系_智慧車輛機電國際產業人才專班；電機工程系_機電及動力機械維修國際產業人才專班；電機工程系_空調工程國際產業人才專班；電機工程系_電機及通訊技術新南向國際學生產學合作專班；電機工程系碩士在職專班,AUTO_MATCHED,,,https://stats.moe.gov.tw/files/opendata/students.csv
亞洲大學,主任：姚村雄,yaotsun@asia.edu.tw,85,數位媒體設計學系,686,686,數位媒體設計學系=35；數位媒體設計學系=41；數位媒體設計學系=610,人工智慧博士學位學程；人工智慧學系；健康產業管理學系；創意商品設計學系；創新產業博士學位學程；外國語文學系；學士後獸醫學系；學士後護理學系；室內設計學系；幼兒教育學系；心理學系；數位媒體設計學系；新興產業策略與發展博士學位學程；時尚設計學系；智慧健康先進管理技術博士學位學程；會計與資訊學系；物理治療學系；生物資訊與醫學工程學系；社會工作學系；管理學院進修學士學位學程；經營管理學系；經營管理學系企業經濟與策略博士班；職能治療學系；聽力暨語言治療學系；視光學系；護理學系；財務金融學系；財務金融學系114秋季班元大國際產業人才教育財務金融碩士專班；財務金融學系財務金融碩士專班；財經法律學系；資訊傳播學系；資訊工程學系；醫學檢驗暨生物技術學系；長期照護學系；食品營養與保健生技學系,AUTO_MATCHED,,,https://stats.moe.gov.tw/files/opendata/students.csv
中信金學校財團法人中信科技大學,主任：蕭慧德,shiao322@mail.ctbctech.edu.tw,86|87,數位媒體設計系；多媒體與遊戲發展管理系,38,38,多媒體與遊戲發展管理系=30；數位媒體設計系=8,企業管理科；企業管理系；企業管理系創新設計與創業管理碩士班；企業管理系行銷與流通管理碩士班；休閒運動管理碩士學位學程；休閒運動管理系；冷凍空調與能源系；冷凍空調與能源系_國際學生產學合作專班；化妝品應用與管理系；半導體工程系；半導體工程系_設備維護與資訊應用國際學生產學合作專班；半導體工程系碩士班；多媒體與遊戲發展管理系；數位媒體設計系；機械工程科；機械工程系；機械工程系_傳統加工產業國際學生產學合作專班；機械工程系碩士在職專班；機械工程系碩士班；流行音樂產業管理系；觀光英語系；資訊工程系_國際學生產學合作專班；餐飲與健康養生系；餐飲與健康養生系_產學攜手合作僑生專班；餐飲與健康養生系餐飲經營與安全管理碩士班；高齡健康照護系,AUTO_MATCHED,,,https://stats.moe.gov.tw/files/opendata/students.csv
景文科技大學,主任：楊文灝,whyang@just.edu.tw,88,視覺傳達設計系,293,293,視覺傳達設計系=282；視覺傳達設計系=11,企業管理系；企業管理系_國際學生產學合作專班；國際貿易系；應用外語系；旅遊管理系；旅遊管理系_國際學生產學合作專班；旅遊管理系_國際專修部；旅遊管理系觀光與餐旅管理碩士在職專班；旅館管理系；旅館管理系_國際學生產學合作專班；旅館管理系_國際專修部；旅館管理系_香港二技專班；理財與稅務規劃系；行動商務與多媒體應用系；行銷與流通管理系；行銷與流通管理系_國際專修部；行銷與流通管理系_外國學生專班；視覺傳達設計系；財務金融系；資訊工程系；資訊與通訊系；資訊與通訊系_國際學生產學合作專班；資訊與通訊系_國際專修部；資訊與通訊系碩士在職專班；電腦與通訊系_國際學生產學合作專班；餐飲管理科；餐飲管理系；餐飲管理系_國際學生產學合作專班；餐飲管理系_國際專修部,AUTO_MATCHED,,,https://stats.moe.gov.tw/files/opendata/students.csv
德明財經科技大學,主任：林慧羚,mdchief@takming.edu.tw,89,多媒體設計系,340,341,多媒體設計系=313；多媒體設計系=1；多媒體設計系_外國學生專班=27,不動產投資與經營學位學程；企業管理系；保險金融系_外國學生專班；國際貿易系；國際貿易系_外國學生專班；多媒體設計系；多媒體設計系_外國學生專班；應用外語系；會計資訊系；會計資訊系_外國學生專班；流通管理系；流通管理系(含碩士班)_智慧流通國際學生產學合作專班；行銷管理系；行銷管理系(含碩士班、碩士在職專班)_國際專修部；行銷管理系碩士在職專班；財務金融系；財務金融系(含財務金融系理財與稅務管理碩士班)_國際學生產學合作專班；財務金融系理財與稅務管理碩士班；財政稅務系；財政稅務系_製造業財務及成本管控國際學生產學合作專班；資訊科技系；資訊科技系_國際專修部；資訊管理系；資訊管理系(含碩士在職專班)_AI加值智慧製造國際學生產學合作專班；資訊管理系(含碩士在職專班)_國際專修部；連鎖加盟經營管理學位學程；運動產業經營學士學位學程；風險管理與財富規劃系；風險管理與財富規劃系_外國學生專班,AUTO_MATCHED,,,https://stats.moe.gov.tw/files/opendata/students.csv
吳鳳科技大學,主任：許榮望,ronger@wfu.edu.tw,90,數位科技與媒體設計系,334,334,數位科技與媒體設計系=207；數位科技與媒體設計系=49；數位科技與媒體設計系_數位設計技術國際學生產學合作專班=36；數位科技與媒體設計系碩士在職專班=42,人工智慧無人機科技系；休閒遊憩與運動管理科；休閒遊憩與運動管理系；休閒遊憩與運動管理系_國際學生產學合作專班；安全科技與管理系；安全科技與管理系_國際學生產學合作專班；幼兒保育科；幼兒保育系；應用數位媒體系_數位設計技術國際學生產學合作專班；數位科技與媒體設計系；數位科技與媒體設計系_數位設計技術國際學生產學合作專班；數位科技與媒體設計系碩士在職專班；機械工程系_國際學生產學合作專班；機械工程系_國際專修部；機械與智慧製造工程科；機械與智慧製造工程系；機械與智慧製造工程系_動力機械國際學生產學合作專班；機械與智慧製造工程系_國際學生產學合作專班；機械與智慧製造工程系_國際專修部；消防系；消防系碩士在職專班；美容美髮造型設計系；觀光休閒管理系；觀光休閒管理系_國際專修部；觀光休閒管理系_觀光實務國際學生產學合作專班；車輛工程系；車輛工程系_國際學生產學合作專班；車輛科技與經營管理系_電動車輛工程專班；長期照護與管理系；電機工程科；電機工程系；電機工程系_國際專修部；電機工程系_智慧製造產學專班；電機工程系光機電暨材料碩士班；餐旅管理系；餐旅管理系_國際學生產學合作專班；餐旅管理系_國際專修部；餐旅管理系_食品安全國際學生產學合作專班；餐旅管理系_餐旅管理產學專班；餐旅管理系餐旅管理與餐飲安全碩士班,AUTO_MATCHED,,,https://stats.moe.gov.tw/files/opendata/students.csv
修平學校財團法人修平科技大學,主任：馬廣毅,mwyi@mail.hust.edu.tw,91,數位媒體設計系,116,116,數位媒體設計系=116,企業經營管理科；企業經營管理系；企業經營管理系_現役軍人營區在職專班；企業經營管理系人力資源管理碩士班；工業工程與管理系；工業工程與管理系(含精實生產管理碩士班)_現役軍人營區在職專班；工業工程與管理系_國際學生產學合作專班；工業工程與管理系精實生產管理碩士在職專班；工業工程與管理系精實生產管理碩士班；應用日語系；應用英語系；數位媒體設計系；智慧車輛系；機械工程系；機械工程系(含精密機械與製造科技碩士班)_國際專修部；機械工程系_國際專修部；機械工程系精密機械與製造科技碩士班；行銷與流通管理系；觀光與遊憩管理系_國際學生產學合作專班；觀光與遊憩管理系_國際專修部；觀光與遊憩管理系_觀光飯店與餐飲服務國際學生產學合作專班；觀光與餐旅管理系；觀光與餐旅管理系_國際學生產學合作專班；觀光與餐旅管理系_國際專修部；資訊管理系；資訊管理系_智慧資訊技術僑生專班；資訊管理系_現役軍人營區在職專班；資訊網路技術系；電子工程系；電子工程系_國際學生產學合作專班；電子工程系_國際專修部；電子工程系_智慧電子技術僑生專班；電機工程系；電機工程系(含碩士班)_國際學生產學合作專班；電機工程系(含碩士班)_現役軍人營區在職專班；電機工程系碩士班,AUTO_MATCHED,,,https://stats.moe.gov.tw/files/opendata/students.csv
城市學校財團法人臺北城市科技大學,主任：賴泓錩,hc.lai@tpcu.edu.tw,92,數位多媒體設計系,333,333,數位多媒體設計系=333,企業管理科；企業管理系；企業管理系_現役軍人營區在職專班；企業管理系電子商務碩士班；休閒事業科；休閒事業系；休閒事業系碩士班；應用外語科；應用外語系；數位多媒體設計系；時尚造型事業科；時尚造型事業系；時尚造型事業系_國際學生產學專班；機械工程科；機械工程系；機械工程系機電整合碩士班；流行音樂事業系；演藝事業系；烘焙創意與經營管理學士學位學程；行銷與流通管理科；行銷與流通管理系；行銷與流通管理系_國際專修部；觀光事業系；觀光事業系_國際學生產學專班；觀光事業系_國際專修部；資訊工程科；資訊工程系；資訊工程系_國際專修部；資訊工程系_海外青年技術訓練班；電機工程科；電機工程系；電機工程系_國際專修部；電腦與通訊工程系；電腦與通訊工程系_國際學生產學專班；餐飲事業科；餐飲事業系；餐飲事業系_國際學生產學專班；餐飲事業系_國際專修部,AUTO_MATCHED,,,https://stats.moe.gov.tw/files/opendata/students.csv
醒吾學校財團法人醒吾科技大學,主任：林靜如,h084@mail.hwu.edu.tw,93,數位設計系,161,161,數位設計系=161,企業管理科；企業管理系；企業管理系_外國學生專班；商業設計系；國際商務系；國際商務系_外國學生專班；應用英語科；應用英語系；數位設計系；新媒體傳播系；旅運管理系；旅運管理系_國際學生產學合作專班；旅運管理系_國際專修部；旅運管理系_外國學生專班；時尚產業經營管理系；時尚造形設計系；流行音樂創作系；行銷與流通管理系；行銷與流通管理系_國際學生產學合作專班；行銷與流通管理系_國際專修部；行銷與流通管理系碩士在職專班；行銷與流通管理系碩士班；表演藝術系；觀光休閒科；觀光休閒系；觀光休閒系_國際專修部；觀光休閒系_外國學生專班；觀光休閒系碩士班；財務金融系；資訊科技應用系；資訊科技應用系_國際學生產學合作專班；資訊科技應用系碩士在職專班；資訊科技應用系碩士班；資訊管理系；資訊管理系_外國學生專班；餐旅管理系；餐旅管理系_國際學生產學合作專班,AUTO_MATCHED,,,https://stats.moe.gov.tw/files/opendata/students.csv
醒吾學校財團法人醒吾科技大學,主任：林添勝,h099@mail.hwu.edu.tw,94,新媒體傳播系,294,294,新媒體傳播系=294,企業管理科；企業管理系；企業管理系_外國學生專班；商業設計系；國際商務系；國際商務系_外國學生專班；應用英語科；應用英語系；數位設計系；新媒體傳播系；旅運管理系；旅運管理系_國際學生產學合作專班；旅運管理系_國際專修部；旅運管理系_外國學生專班；時尚產業經營管理系；時尚造形設計系；流行音樂創作系；行銷與流通管理系；行銷與流通管理系_國際學生產學合作專班；行銷與流通管理系_國際專修部；行銷與流通管理系碩士在職專班；行銷與流通管理系碩士班；表演藝術系；觀光休閒科；觀光休閒系；觀光休閒系_國際專修部；觀光休閒系_外國學生專班；觀光休閒系碩士班；財務金融系；資訊科技應用系；資訊科技應用系_國際學生產學合作專班；資訊科技應用系碩士在職專班；資訊科技應用系碩士班；資訊管理系；資訊管理系_外國學生專班；餐旅管理系；餐旅管理系_國際學生產學合作專班,AUTO_MATCHED,,,https://stats.moe.gov.tw/files/opendata/students.csv
華夏學校財團法人華夏科技大學,留校生承接主管：陳錫圭校長,hkchen@go.hwh.edu.tw,95,數位媒體設計系,20,20,數位媒體設計系=16；數位媒體設計系=4,企業管理系；企業管理系資產與物業管理碩士在職專班；化妝品應用系；建築科；建築系；數位媒體設計系；智慧型機器人研究所；智慧車輛系；機械工程科；機械工程系；資訊工程系；資訊管理科；資訊管理系；資訊管理系_現役軍人營區在職專班；資訊管理系碩士在職專班；電機工程科；電機工程系,AUTO_MATCHED,,,https://stats.moe.gov.tw/files/opendata/students.csv
致理學校財團法人致理科技大學,主任：黃淑芬,mc100@mail.chihlee.edu.tw,96,多媒體設計系,771,771,多媒體設計系=538；多媒體設計系=233,企業管理科；企業管理系；企業管理系_雙軌訓練旗艦計畫；企業管理系服務業經營管理碩士在職專班；企業管理系服務業經營管理碩士班；休閒遊憩管理系；休閒遊憩管理系_國際學生產學合作專班；休閒遊憩管理系_現役軍人營區在職專班；商務智慧與創新研究所；商務科技管理系；國際貿易科；國際貿易系；國際貿易系國際經營與數位貿易碩士班；多媒體設計系；應用日語系；應用英語科；應用英語系；會計資訊科；會計資訊系；行銷與流通管理系；財務金融科；財務金融系；資訊管理科；資訊管理系,AUTO_MATCHED,,,https://stats.moe.gov.tw/files/opendata/students.csv
台北海洋學校財團法人台北海洋科技大學,主任：呂廷倫,lelandlu@mail.tumt.edu.tw,97,視覺傳達設計系,7,7,視覺傳達設計系=7,健康促進與銀髮保健系；健康促進與銀髮保健系_國際學生產學合作專班；健康促進與銀髮保健系_多元培力專班；健康照顧社會工作系；寵物業經營管理系；新媒體互動科技應用學士學位學程；海洋運動休閒與觀光管理科；海洋運動休閒與觀光管理系；海洋運動休閒與觀光管理系碩士班；演藝時尚事業管理系；航海與航運管理科；航海與航運管理系；航海與航運管理系_多元培力專班；航海與航運管理系_現役軍人營區在職專班；航海與航運管理系碩士班；視覺傳達設計系；輪機工程科；輪機工程系；輪機工程系_多元培力專班；輪機工程系_現役軍人營區在職專班；電競數位遊戲與動畫設計科；電競數位遊戲與動畫設計系；電競數位遊戲與動畫設計系_國際學生產學合作專班；食品健康科技系；食品健康科技系碩士班；餐飲管理科；餐飲管理系；餐飲管理系_國際學生產學合作專班,AUTO_MATCHED,,,https://stats.moe.gov.tw/files/opendata/students.csv
台北海洋學校財團法人台北海洋科技大學,主任：王淑貞,scwang@mail.tumt.edu.tw,98,電競數位遊戲與動畫設計系,374,374,電競數位遊戲與動畫設計科=166；電競數位遊戲與動畫設計系=147；電競數位遊戲與動畫設計系=33；電競數位遊戲與動畫設計系_國際學生產學合作專班=28,健康促進與銀髮保健系；健康促進與銀髮保健系_國際學生產學合作專班；健康促進與銀髮保健系_多元培力專班；健康照顧社會工作系；寵物業經營管理系；新媒體互動科技應用學士學位學程；海洋運動休閒與觀光管理科；海洋運動休閒與觀光管理系；海洋運動休閒與觀光管理系碩士班；演藝時尚事業管理系；航海與航運管理科；航海與航運管理系；航海與航運管理系_多元培力專班；航海與航運管理系_現役軍人營區在職專班；航海與航運管理系碩士班；視覺傳達設計系；輪機工程科；輪機工程系；輪機工程系_多元培力專班；輪機工程系_現役軍人營區在職專班；電競數位遊戲與動畫設計科；電競數位遊戲與動畫設計系；電競數位遊戲與動畫設計系_國際學生產學合作專班；食品健康科技系；食品健康科技系碩士班；餐飲管理科；餐飲管理系；餐飲管理系_國際學生產學合作專班,AUTO_MATCHED,,,https://stats.moe.gov.tw/files/opendata/students.csv
慈惠醫護管理專科學校,主任：劉貞吟,chenyinliu2@gmail.com,99,數位媒體創意設計科,85,85,數位媒體創意設計科=85,休閒暨觀光事業管理科；口腔衛生學科；幼兒保育科；數位媒體創意設計科；物理治療科；美容造型設計科；護理助產科；護理科；餐飲管理科,AUTO_MATCHED,,,https://stats.moe.gov.tw/files/opendata/students.csv
東海大學,主任：呂佳珍,id@thu.edu.tw,100,工業設計學系,194,194,工業設計學系=17；工業設計學系=171；工業設計學系=6,中國文學系；企業管理學系；公共事務碩士專班；化學工程與材料工程學系；化學工程與材料工程學系114秋季班國際半導體碩士專班；化學系；博雅學士學位學程；哲學系；國際企業管理碩士學位學程；國際學院不分系英語學士班；國際學院國際經營管理學位學程；國際經營與貿易學系；外國語文學系；工學院工程管理碩士在職專班；工業工程與經營資訊學系；工業工程與經營資訊學系高階醫務工程與管理碩士在職專班；工業設計學系；建築學系；應用物理學系；政治學系；教育研究所；數位創新碩士學位學程；數位創新碩士學位學程114秋季班數位創新與資訊科技產學碩士專班；數位創新碩士學位學程數位創新與資訊科技產學碩士專班；日本語言文化學系；景觀學系；智慧暨精緻農業學位學程；智慧計算暨應用數學系；會計學系；歷史學系；永續科學與管理學士學位學程；法律學系；環境科學與工程學系；生命科學系；生物多樣性國際研究生博士學位學程；生醫暨材料科學國際博士學位學程；畜產與生物科技學系；社會學系；社會工作學系；統計學系；經濟學系；美術學系；華語文教學國際碩士學位學程；行政管理暨政策學系；行政管理暨政策學系第三部門碩士在職專班；表演藝術與創作碩士學位學程；財務金融學系；資訊工程學系；資訊管理學系；運動休閒與健康管理學位學程；電機工程學系；音樂學系；食品科學系；餐旅管理學系；高階經營管理碩士在職專班；高齡健康與運動科學學士學位學程；高齡健康與運動科學研究所,AUTO_MATCHED,,,https://stats.moe.gov.tw/files/opendata/students.csv
銘傳大學,主任：衛萬里,wanliwei@mail.mcu.edu.tw,101,商品設計學系,381,381,商品設計學系=366；商品設計學系創新設計與管理碩士班=15,人工智慧應用學系；企業管理學系；休閒遊憩管理學系；休閒遊憩管理學系永續戶外冒探險活動專班；公共事務與行政管理學系；半導體應用學士學位學程；商品設計學系；商品設計學系創新設計與管理碩士班；商業設計學系；商業設計學系設計創作與研究碩士班；國防行政管理進修學士學位學程；國際事務碩士學位學程(外國學生專班)；國際事務與外交學士學位學程；國際企業學系；國際企業與貿易學士學位學程；國際學院工商管理學士學位學程泰國境外專班；廣告暨策略行銷學系；廣告暨策略行銷學系全媒體行銷與電子商務專班；廣播電視學系；建築學系；影音新聞暨社群傳播學系；應用中文與華語文教學系；應用日語學系；應用統計與資料科學學系；應用英語學系；教育研究所；數位媒體設計學系；新媒體暨傳播管理學系；新媒體暨傳播管理學系碩士在職專班馬來西亞境外專班；新聞與大眾傳播學士學位學程；旅遊與觀光學士學位學程；時尚與創新管理學士學位學程；會計學系；法律學系；犯罪防治學系；犯罪防治學系兩岸與犯罪防治碩士在職專班；生物科技學系；生物科技學系生技產業專班；生物醫學工程學系；華語文教學碩士學位學程；觀光事業學系；觀光事業學系智慧旅遊與觀光傳播專班；觀光事業學系現役軍人營區碩士在職專班；諮商臨床與工商心理學系；諮商臨床與工商心理學系現役軍人營區碩士在職專班；財務金融學系；財金法律學系；資訊工程學系；資訊工程學系智慧物聯網技術專班；資訊應用與金融保險學系；資訊科技應用與管理學士學位學程；資訊管理學系；都市設計與永續發展學系；都市設計與永續發展學系永續規劃與城市經營學程專班；醫療資訊與管理學系；醫療資訊與管理學系健康產業管理碩士班；金融學系；金融科技應用學士學位學程；金融科技應用學系；金融科技碩士學位學程；電機工程學系；餐旅管理學系；餐旅管理學系餐旅產業服務學程專班；高階經理碩士在職學位學程,AUTO_MATCHED,,,https://stats.moe.gov.tw/files/opendata/students.csv
明志科技大學,主任：楊俊明,cmyang@mail.mcut.edu.tw,102,工業設計系,217,235,工業設計系=186；工業設計系_外國學生專班=31；工業設計系碩士班=18,創新科技應用於生物醫學暨醫療照護產品研發國際博士學位學程；化學工程系；化學工程系生化工程碩士班；化學工程系碩士班；半導體材料與製程學士學位學程；國際企業管理碩士學位學程(IMBA)；工業人工智慧學士學位學程；工業工程與管理系；工業工程與管理系碩士在職專班；工業工程與管理系碩士班；工業設計系；工業設計系_外國學生專班；工業設計系碩士班；數位行銷設計學士學位學程；材料工程系；材料工程系碩士班；機械工程系；機械工程系_新型專班；機械工程系機械與機電工程碩士班；環境與安全衛生工程系；環境與安全衛生工程系環境工程碩士班；經營管理系；經營管理系_外國學生專班；經營管理系碩士班；能源電池科技博士學位學程；視覺傳達設計系；視覺傳達設計系碩士班；電子工程系；電子工程系碩士班；電機工程系；電機工程系碩士班；電漿與薄膜工程國際博士學位學程,AUTO_MATCHED,,,https://stats.moe.gov.tw/files/opendata/students.csv
亞洲大學,主任：龍希文,cwlung@asia.edu.tw,103,創意商品設計學系,281,281,創意商品設計學系=9；創意商品設計學系=236；創意商品設計學系=36,人工智慧博士學位學程；人工智慧學系；健康產業管理學系；創意商品設計學系；創新產業博士學位學程；外國語文學系；學士後獸醫學系；學士後護理學系；室內設計學系；幼兒教育學系；心理學系；數位媒體設計學系；新興產業策略與發展博士學位學程；時尚設計學系；智慧健康先進管理技術博士學位學程；會計與資訊學系；物理治療學系；生物資訊與醫學工程學系；社會工作學系；管理學院進修學士學位學程；經營管理學系；經營管理學系企業經濟與策略博士班；職能治療學系；聽力暨語言治療學系；視光學系；護理學系；財務金融學系；財務金融學系114秋季班元大國際產業人才教育財務金融碩士專班；財務金融學系財務金融碩士專班；財經法律學系；資訊傳播學系；資訊工程學系；醫學檢驗暨生物技術學系；長期照護學系；食品營養與保健生技學系,AUTO_MATCHED,,,https://stats.moe.gov.tw/files/opendata/students.csv
佛光大學,主任：廖志傑,jjliou@mail.fgu.edu.tw,104,產品與媒體設計學系,197,197,產品與媒體設計學系=4；產品與媒體設計學系=193,人文暨社會科學學院碩士班；企業管理系；休閒遊憩與觀光餐旅管理系；佛教學系；健康樂活暨管理學院碩士班；健康與創意蔬食產業學系；傳播學系；公共行政與國際事務學系；土木工程與環境資源管理系；宗教學研究所；建築環境設計學士學位學程；心理學系；應用科技與設計學院碩士班；應用經濟學系；文化資產與創意學系；樂活產業學系；歷史學系；產品與媒體設計學系；社會學暨社會工作學系；管理學系；管理學系碩士在職現役軍人營區專班；語文學系；資訊應用學系；運動與健康促進管理學士學位學程；香港境外佛教學系碩士班；香港境外健康樂活暨管理學院碩士專班,AUTO_MATCHED,,,https://stats.moe.gov.tw/files/opendata/students.csv
僑光科技大學,系辦正式窗口,mcae@ocu.edu.tw,105|235,機械與電腦輔助工程系（原電腦輔助工業設計系）；機械與電腦輔助工程系,54,508,機械與電腦輔助工程系=329；機械與電腦輔助工程系=179,企業管理系；企業管理系碩士在職專班；企業管理系碩士班；國際貿易系；多媒體與遊戲設計系；應用外語系；旅館與會展管理系；機械與電腦輔助工程系；生活創意設計系；行銷與流通管理系；觀光與休閒事業管理系；財務金融系；財務金融系碩士班；財經法律系；財經法律系_多元培力專班；資訊科技系；資訊科技系_國際學生產學合作專班；資訊科技系_資通訊製造國際學生產學合作專班；資訊科技系碩士班；電腦輔助工業設計系；電腦輔助工業設計系_精密機械生產製造與管理專班；餐飲管理系；餐飲管理系_餐飲人才培育管理專班,AUTO_MATCHED,,,https://stats.moe.gov.tw/files/opendata/students.csv
醒吾學校財團法人醒吾科技大學,主任：胡毓賢,h082@mail.hwu.edu.tw,106,商業設計系,118,118,商業設計系=118,企業管理科；企業管理系；企業管理系_外國學生專班；商業設計系；國際商務系；國際商務系_外國學生專班；應用英語科；應用英語系；數位設計系；新媒體傳播系；旅運管理系；旅運管理系_國際學生產學合作專班；旅運管理系_國際專修部；旅運管理系_外國學生專班；時尚產業經營管理系；時尚造形設計系；流行音樂創作系；行銷與流通管理系；行銷與流通管理系_國際學生產學合作專班；行銷與流通管理系_國際專修部；行銷與流通管理系碩士在職專班；行銷與流通管理系碩士班；表演藝術系；觀光休閒科；觀光休閒系；觀光休閒系_國際專修部；觀光休閒系_外國學生專班；觀光休閒系碩士班；財務金融系；資訊科技應用系；資訊科技應用系_國際學生產學合作專班；資訊科技應用系碩士在職專班；資訊科技應用系碩士班；資訊管理系；資訊管理系_外國學生專班；餐旅管理系；餐旅管理系_國際學生產學合作專班,AUTO_MATCHED,,,https://stats.moe.gov.tw/files/opendata/students.csv
宏國德霖科技大學,主任：林文一,wylin@mail.hdut.edu.tw,107,創意產品設計系,46,46,創意產品設計系=31；創意產品設計系=1；創意產品設計系_外國學生專班=14,不動產經營系；企業管理系；企業管理系碩士班；休閒事業管理系；創意產品設計系；創意產品設計系_外國學生專班；園藝系；園藝系_產學攜手僑生專班；土木工程科；土木工程系；土木工程系_國際專修部；室內設計科；室內設計系；建築科；應用外語科；應用英語系；會展活動管理系；機械工程科；機械工程系；機械工程系_國際專修部；機械工程系_精密機械設計製造國際學生產學合作專班；資訊工程科；資訊工程系；資訊工程系_國際專修部；資訊工程系_電子資訊製造業國際學生產學合作專班；電腦與通訊工程系；電腦與通訊工程系_AIOT智慧物聯網專班；電腦與通訊工程系_國際專修部；電腦與通訊工程系_資通訊製造修護設計國際學生產學合作專班；餐旅管理科；餐旅管理系；餐旅管理系_國際專修部；餐旅管理系_旅館管理國際學生產學合作專班；餐飲廚藝系,AUTO_MATCHED,,,https://stats.moe.gov.tw/files/opendata/students.csv
亞東科技大學,主任：蘇木川,fj015@mail.aeust.edu.tw,108,工商業設計系,296,296,工商業設計系=296,工商業設計系；工業管理系；工業管理系_國際學生產學合作專班；工業管理系_智慧製造與智能管理專班；工業管理系_智能工業管理產業實務專班；材料織品服裝系；材料織品服裝系_國際學生產學合作專班；材料織品服裝系應用科技碩士班；機械工程系；機械工程系_智慧機械與先進車輛專班；行銷與流通管理系；行銷與流通管理系碩士班；護理系；護理系碩士班；資訊管理系；通訊工程系；通訊工程系_5G通訊技術與應用實務專班；通訊工程系碩士班；醫務管理系；電子工程系；電子工程系_國際學生產學合作專班；電機工程系；電機工程系_電機產業專班,AUTO_MATCHED,,,https://stats.moe.gov.tw/files/opendata/students.csv
輔仁大學,主任：陳華珠,046381@mail.fju.edu.tw,109,織品服裝學系,1146,1146,織品服裝學系=57；織品服裝學系=1020；織品服裝學系=68；織品服裝學系織品服裝國際碩士專班=1,中國文學系；人工智慧與資訊安全學士學位學程；人文社會服務進修學士學位學程；人文與社區創新學士學位學程；企業管理學系；企業管理學系管理學碩士在職專班；企業管理學系管理學碩士班；兒童與家庭學系；兒童與家庭學系學士後學位學程教保員專班；公共衛生學系；化學系；博物館學研究所；呼吸治療學系；品牌與時尚經營管理碩士學位學程；哲學系；商學研究所；商業管理學士學位學程；國際創業與經營管理碩士學位學程；國際溝通與科技創新學士學位學程；國際經營管理碩士學位學程；圖書資訊學系；大眾傳播學士學位學程；大眾傳播學研究所；天主教研修學士學位學程；學士後法律學系；學士後護理學系；宗教學系；室內設計進修學士學位學程；廣告傳播學系；影像傳播學系；德語語文學系；心理學系；應用科學與工程研究所；應用美術學系；教育領導與發展研究所；教育領導與科技發展學士學位學程；數學系；新聞傳播學系；日本語文學系；景觀設計學系；會計學系；服飾採購與行銷進修學士學位學程；歷史學系；法國語文學系；法律學系；營養科學系；營養科學系114秋季班食品營養保健產業新型專班；物理學系；生命科學系；生技醫藥博士學位學程；生物醫學暨藥學研究所；社會企業碩士在職學位學程；社會企業碩士學位學程；社會學系；社會工作學系；科技管理碩士學位學程；統計資訊學系；統計資訊學系應用統計碩士在職專班；統計資訊學系應用統計碩士班；經濟學系；織品服裝學系；織品服裝學系織品服裝國際碩士專班；義大利語文學系；職能治療學系；臨床心理學系；英國語文學系；藝術與文化創意學士學位學程；西班牙語文學系；護理學系；財經法律學系；財經法律學系原住民碩士在職專班；資訊工程學系；資訊管理學系；跨專業長期照護碩士學位學程；跨文化研究所比較文學與跨文化研究博士班；跨文化研究所翻譯學碩士在職專班；跨文化研究所翻譯學碩士班；跨文化研究所華語教學與語言科技碩士班；跨領域全英語學士學位學程；軟體工程與數位創意學士學位學程；軟體工程與數位創意學士學位學程學士後AI創新應用多元培力專班；運動休閒管理學士學位學程；運動資訊與健康生活進修學士學位學程；醫學系；醫學資訊與健康科技進修學士學位學程；醫學資訊與創新應用學士學位學程；醫療暨健康產業大數據碩士學位學程；金融與國際企業學系；金融與國際企業學系金融碩士在職專班；金融與國際企業學系金融碩士班；長期照護與健康管理進修學士學位學程；電機工程學系；非營利組織管理碩士學位學程；音樂學系；食品營養博士學位學程；食品科學系；食品科學系114秋季班食品產業國際人才新型碩士專班；餐旅管理學系；體育學系,AUTO_MATCHED,,,https://stats.moe.gov.tw/files/opendata/students.csv
銘傳大學,主任：馮承芝,ccfeng@mail.mcu.edu.tw,110,時尚與創新管理學士學位學程,140,140,時尚與創新管理學士學位學程=140,人工智慧應用學系；企業管理學系；休閒遊憩管理學系；休閒遊憩管理學系永續戶外冒探險活動專班；公共事務與行政管理學系；半導體應用學士學位學程；商品設計學系；商品設計學系創新設計與管理碩士班；商業設計學系；商業設計學系設計創作與研究碩士班；國防行政管理進修學士學位學程；國際事務碩士學位學程(外國學生專班)；國際事務與外交學士學位學程；國際企業學系；國際企業與貿易學士學位學程；國際學院工商管理學士學位學程泰國境外專班；廣告暨策略行銷學系；廣告暨策略行銷學系全媒體行銷與電子商務專班；廣播電視學系；建築學系；影音新聞暨社群傳播學系；應用中文與華語文教學系；應用日語學系；應用統計與資料科學學系；應用英語學系；教育研究所；數位媒體設計學系；新媒體暨傳播管理學系；新媒體暨傳播管理學系碩士在職專班馬來西亞境外專班；新聞與大眾傳播學士學位學程；旅遊與觀光學士學位學程；時尚與創新管理學士學位學程；會計學系；法律學系；犯罪防治學系；犯罪防治學系兩岸與犯罪防治碩士在職專班；生物科技學系；生物科技學系生技產業專班；生物醫學工程學系；華語文教學碩士學位學程；觀光事業學系；觀光事業學系智慧旅遊與觀光傳播專班；觀光事業學系現役軍人營區碩士在職專班；諮商臨床與工商心理學系；諮商臨床與工商心理學系現役軍人營區碩士在職專班；財務金融學系；財金法律學系；資訊工程學系；資訊工程學系智慧物聯網技術專班；資訊應用與金融保險學系；資訊科技應用與管理學士學位學程；資訊管理學系；都市設計與永續發展學系；都市設計與永續發展學系永續規劃與城市經營學程專班；醫療資訊與管理學系；醫療資訊與管理學系健康產業管理碩士班；金融學系；金融科技應用學士學位學程；金融科技應用學系；金融科技碩士學位學程；電機工程學系；餐旅管理學系；餐旅管理學系餐旅產業服務學程專班；高階經理碩士在職學位學程,AUTO_MATCHED,,,https://stats.moe.gov.tw/files/opendata/students.csv
玄奘大學,主任：吳珮韓,nimonica@hcu.edu.tw,111,時尚設計學系,17,17,時尚設計學系=17,傳播學院碩士班；大眾傳播學系；宗教與文化學系；影劇藝術學系；應用心理學系；應用日語學系；時尚設計學系；法律學系；社會工作學系；藝術與創意設計學系；藝術設計學院碩士班；視覺傳達設計學系；餐旅管理學系,AUTO_MATCHED,,,https://stats.moe.gov.tw/files/opendata/students.csv
開南大學,主任：林佳賢,chlin1206@mail.knu.edu.tw,112,形象管理進修學士學位學程,73,73,形象管理進修學士學位學程=73,AI科技與創新設計學士學位學程；人文社會學院公共事務碩士班；人文社會學院公共管理碩士在職專班；人文社會學院應用語言碩士班；人文社會學院法律碩士在職專班；企業與創業管理學系；企業與創業管理學系進修學士現役軍人營區專班；休閒事業管理學系；保健營養學系；健康照護管理學院健康照護技術碩士班；健康產業管理學系；公共事務管理學系；商學院國際榮譽學士學位學程；商學院經營管理碩士在職專班；國際企業學系；國際物流與運輸管理學系；形象管理進修學士學位學程；應用日語學系；應用英語學系；應用英語學系進修學士現役軍人營區專班；應用華語學系；文化創意與治理進修學士學位學程；會計學系；法律學系；法律學系碩士在職專班現役軍人營區專班；法律學系進修學士專班現役軍人營區專班；空運管理學系；觀光與餐飲旅館學系；觀光運輸學院碩士在職專班；觀光運輸學院碩士在職專班碩士在職現役軍人營區專班；觀光運輸學院碩士班；資訊傳播學系；資訊媒體學院資訊應用碩士在職專班；資訊媒體學院資訊應用碩士在職專班現役軍人營區專班；資訊管理學系；資訊管理學系進修學士班現役軍人營區專班；電影與創意媒體學系,AUTO_MATCHED,,,https://stats.moe.gov.tw/files/opendata/students.csv
國立彰化師範大學,所長：楊介仙,vr@gm.ncue.edu.tw,113,車輛科技研究所,33,27,車輛科技研究所=27,人力資源管理研究所；人工智慧科技應用碩士學位學程；企業管理學系；企業管理學系國際企業經營管理碩士在職專班；企業管理學系行銷與流通管理碩士班；光電科技研究所；光電科技研究所科技應用與管理碩士在職專班；公共事務與公民教育學系；公共事務與公民教育學系公共事務與公民教育碩士在職專班；化學系；台灣文學研究所；國文學系；國文學系國語文教學碩士在職專班；地理學系；地理學系地理暨環境資源博士班；工學院國際工程碩士學位學程；復健諮商研究所；技術及職業教育研究所；教育研究所；教育研究所教育創新與人力發展碩士在職專班；教育研究所教育學回流碩士在職專班；教育研究所教育學暨學校行政碩士在職專班馬來西亞境外專班；數學系；智慧車輛工程學系；會計學系；會計學系企業高階管理碩士在職專班；材料與生物科技暨科教國際碩士學位學程；機電工程學系；歷史學研究所；物理學系；特殊教育學系；特殊教育學系特教教學碩士學位班；特殊教育學系特殊教育碩士在職專班；生物學系；生物學系生物技術碩士班；科學教育研究所；科學教育研究所數理創意教學碩士在職專班馬來西亞境外專班；科技與兒少英語研究所；統計資訊研究所；美術學系；美術學系藝術教育碩士班；翻譯研究所；英語學系；英語學系應用英語碩士在職專班；財務金融技術學系；財務金融技術學系商業教育教學碩士在職專班；財務金融技術學系教育與商業管理碩士在職專班；財務金融技術學系行政管理碩士在職專班；資訊工程學系；資訊工程學系人工智慧應用服務碩士在職專班；資訊管理學系；資訊管理學系創新與管理碩士在職專班；資訊管理學系數位內容科技與管理碩士班；車輛科技研究所；輔導與諮商學系；輔導與諮商學系婚姻與家族治療碩士班；輔導與諮商學系心理健康與諮詢碩士在職專班；運動健康研究所；運動學系；運動學系應用運動科學碩士班；運動學系運動與健康休閒碩士在職專班；電子工程學系；電機工程學系；電機與機械科技學系；電機與機械科技學系技職教育教學碩士在職專班；電機與機械科技學系技職行政管理碩士在職專班；電機與機械科技學系數位學習碩士班；電機與機械科技學系智慧機電整合應用產學攜手合作專班1+4；電機與機械科技學系智慧鑄造與製造產學攜手合作專班；高齡健康促進與照護管理原住民專班,VERIFIED_OFFICIAL_OVERRIDE,,主檔舊值33；114教育部正式學籍OpenData為27，採114官方值,https://stats.moe.gov.tw/files/opendata/students.csv
國立彰化師範大學,主任：廖興國,dive@gm.ncue.edu.tw,114,智慧車輛工程學系,30,19,智慧車輛工程學系=19,人力資源管理研究所；人工智慧科技應用碩士學位學程；企業管理學系；企業管理學系國際企業經營管理碩士在職專班；企業管理學系行銷與流通管理碩士班；光電科技研究所；光電科技研究所科技應用與管理碩士在職專班；公共事務與公民教育學系；公共事務與公民教育學系公共事務與公民教育碩士在職專班；化學系；台灣文學研究所；國文學系；國文學系國語文教學碩士在職專班；地理學系；地理學系地理暨環境資源博士班；工學院國際工程碩士學位學程；復健諮商研究所；技術及職業教育研究所；教育研究所；教育研究所教育創新與人力發展碩士在職專班；教育研究所教育學回流碩士在職專班；教育研究所教育學暨學校行政碩士在職專班馬來西亞境外專班；數學系；智慧車輛工程學系；會計學系；會計學系企業高階管理碩士在職專班；材料與生物科技暨科教國際碩士學位學程；機電工程學系；歷史學研究所；物理學系；特殊教育學系；特殊教育學系特教教學碩士學位班；特殊教育學系特殊教育碩士在職專班；生物學系；生物學系生物技術碩士班；科學教育研究所；科學教育研究所數理創意教學碩士在職專班馬來西亞境外專班；科技與兒少英語研究所；統計資訊研究所；美術學系；美術學系藝術教育碩士班；翻譯研究所；英語學系；英語學系應用英語碩士在職專班；財務金融技術學系；財務金融技術學系商業教育教學碩士在職專班；財務金融技術學系教育與商業管理碩士在職專班；財務金融技術學系行政管理碩士在職專班；資訊工程學系；資訊工程學系人工智慧應用服務碩士在職專班；資訊管理學系；資訊管理學系創新與管理碩士在職專班；資訊管理學系數位內容科技與管理碩士班；車輛科技研究所；輔導與諮商學系；輔導與諮商學系婚姻與家族治療碩士班；輔導與諮商學系心理健康與諮詢碩士在職專班；運動健康研究所；運動學系；運動學系應用運動科學碩士班；運動學系運動與健康休閒碩士在職專班；電子工程學系；電機工程學系；電機與機械科技學系；電機與機械科技學系技職教育教學碩士在職專班；電機與機械科技學系技職行政管理碩士在職專班；電機與機械科技學系數位學習碩士班；電機與機械科技學系智慧機電整合應用產學攜手合作專班1+4；電機與機械科技學系智慧鑄造與製造產學攜手合作專班；高齡健康促進與照護管理原住民專班,VERIFIED_OFFICIAL_OVERRIDE,,主檔舊值30；114教育部正式學籍OpenData為19，採114官方值,https://stats.moe.gov.tw/files/opendata/students.csv
國立屏東科技大學,主任：王耀男,yanwang@mail.npust.edu.tw,115,車輛工程系,286,346,車輛工程系=283；車輛工程系碩士班=63,企業管理系；企業管理系碩士在職專班；企業管理系碩士班；休閒運動健康系；休閒運動健康系碩士在職專班；休閒運動健康系碩士班；先進材料學士學位學程；動物用疫苗國際學位專班；動物疫苗科技研究所；動物科學與畜產系；動物科學與畜產系_畜產科技實務專班；動物科學與畜產系碩士班；土木工程系；土木工程系博士班；土木工程系碩士班；客家文化產業研究所；工業管理系；工業管理系碩士在職專班；工業管理系碩士班；幼兒保育系；幼兒保育系碩士班；應用外語系；應用外語系碩士班；技術及職業教育研究所；時尚設計與管理系；時尚設計與管理系_時尚技藝精進技優領航專班；時尚設計與管理系碩士班；景觀暨遊憩管理研究所；智慧機電學士學位學程；木材科學與設計系；木材科學與設計系_木藝技優領航專班；木材科學與設計系碩士班；材料工程系；材料工程系碩士班；森林系；森林系碩士班；植物醫學系；植物醫學系碩士班；機械工程系；機械工程系_知能精進技優領航專班；機械工程系_精密加工專班；機械工程系碩士班；水土保持系；水土保持系碩士班；水產養殖系；水產養殖系_水產養殖科技專班；水產養殖系博士班；水產養殖系碩士班；熱帶農業暨國際合作系；熱帶農業暨國際合作系博士班；熱帶農業暨國際合作系碩士班；獸醫學系；獸醫學系博士班；獸醫學系碩士班；環境工程與科學系；環境工程與科學系博士班；環境工程與科學系碩士在職專班；環境工程與科學系碩士班；環境資源與防災學位學程；生物機電工程系；生物機電工程系_機電整合技優領航專班；生物機電工程系碩士班；生物科技系；生物科技系碩士班；社會工作系；社會工作系碩士班；科技管理研究所；科技農業進修學士學位學程；觀賞魚科技及水生動物健康國際學位專班；財務金融國際學士學位學程；資訊管理系；資訊管理系碩士在職專班；資訊管理系碩士班；車輛工程系；車輛工程系碩士班；農企業管理系；農企業管理系_多元農企業技優領航專班；農企業管理系碩士在職專班；農企業管理系碩士班；農園生產系；農園生產系博士班；農園生產系碩士在職專班；農園生產系碩士班；農學院生物資源博士班；野生動物保育研究所；食品生技碩士學位學程在職專班；食品科學系；食品科學系博士班；食品科學系碩士在職專班；食品科學系碩士班；餐旅管理系；餐旅管理系碩士班；高階經營管理碩士在職專班,AUTO_MATCHED,,,https://stats.moe.gov.tw/files/opendata/students.csv
國立臺東專科學校,主任：謝銘哲,mjhsieh@ntc.edu.tw,116,動力機械科,75,75,動力機械科=75,創意商品設計科；動力機械科；園藝暨景觀科；建築科；行銷與流通管理科；資訊管理科；電機工程科；食品科技科；餐旅管理科,AUTO_MATCHED,,,https://stats.moe.gov.tw/files/opendata/students.csv
健行學校財團法人健行科技大學,主任：賴柔雨,laijouyu@uch.edu.tw,117,車輛工程系,238,389,車輛工程系=239；車輛工程系=141；車輛工程系_國際專修部=2；車輛工程系_車輛維修技術實務專班=7,企業管理系；企業管理系碩士在職專班；企業管理系碩士班；國際企業經營系；國際企業經營系_國際學生產學合作專班；國際企業經營系碩士班；土木工程系；土木工程系_國際專修部；土木工程系_營建育成專班；土木工程系空間資訊與防災科技碩士班；室內設計與管理系；工業管理系；工業管理系_國際學生產學合作專班；工業管理系_國際專修部；工業管理系碩士班；應用外語系；應用空間資訊系；應用空間資訊系_國際專修部；數位多媒體設計系；材料製造科技學士學位學程；機械工程系；機械工程系_國際學生產學合作專班；機械工程系_國際專修部；機械工程系碩士班；行銷與流通管理系；行銷與流通管理系_國際學生產學合作專班；行銷與流通管理系_電子商務專班；財務金融系；財務金融系碩士班；資訊工程系；資訊工程系_國際學生產學合作專班；資訊工程系_國際專修部；資訊工程系碩士班；資訊管理系；資訊管理系_國際學生產學合作專班；資訊管理系碩士班；車輛工程系；車輛工程系_國際專修部；車輛工程系_車輛維修技術實務專班；電子工程系；電子工程系_國際學生產學合作專班；電子工程系_國際專修部；電子工程系_資訊電子應用僑生專班；電子工程系碩士班；電機工程系；電機工程系_國際學生產學合作專班；電機工程系_國際專修部；電機工程系碩士班；餐旅管理系；餐旅管理系_餐飲管理僑生專班,AUTO_MATCHED,,,https://stats.moe.gov.tw/files/opendata/students.csv
吳鳳科技大學,主任：譚仲明,cmtan@wfu.edu.tw,118,車輛工程系－國際學生產學合作專班,35,112,車輛工程系=77；車輛工程系_國際學生產學合作專班=35,人工智慧無人機科技系；休閒遊憩與運動管理科；休閒遊憩與運動管理系；休閒遊憩與運動管理系_國際學生產學合作專班；安全科技與管理系；安全科技與管理系_國際學生產學合作專班；幼兒保育科；幼兒保育系；應用數位媒體系_數位設計技術國際學生產學合作專班；數位科技與媒體設計系；數位科技與媒體設計系_數位設計技術國際學生產學合作專班；數位科技與媒體設計系碩士在職專班；機械工程系_國際學生產學合作專班；機械工程系_國際專修部；機械與智慧製造工程科；機械與智慧製造工程系；機械與智慧製造工程系_動力機械國際學生產學合作專班；機械與智慧製造工程系_國際學生產學合作專班；機械與智慧製造工程系_國際專修部；消防系；消防系碩士在職專班；美容美髮造型設計系；觀光休閒管理系；觀光休閒管理系_國際專修部；觀光休閒管理系_觀光實務國際學生產學合作專班；車輛工程系；車輛工程系_國際學生產學合作專班；車輛科技與經營管理系_電動車輛工程專班；長期照護與管理系；電機工程科；電機工程系；電機工程系_國際專修部；電機工程系_智慧製造產學專班；電機工程系光機電暨材料碩士班；餐旅管理系；餐旅管理系_國際學生產學合作專班；餐旅管理系_國際專修部；餐旅管理系_食品安全國際學生產學合作專班；餐旅管理系_餐旅管理產學專班；餐旅管理系餐旅管理與餐飲安全碩士班,AUTO_MATCHED,,,https://stats.moe.gov.tw/files/opendata/students.csv
修平學校財團法人修平科技大學,主任：蔡篤校,dstsai@mail.hust.edu.tw,119,智慧車輛系,,27,智慧車輛系=27,企業經營管理科；企業經營管理系；企業經營管理系_現役軍人營區在職專班；企業經營管理系人力資源管理碩士班；工業工程與管理系；工業工程與管理系(含精實生產管理碩士班)_現役軍人營區在職專班；工業工程與管理系_國際學生產學合作專班；工業工程與管理系精實生產管理碩士在職專班；工業工程與管理系精實生產管理碩士班；應用日語系；應用英語系；數位媒體設計系；智慧車輛系；機械工程系；機械工程系(含精密機械與製造科技碩士班)_國際專修部；機械工程系_國際專修部；機械工程系精密機械與製造科技碩士班；行銷與流通管理系；觀光與遊憩管理系_國際學生產學合作專班；觀光與遊憩管理系_國際專修部；觀光與遊憩管理系_觀光飯店與餐飲服務國際學生產學合作專班；觀光與餐旅管理系；觀光與餐旅管理系_國際學生產學合作專班；觀光與餐旅管理系_國際專修部；資訊管理系；資訊管理系_智慧資訊技術僑生專班；資訊管理系_現役軍人營區在職專班；資訊網路技術系；電子工程系；電子工程系_國際學生產學合作專班；電子工程系_國際專修部；電子工程系_智慧電子技術僑生專班；電機工程系；電機工程系(含碩士班)_國際學生產學合作專班；電機工程系(含碩士班)_現役軍人營區在職專班；電機工程系碩士班,AUTO_MATCHED,,,https://stats.moe.gov.tw/files/opendata/students.csv
華夏學校財團法人華夏科技大學,主任：張原彰,ycchang@go.hwh.edu.tw,120,智慧車輛系,20,37,智慧車輛系=20；智慧車輛系=17,企業管理系；企業管理系資產與物業管理碩士在職專班；化妝品應用系；建築科；建築系；數位媒體設計系；智慧型機器人研究所；智慧車輛系；機械工程科；機械工程系；資訊工程系；資訊管理科；資訊管理系；資訊管理系_現役軍人營區在職專班；資訊管理系碩士在職專班；電機工程科；電機工程系,AUTO_MATCHED,,,https://stats.moe.gov.tw/files/opendata/students.csv
黎明技術學院,主任：袁平,pyuan@mail.lit.edu.tw,121,車輛工程系,112,412,車輛工程系=112；車輛工程系=232；車輛工程系_國際專修部=68,化妝品應用系；化妝品應用系_時尚造型設計產學專班；影視傳播系；戲劇系；數位多媒體科；數位多媒體系；數位多媒體系_國際學生產學合作專班；數位行銷管理系；數位行銷管理系_國際專修部；數位行銷管理系_現役軍人營區在職專班；智慧製造工程系；智慧製造工程系_國際學生產學合作專班；智慧製造工程系_國際專修部；服飾設計系；服飾設計系_機能性紡織國際學生產學合作專班；機械工程系_國際學生產學合作專班；機械工程系_國際專修部；織品技術管理研究所；表演藝術系；觀光休閒系；觀光休閒系_國際專修部；觀光休閒系_觀光休閒產學僑生專班；車輛工程系；車輛工程系_國際專修部；電機工程科；電機工程系；電機工程系_國際學生產學合作專班；電機工程系_國際專修部；電機工程系_電資產業產學專班；餐飲管理系；餐飲管理系_國際學生產學合作專班；餐飲管理系_國際專修部；餐飲管理系_餐飲管理產學專班,AUTO_MATCHED,,,https://stats.moe.gov.tw/files/opendata/students.csv
大葉大學,主任：黃舜星,alton888@mail.dyu.edu.tw,122|135,造形藝術學系；空間設計學系,213,213,空間設計學系=148；造形藝術學系=16；造形藝術學系=49,人力資源暨公共關係學系；企業管理學系；傳播藝術學士學位學程；傳播藝術學士學位學程表演藝術原住民專班；半導體學士學位學程；商業經營國際碩士學位學程；國際企業管理學系；多媒體數位內容學士學位學程；學士後護理學系；建築研究所；應用日語學系；教育專業發展研究所；智慧財產權碩士在職學位學程；會計與資訊管理學系；機械與自動化工程學系；消防安全學士學位學程；烘焙暨飲料調製學士學位學程；環境與安全工程學系；生物科技與產業博士學位學程；生物資源學系；生物醫學系；空間設計學系；管理學院博士班；管理學院碩士在職專班；職能治療學系；英語學系；藥用植物與食品保健學系；視光學系；觀光休閒學系；設計學系；設計暨藝術學院教師碩士在職專班；設計暨藝術學院碩士在職專班；設計暨藝術學院碩士班；護理學系；財務金融學系；財務金融學系114秋季班財富管理專班；資訊工程學系；造形藝術學系；運動健康管理學系；醫學工程學系；醫療器材設計與材料碩士學位學程；電機工程學系；餐旅管理學系,AUTO_MATCHED,,,https://stats.moe.gov.tw/files/opendata/students.csv
銘傳大學,主任：詹仕鑑,scchan@mail.mcu.edu.tw,123,數位媒體設計學系,724,724,數位媒體設計學系=13；數位媒體設計學系=711,人工智慧應用學系；企業管理學系；休閒遊憩管理學系；休閒遊憩管理學系永續戶外冒探險活動專班；公共事務與行政管理學系；半導體應用學士學位學程；商品設計學系；商品設計學系創新設計與管理碩士班；商業設計學系；商業設計學系設計創作與研究碩士班；國防行政管理進修學士學位學程；國際事務碩士學位學程(外國學生專班)；國際事務與外交學士學位學程；國際企業學系；國際企業與貿易學士學位學程；國際學院工商管理學士學位學程泰國境外專班；廣告暨策略行銷學系；廣告暨策略行銷學系全媒體行銷與電子商務專班；廣播電視學系；建築學系；影音新聞暨社群傳播學系；應用中文與華語文教學系；應用日語學系；應用統計與資料科學學系；應用英語學系；教育研究所；數位媒體設計學系；新媒體暨傳播管理學系；新媒體暨傳播管理學系碩士在職專班馬來西亞境外專班；新聞與大眾傳播學士學位學程；旅遊與觀光學士學位學程；時尚與創新管理學士學位學程；會計學系；法律學系；犯罪防治學系；犯罪防治學系兩岸與犯罪防治碩士在職專班；生物科技學系；生物科技學系生技產業專班；生物醫學工程學系；華語文教學碩士學位學程；觀光事業學系；觀光事業學系智慧旅遊與觀光傳播專班；觀光事業學系現役軍人營區碩士在職專班；諮商臨床與工商心理學系；諮商臨床與工商心理學系現役軍人營區碩士在職專班；財務金融學系；財金法律學系；資訊工程學系；資訊工程學系智慧物聯網技術專班；資訊應用與金融保險學系；資訊科技應用與管理學士學位學程；資訊管理學系；都市設計與永續發展學系；都市設計與永續發展學系永續規劃與城市經營學程專班；醫療資訊與管理學系；醫療資訊與管理學系健康產業管理碩士班；金融學系；金融科技應用學士學位學程；金融科技應用學系；金融科技碩士學位學程；電機工程學系；餐旅管理學系；餐旅管理學系餐旅產業服務學程專班；高階經理碩士在職學位學程,AUTO_MATCHED,,,https://stats.moe.gov.tw/files/opendata/students.csv
輔仁大學,主任：方彩欣,040057@mail.fju.edu.tw,124,應用美術學系,535,535,應用美術學系=34；應用美術學系=287；應用美術學系=214,中國文學系；人工智慧與資訊安全學士學位學程；人文社會服務進修學士學位學程；人文與社區創新學士學位學程；企業管理學系；企業管理學系管理學碩士在職專班；企業管理學系管理學碩士班；兒童與家庭學系；兒童與家庭學系學士後學位學程教保員專班；公共衛生學系；化學系；博物館學研究所；呼吸治療學系；品牌與時尚經營管理碩士學位學程；哲學系；商學研究所；商業管理學士學位學程；國際創業與經營管理碩士學位學程；國際溝通與科技創新學士學位學程；國際經營管理碩士學位學程；圖書資訊學系；大眾傳播學士學位學程；大眾傳播學研究所；天主教研修學士學位學程；學士後法律學系；學士後護理學系；宗教學系；室內設計進修學士學位學程；廣告傳播學系；影像傳播學系；德語語文學系；心理學系；應用科學與工程研究所；應用美術學系；教育領導與發展研究所；教育領導與科技發展學士學位學程；數學系；新聞傳播學系；日本語文學系；景觀設計學系；會計學系；服飾採購與行銷進修學士學位學程；歷史學系；法國語文學系；法律學系；營養科學系；營養科學系114秋季班食品營養保健產業新型專班；物理學系；生命科學系；生技醫藥博士學位學程；生物醫學暨藥學研究所；社會企業碩士在職學位學程；社會企業碩士學位學程；社會學系；社會工作學系；科技管理碩士學位學程；統計資訊學系；統計資訊學系應用統計碩士在職專班；統計資訊學系應用統計碩士班；經濟學系；織品服裝學系；織品服裝學系織品服裝國際碩士專班；義大利語文學系；職能治療學系；臨床心理學系；英國語文學系；藝術與文化創意學士學位學程；西班牙語文學系；護理學系；財經法律學系；財經法律學系原住民碩士在職專班；資訊工程學系；資訊管理學系；跨專業長期照護碩士學位學程；跨文化研究所比較文學與跨文化研究博士班；跨文化研究所翻譯學碩士在職專班；跨文化研究所翻譯學碩士班；跨文化研究所華語教學與語言科技碩士班；跨領域全英語學士學位學程；軟體工程與數位創意學士學位學程；軟體工程與數位創意學士學位學程學士後AI創新應用多元培力專班；運動休閒管理學士學位學程；運動資訊與健康生活進修學士學位學程；醫學系；醫學資訊與健康科技進修學士學位學程；醫學資訊與創新應用學士學位學程；醫療暨健康產業大數據碩士學位學程；金融與國際企業學系；金融與國際企業學系金融碩士在職專班；金融與國際企業學系金融碩士班；長期照護與健康管理進修學士學位學程；電機工程學系；非營利組織管理碩士學位學程；音樂學系；食品營養博士學位學程；食品科學系；食品科學系114秋季班食品產業國際人才新型碩士專班；餐旅管理學系；體育學系,AUTO_MATCHED,,,https://stats.moe.gov.tw/files/opendata/students.csv
輔仁大學,主任：胡發祥,143145@mail.fju.edu.tw,125,藝術與文化創意學士學位學程,163,163,藝術與文化創意學士學位學程=163,中國文學系；人工智慧與資訊安全學士學位學程；人文社會服務進修學士學位學程；人文與社區創新學士學位學程；企業管理學系；企業管理學系管理學碩士在職專班；企業管理學系管理學碩士班；兒童與家庭學系；兒童與家庭學系學士後學位學程教保員專班；公共衛生學系；化學系；博物館學研究所；呼吸治療學系；品牌與時尚經營管理碩士學位學程；哲學系；商學研究所；商業管理學士學位學程；國際創業與經營管理碩士學位學程；國際溝通與科技創新學士學位學程；國際經營管理碩士學位學程；圖書資訊學系；大眾傳播學士學位學程；大眾傳播學研究所；天主教研修學士學位學程；學士後法律學系；學士後護理學系；宗教學系；室內設計進修學士學位學程；廣告傳播學系；影像傳播學系；德語語文學系；心理學系；應用科學與工程研究所；應用美術學系；教育領導與發展研究所；教育領導與科技發展學士學位學程；數學系；新聞傳播學系；日本語文學系；景觀設計學系；會計學系；服飾採購與行銷進修學士學位學程；歷史學系；法國語文學系；法律學系；營養科學系；營養科學系114秋季班食品營養保健產業新型專班；物理學系；生命科學系；生技醫藥博士學位學程；生物醫學暨藥學研究所；社會企業碩士在職學位學程；社會企業碩士學位學程；社會學系；社會工作學系；科技管理碩士學位學程；統計資訊學系；統計資訊學系應用統計碩士在職專班；統計資訊學系應用統計碩士班；經濟學系；織品服裝學系；織品服裝學系織品服裝國際碩士專班；義大利語文學系；職能治療學系；臨床心理學系；英國語文學系；藝術與文化創意學士學位學程；西班牙語文學系；護理學系；財經法律學系；財經法律學系原住民碩士在職專班；資訊工程學系；資訊管理學系；跨專業長期照護碩士學位學程；跨文化研究所比較文學與跨文化研究博士班；跨文化研究所翻譯學碩士在職專班；跨文化研究所翻譯學碩士班；跨文化研究所華語教學與語言科技碩士班；跨領域全英語學士學位學程；軟體工程與數位創意學士學位學程；軟體工程與數位創意學士學位學程學士後AI創新應用多元培力專班；運動休閒管理學士學位學程；運動資訊與健康生活進修學士學位學程；醫學系；醫學資訊與健康科技進修學士學位學程；醫學資訊與創新應用學士學位學程；醫療暨健康產業大數據碩士學位學程；金融與國際企業學系；金融與國際企業學系金融碩士在職專班；金融與國際企業學系金融碩士班；長期照護與健康管理進修學士學位學程；電機工程學系；非營利組織管理碩士學位學程；音樂學系；食品營養博士學位學程；食品科學系；食品科學系114秋季班食品產業國際人才新型碩士專班；餐旅管理學系；體育學系,AUTO_MATCHED,,,https://stats.moe.gov.tw/files/opendata/students.csv
輔仁大學,主任：林國棟,053806@mail.fju.edu.tw,126,品牌與時尚經營管理碩士學位學程,7,7,品牌與時尚經營管理碩士學位學程=7,中國文學系；人工智慧與資訊安全學士學位學程；人文社會服務進修學士學位學程；人文與社區創新學士學位學程；企業管理學系；企業管理學系管理學碩士在職專班；企業管理學系管理學碩士班；兒童與家庭學系；兒童與家庭學系學士後學位學程教保員專班；公共衛生學系；化學系；博物館學研究所；呼吸治療學系；品牌與時尚經營管理碩士學位學程；哲學系；商學研究所；商業管理學士學位學程；國際創業與經營管理碩士學位學程；國際溝通與科技創新學士學位學程；國際經營管理碩士學位學程；圖書資訊學系；大眾傳播學士學位學程；大眾傳播學研究所；天主教研修學士學位學程；學士後法律學系；學士後護理學系；宗教學系；室內設計進修學士學位學程；廣告傳播學系；影像傳播學系；德語語文學系；心理學系；應用科學與工程研究所；應用美術學系；教育領導與發展研究所；教育領導與科技發展學士學位學程；數學系；新聞傳播學系；日本語文學系；景觀設計學系；會計學系；服飾採購與行銷進修學士學位學程；歷史學系；法國語文學系；法律學系；營養科學系；營養科學系114秋季班食品營養保健產業新型專班；物理學系；生命科學系；生技醫藥博士學位學程；生物醫學暨藥學研究所；社會企業碩士在職學位學程；社會企業碩士學位學程；社會學系；社會工作學系；科技管理碩士學位學程；統計資訊學系；統計資訊學系應用統計碩士在職專班；統計資訊學系應用統計碩士班；經濟學系；織品服裝學系；織品服裝學系織品服裝國際碩士專班；義大利語文學系；職能治療學系；臨床心理學系；英國語文學系；藝術與文化創意學士學位學程；西班牙語文學系；護理學系；財經法律學系；財經法律學系原住民碩士在職專班；資訊工程學系；資訊管理學系；跨專業長期照護碩士學位學程；跨文化研究所比較文學與跨文化研究博士班；跨文化研究所翻譯學碩士在職專班；跨文化研究所翻譯學碩士班；跨文化研究所華語教學與語言科技碩士班；跨領域全英語學士學位學程；軟體工程與數位創意學士學位學程；軟體工程與數位創意學士學位學程學士後AI創新應用多元培力專班；運動休閒管理學士學位學程；運動資訊與健康生活進修學士學位學程；醫學系；醫學資訊與健康科技進修學士學位學程；醫學資訊與創新應用學士學位學程；醫療暨健康產業大數據碩士學位學程；金融與國際企業學系；金融與國際企業學系金融碩士在職專班；金融與國際企業學系金融碩士班；長期照護與健康管理進修學士學位學程；電機工程學系；非營利組織管理碩士學位學程；音樂學系；食品營養博士學位學程；食品科學系；食品科學系114秋季班食品產業國際人才新型碩士專班；餐旅管理學系；體育學系,AUTO_MATCHED,,,https://stats.moe.gov.tw/files/opendata/students.csv
長庚大學,主任：陳文誌,wenzhi@mail.cgu.edu.tw,127,工業設計學系,154,170,工業設計學系=16；工業設計學系=154,中醫學系；中醫學系傳統中醫學碩士班；中醫學系天然藥物碩士班；人工智慧學士學位學程；人工智慧學系；健康數據科學研究所；健康暨長期照護產業碩士學位學程；光電工程研究所；免疫轉譯醫學研究所；化工與材料工程學系；呼吸治療學系；商管專業學院碩士學位學程；商管專業學院碩士學位學程在職專班；奈米工程及設計碩士學位學程；學士後護理學系；工商管理學系；工業設計學系；數位金融科技學系；新興病毒分子醫學國際碩士學位學程；早期療育研究所；智慧醫療創新碩士學位學程；機械工程學系；物理治療學系；生物科技產業博士學位學程；生物科技產業碩士學位學程；生物醫學工程博士學位學程；生物醫學工程學系；生物醫學研究所；生物醫學系；生物醫學系臨床試驗與評估碩士班；管理研究所；職能治療學系；職能治療學系行為科學碩士班；臨床醫學研究所；護理學系；資產管理研究所；資訊工程學系；資訊管理學系；醫務管理學系；醫學影像暨放射科學系；醫學生物技術暨檢驗學系；醫學系；電子工程學系；電機工程學系；顯微手術國際碩士學位學程；顱顏口腔醫學研究所,AUTO_MATCHED,,,https://stats.moe.gov.tw/files/opendata/students.csv
大葉大學,主任：何珮琪,peggyho@mail.dyu.edu.tw,128,設計學系,95,109,設計學系=2；設計學系=93；設計暨藝術學院教師碩士在職專班=1；設計暨藝術學院碩士在職專班=4；設計暨藝術學院碩士班=9,人力資源暨公共關係學系；企業管理學系；傳播藝術學士學位學程；傳播藝術學士學位學程表演藝術原住民專班；半導體學士學位學程；商業經營國際碩士學位學程；國際企業管理學系；多媒體數位內容學士學位學程；學士後護理學系；建築研究所；應用日語學系；教育專業發展研究所；智慧財產權碩士在職學位學程；會計與資訊管理學系；機械與自動化工程學系；消防安全學士學位學程；烘焙暨飲料調製學士學位學程；環境與安全工程學系；生物科技與產業博士學位學程；生物資源學系；生物醫學系；空間設計學系；管理學院博士班；管理學院碩士在職專班；職能治療學系；英語學系；藥用植物與食品保健學系；視光學系；觀光休閒學系；設計學系；設計暨藝術學院教師碩士在職專班；設計暨藝術學院碩士在職專班；設計暨藝術學院碩士班；護理學系；財務金融學系；財務金融學系114秋季班財富管理專班；資訊工程學系；造形藝術學系；運動健康管理學系；醫學工程學系；醫療器材設計與材料碩士學位學程；電機工程學系；餐旅管理學系,AUTO_MATCHED,,,https://stats.moe.gov.tw/files/opendata/students.csv
義守大學,主任：孫志彬,jbsuen@isu.edu.tw,130,新媒體設計學系,84,84,新媒體設計學系=84,企業管理學系；企業管理學系進修學士現役軍人營區專班；健康管理學系；傳播與設計學院原住民專班；傳播與設計學院文創傳播與設計碩士班；公共政策與管理學系；公共政策與管理學系碩士在職現役軍人營區專班；創意整合設計學系；化學工程學系；化學工程學系生物技術與化學工程博士班；化學工程學系生物技術與化學工程碩士班；半導體學士學位學程；國際企業經營學系；國際企業經營英語學士學位學程；國際傳媒與娛樂管理學系；國際傳媒與娛樂管理英語學士學位學程；國際商務學系；國際學院國際管理碩士班；國際溝通暨應用英語學系；國際觀光餐旅學系；國際財務金融學系；土木工程學系；大眾傳播學系；學士後中醫學系；學士後護理學系；學士後醫學系外國學生專班；工學院工程科技碩士班；工業管理學系；工業管理學系碩士在職現役軍人營區專班；工業管理學系進修學士現役軍人營區專班；廚藝暨美食學學系；應用日語學系；新媒體設計學系；智慧科技英語學士學位學程；智慧網路科技學系；智慧觀光餐旅管理英語學士學位學程；智慧醫療暨生物資訊碩士學位學程；會計學系；材料科學與工程學系；機械與自動化工程學系；營養學系；物理治療學系；生物醫學工程學系；管理學院管理博士班；管理學院管理碩士在職專班；管理學院進修學士班；職能治療學系；視覺藝術與設計學系；觀光智慧服務與科技學系；觀光餐旅學院原住民專班；護理學系；護理學系原住民專班；財務與商業分析英語學士學位學程；財務金融管理學系；財務金融管理學系進修學士現役軍人營區專班；資料科學與大數據分析學系；資訊工程學系；資訊管理學系；資訊管理學系碩士在職現役軍人營區專班；資訊管理學系進修學士現役軍人營區專班；運動科技與休閒管理學系；醫務管理學系；醫學影像暨放射科學系；醫學檢驗技術學系；醫學研究所；醫學科學與生物科技學系；醫學系(公費生)；電子工程學系；電影與電視學系；電機工程學系；電機工程學系113春季班設備工程專班；電機工程學系114秋季班設備工程專班；電機工程學系學士後二年制設備工程專班；餐旅管理學系,AUTO_MATCHED,,,https://stats.moe.gov.tw/files/opendata/students.csv
弘光科技大學,主任：吳牧臻,janice@sunrise.hk.edu.tw,131,文化設計與行銷系,324,324,文化設計與行銷系=237；文化設計與行銷系=87,健康事業管理系；健康事業管理系碩士在職專班；健康事業管理系碩士班；動物保健學士學位學程；動物保健系；化妝品應用科；化妝品應用系；化妝品應用系_香港二技專班；化妝品應用系碩士在職專班；化妝品應用系碩士班；國際溝通英語系；多媒體遊戲發展與應用系；學士後護理系；幼兒保育系；幼兒保育系_學士後學位學程教保員專班；文化設計與行銷系；智慧科技應用系；智慧科技應用系_國際專修部；營養系；營養系碩士班；物理治療系；環境與安全衛生工程系；環境與安全衛生工程系_國際專修部；環境與安全衛生工程系碩士在職專班；環境與安全衛生工程系碩士班；生物科技系；美髮造型設計科；美髮造型設計系；老人福利與長期照顧事業系；老人福利與長期照顧事業系碩士班；語言治療與聽力學系；護理科；護理系；護理系博士班；護理系碩士在職專班；護理系碩士班；運動休閒系；運動保健與防護系；醫療器材發展與應用系；食品科技系；食品科技系_國際專修部；食品科技系_海外青年技術訓練班；食品科技系_食品製造產學攜手僑生專班；食品科技系碩士在職專班；食品科技系碩士班；餐旅管理系；餐旅管理系_國際專修部,AUTO_MATCHED,,,https://stats.moe.gov.tw/files/opendata/students.csv
僑光科技大學,主任：李世珍,d821104@ocu.edu.tw,132,生活創意設計系,256,256,生活創意設計系=199；生活創意設計系=57,企業管理系；企業管理系碩士在職專班；企業管理系碩士班；國際貿易系；多媒體與遊戲設計系；應用外語系；旅館與會展管理系；機械與電腦輔助工程系；生活創意設計系；行銷與流通管理系；觀光與休閒事業管理系；財務金融系；財務金融系碩士班；財經法律系；財經法律系_多元培力專班；資訊科技系；資訊科技系_國際學生產學合作專班；資訊科技系_資通訊製造國際學生產學合作專班；資訊科技系碩士班；電腦輔助工業設計系；電腦輔助工業設計系_精密機械生產製造與管理專班；餐飲管理系；餐飲管理系_餐飲人才培育管理專班,AUTO_MATCHED,,,https://stats.moe.gov.tw/files/opendata/students.csv
亞洲大學,主任：李元榮,zone@asia.edu.tw,133,創意設計學院不分系國際設計學士班,4,0,,人工智慧博士學位學程；人工智慧學系；健康產業管理學系；創意商品設計學系；創新產業博士學位學程；外國語文學系；學士後獸醫學系；學士後護理學系；室內設計學系；幼兒教育學系；心理學系；數位媒體設計學系；新興產業策略與發展博士學位學程；時尚設計學系；智慧健康先進管理技術博士學位學程；會計與資訊學系；物理治療學系；生物資訊與醫學工程學系；社會工作學系；管理學院進修學士學位學程；經營管理學系；經營管理學系企業經濟與策略博士班；職能治療學系；聽力暨語言治療學系；視光學系；護理學系；財務金融學系；財務金融學系114秋季班元大國際產業人才教育財務金融碩士專班；財務金融學系財務金融碩士專班；財經法律學系；資訊傳播學系；資訊工程學系；醫學檢驗暨生物技術學系；長期照護學系；食品營養與保健生技學系,FINAL_ZERO_NO_114_RECORD,創意設計學院不分系國際設計學士班,,https://stats.moe.gov.tw/files/opendata/students.csv
中原大學,主任：謝淳鈺,ch0315@cycu.edu.tw,134,室內設計學系,406,406,室內設計學系=42；室內設計學系=280；室內設計學系=84,中原大學美國威大密爾瓦基分校電機與資訊工程雙學士學位學程；中原大學與美國天普大學商學管理雙學士學位學程；人文與教育學院學士學位學程；企業管理學系；企業管理學系碩士在職現役軍人營區專班；全校外籍生大一不分系學士學位學程；化學工程學系；化學系；半導體材料與光電檢測碩士學位學程；商學博士學位學程；商業設計學系；國際商學學士學位學程；國際商學碩士學位學程；國際經營與貿易學系；土木工程學系；地景建築學系；宗教研究所；室內設計學系；工業與系統工程學系；工業與系統工程學系國際碩士班；工業與系統工程學系碩士專班；建築學系；心理學系；應用外國語文學系；應用數學系；應用華語文學系；教育研究所；智慧運算與大數據碩士學位學程；會計學系；機械工程學系；淨零循環經濟學士後專班；物理學系；特殊教育學系；理學院半導體人才培育碩士專班；環境工程學系；生物科技學系；生物醫學工程學系；英國牛津布魯克斯大學建築及都市設計雙學士學位學程；設計學博士學位學程；設計學院設計學士原住民專班；財務金融學系；財經法律學系；財經法律學系五年制；資訊工程學系；資訊工程學系資訊安全與科技犯罪偵查碩士在職專班；資訊管理學系；資訊管理學系碩士在職現役軍人營區專班；電子工程學系；電機工程學系；電機工程學系國際碩士班；電機資訊學院人工智慧應用學士學位學程；電機資訊學院學士班；電機資訊學院智慧運算與大數據學士班；音樂產業碩士學位學程,AUTO_MATCHED,,,https://stats.moe.gov.tw/files/opendata/students.csv
逢甲大學,主任：李元榮,yjlee@o365.fcu.edu.tw,136,室內設計學士學位學程,286,268,室內設計學士學位學程=143；室內設計進修學士班=125,中國文學系；人工智慧技術與應用學士學位學程；企業管理學系；光電科學與工程學系；全校國際生大一不分系學士班；公共事務與社會創新研究所；化學工程學系；合作經濟暨社會事業經營學系；商學博士學位學程；商學專業碩士在職學位學程；商學進修學士學位學程；國際企業管理全英語學士學位學程；國際經營與貿易學系；國際經營與貿易學系國際企業管理全英語學士班；國際雙學士學位學程；土地管理學系；土木工程學系；土木工程學系營建工程與管理進修學士班；外國語文學系；外國語文學系英語文研究碩士班；太空系統工程碩士學位學程；學士後工程與科學學院淨零智慧永續學士班；室內設計學士學位學程；室內設計進修學士班；專案管理碩士在職學位學程；工業工程與系統管理學系；建築學士學位學程；建築專業學院學士班；建築碩士學位學程；建設碩士在職學位學程；建設規劃與工程博士學位學程；應用數學系；數據科學碩士學位學程；文化與社會創新碩士學位學程；智慧城市碩士學位學程；智能製造與工程管理碩士在職學位學程；會計學系；材料科學與工程學系；機械與航空工程博士學位學程；機械與電腦輔助工程學系；機械與電腦輔助工程學系機械工程碩士班；歷史與文物研究所；水利工程與資源保育學系；澳洲墨爾本皇家理工大學商學與創新雙學士學位學程；澳洲新南威爾斯大學設計雙學士學位學程；澳洲昆士蘭大學商學雙學士學位學程；澳洲昆士蘭大學電機工程雙學士學位學程；澳洲蒙納許大學資訊工程雙學士學位學程；環境工程與科學學系；生醫資訊暨生醫工程碩士學位學程；社會創新暨永續碩士在職學位學程；精密系統設計學士學位學程；統計學系；統計學系統計與精算碩士班；經濟學系；經營管理碩士在職學位學程；綠色能源科技碩士學位學程；纖維與複合材料學系；美國加州聖荷西州立大學商學大數據分析雙學士學位學程；美國加州聖荷西州立大學電機工程雙學士學位學程；美國加州舊金山州立大學資訊工程雙學士學位學程；美國普渡大學電機資訊雙學士學位學程；自動控制工程學系；航太與系統工程學系；行銷學系；行銷學系全球行銷碩士班；財務工程與精算學士學位學程；財務金融學系；財稅學系；財經法律研究所；資訊工程學系；資訊工程學系學士後專班；資訊電機學院學士班；資訊電機工程碩士在職學位學程；資通安全碩士學位學程；資通訊與電控產業碩士專班；通訊工程學系；運輸與物流學系；都市計畫與空間資訊學系；金融博士學位學程；金融學院學士班；金融碩士在職學位學程；電子工程學系；電機工程學系；電機與通訊工程博士學位學程；電聲碩士學位學程；風險管理與保險學系,VERIFIED_OFFICIAL_OVERRIDE,,114 UDB：室內設計學士學位學程143＋室內設計進修學士班125＝268；主檔舊值286不沿用,https://udb.moe.edu.tw/（114學1-1逢甲大學）
亞洲大學,主任：施勝誠,scshih@asia.edu.tw,138,室內設計學系,243,243,室內設計學系=12；室內設計學系=231,人工智慧博士學位學程；人工智慧學系；健康產業管理學系；創意商品設計學系；創新產業博士學位學程；外國語文學系；學士後獸醫學系；學士後護理學系；室內設計學系；幼兒教育學系；心理學系；數位媒體設計學系；新興產業策略與發展博士學位學程；時尚設計學系；智慧健康先進管理技術博士學位學程；會計與資訊學系；物理治療學系；生物資訊與醫學工程學系；社會工作學系；管理學院進修學士學位學程；經營管理學系；經營管理學系企業經濟與策略博士班；職能治療學系；聽力暨語言治療學系；視光學系；護理學系；財務金融學系；財務金融學系114秋季班元大國際產業人才教育財務金融碩士專班；財務金融學系財務金融碩士專班；財經法律學系；資訊傳播學系；資訊工程學系；醫學檢驗暨生物技術學系；長期照護學系；食品營養與保健生技學系,AUTO_MATCHED,,,https://stats.moe.gov.tw/files/opendata/students.csv
國立臺灣大學,系主任：郭重顯,chunghsien@ntu.edu.tw,139,機械工程學系,1246,1249,機械工程學系=107；機械工程學系=484；機械工程學系=655；機械工程學系數理工程科技碩士專班=3,中國文學系；中國文學系國際學生學士班；事業經營法務碩士在職學位學程；事業經營碩士在職學位學程；人類學系；健康政策與管理研究所；健康政策與管理研究所高階經營碩士在職專班；健康數據拓析統計研究所；健康行為與社區科學研究所；元件材料與異質整合博士學位學程；元件材料與異質整合碩士學位學程；光電工程學研究所；免疫學研究所；全球衛生博士學位學程；全球衛生碩士學位學程；全球農業科技與基因體科學碩士學位學程；公共事務研究所；公共衛生學系；公共衛生碩士學位學程；分子暨比較病理生物學研究所；分子科學與技術國際研究生博士學位學程；分子與細胞生物學研究所；分子醫學研究所；創新領域學士學位學程；動物科學技術學系；化學工程學系；化學系；口腔生物科學研究所；哲學系；商學研究所；國家發展研究所；國際三校農業生技與健康醫療碩士學位學程；國際企業學系；國際半導體學士學位學程；國際體育運動事務學士學位學程；園藝暨景觀學系；圖書資訊學系；土木工程學系；地球系統科學國際研究生博士學位學程；地理環境資源學系；地質科學系；基因體暨蛋白體醫學研究所；基因體與系統生物學學位學程；外國語文學系；大氣科學系；天文物理研究所；奈米工程與科學博士學位學程；奈米工程與科學碩士學位學程；學士後護理學系；工商管理學系；工業工程學研究所；工業工程學研究所114秋季班國立臺灣大學數理工程科技碩士專班；工程科學及海洋工程學系；建築與城鄉研究所；微生物學研究所；心理學系；應用力學研究所；應用數學科學研究所；應用物理學研究所；戲劇學系；政治學系；政治經濟碩士學位學程；數學系；新聞研究所；日本語文學系；昆蟲學系；智慧工程科技全英語學士學位學程；智慧聯網國際研究生博士學位學程；智慧醫療與健康資訊碩士學位學程；會計學系；會計學系金融科技管理專班；材料科學與工程學系；材料科學與工程學系國際應用材料工程碩士班；森林環境暨資源學系；植物生物科技產學研發博士學位學程；植物病理與微生物學系；植物科學研究所；植物醫學碩士學位學程；機械工程學系；機械工程學系數理工程科技碩士專班；歷史學系；毒理學研究所；氣候變遷與永續發展國際博士學位學程；氣候變遷與永續發展國際碩士學位學程；永續化學科技國際研究生博士學位學程；法律學系；法醫學研究所；流行病學與預防醫學研究所；海洋研究所；漁業科學研究所；牙醫學系；物理學系；物理治療學系；物理治療學系四年制；獸醫學系；環境工程學研究所；環境與職業健康科學研究所；生化科學研究所；生化科技學系；生命科學系；生態學與演化生物學研究所；生物化學暨分子生物學研究所；生物多樣性國際碩士學位學程；生物機電工程學系；生物環境系統工程學系；生物產業傳播暨發展學系；生物科技研究所；生物科技管理碩士在職學位學程；生物科技與食品營養學士學位學程；生物資訊學國際研究生博士學位學程；生理學研究所；生醫電子與資訊學研究所；病理學研究所；社會學系；社會工作學系；科際整合法律學研究所；積體電路設計與自動化博士學位學程；積體電路設計與自動化碩士學位學程；管理學院企業管理碩士專班；管理學院創業創新管理碩士在職專班；管理學院碩士在職專班；精準健康博士學位學程；精準健康碩士學位學程；統計碩士學位學程；統計與數據科學研究所；經濟學系；翻譯碩士學位學程；職能治療學系；腦與心智科學研究所；腫瘤醫學研究所；臨床動物醫學研究所；臨床牙醫學研究所；臨床藥學研究所；臨床醫學研究所；臺大復旦EMBA境外專班；臺灣文學研究所；華語教學碩士學位學程；藝術史研究所；藥學系；藥理學研究所；解剖學暨細胞生物學研究所；語言學研究所；護理學系；財務金融學系；財金碩士學位學程；資料科學博士學位學程；資料科學碩士學位學程；資訊工程學系；資訊工程學系人工智慧碩士班；資訊管理學系；資訊網路與多媒體研究所；跨領域神經科學國際研究生博士學位學程；轉譯醫學博士學位學程；農業化學系；農業經濟學系；農藝學系；運動設施與健康管理碩士學位學程；醫學工程學系；醫學教育暨生醫倫理研究所；醫學檢驗暨生物技術學系；醫學系；醫學系七年制；醫療器材與醫學影像研究所；防災減害與韌性碩士學位學程；電信工程學研究所；電信工程學研究所智慧科技與資訊安全碩士在職專班；電信工程學研究所產學研發博士班；電子工程學研究所；電機工程學系；電機工程學系資訊安全碩士班；音樂學研究所；食品安全與健康研究所；食品科技研究所；高分子科學與工程學研究所,AUTO_MATCHED,,,https://stats.moe.gov.tw/files/opendata/students.csv
國立清華大學,李昌駿（系主任）,pme@pme.nthu.edu.tw,140,動力機械工程學系,868,868,動力機械工程學系=63；動力機械工程學系=343；動力機械工程學系=462,114秋季班國際半導體暨IC設計產業人才專班；AI智慧製造與智慧物聯網產業碩士專班；中國文學系；中國語文學系語文碩士在職專班；亞際文化研究國際碩士學位學程(台灣聯合大學系統)；人文社會學院學士班；人類學研究所；光電工程研究所；分子與細胞生物研究所；分子醫學研究所；分析與環境科學研究所；前瞻功能材料產業博士學位學程；動力機械工程學系；化學工程學系；化學系；半導體研究學院博士班；半導體研究學院碩士班；原子科學院學士班；台北政經學院政治經濟博士班；台北政經學院政治經濟碩士班；台灣文學研究所；台灣研究教師在職進修碩士學位班；哲學研究所；國際專業管理碩士班；外國語文學系；天文研究所；太空工程研究所；奈米工程與微系統研究所；學前特殊教育碩士在職學位學程；學士後法律學士學位學程；學士後醫學系；學習科學與科技研究所；工學院學士班；工業工程與工程管理學系；工程與系統科學系；幼兒教育學系；應用科學系；教育心理與諮商學系；教育心理與諮商學系教育心理與諮商碩士在職專班；教育與學習科技學系；教育與學習科技學系教育行政碩士在職專班；教育與學習科技學系課程與教學碩士在職專班；數學系；數理教育研究所；智慧生醫博士學位學程；智慧製造技術產業碩士專班；智慧製造跨院高階主管碩士在職學位學程；服務科學研究所；材料科學工程學系；核子工程與科學研究所；歷史研究所；流體機械暨先進材料與智慧檢測產業碩士專班；清華學院國際學士班；清華學院學士班；物理學系；特殊教育學系；理學院學士班；環境科技博士學位學程(台灣聯合大學系統)；環境與文化資源學系；環境與文化資源學系社區與社會學習領域碩士在職專班；生命科學暨醫學院學士班；生命科學系；生技產業博士學位學程；生物科技研究所；生物資訊與結構生物研究所；生物醫學工程研究所；生醫工程與環境科學系；社會學研究所；社群網路與人智計算國際研究生博士學位學程；科技法律研究所；科技管理學院健康政策與經營管理碩士在職專班；科技管理學院公共政策與管理碩士在職專班；科技管理學院學士班；科技管理學院財務金融碩士在職專班；科技管理學院高階經營管理亞太地區馬來西亞境外碩士在職專班；科技管理學院高階經營管理深圳境外碩士在職專班；科技管理研究所；科技藝術研究所；竹師教育學院博士班；竹師教育學院學士班；竹師教育學院心理與諮商碩士新加坡境外在職專班；竹師教育學院跨領域STEAM教育碩士在職專班；精準醫療博士學位學程；系統神經科學研究所；統計與數據科學研究所；經濟學系；經營管理碩士在職專班；經營管理碩士在職專班現役軍人營區碩士在職專班；臺灣語言研究與教學研究所；英語教學系；華德福教育碩士在職學位學程；華文文學研究所；華語文碩士學位學程；藝術學院學士班；藝術與設計學系；藝術與設計學系美勞教師碩士在職專班；藥品與醫材法規科學碩士在職學位學程；計算與建模科學研究所；計量財務金融學系；語言學研究所；資訊安全研究所；資訊工程學系；資訊系統與應用研究所；跨院國際博士班學位學程；跨院國際碩士學位學程；通訊工程研究所；運動科學系；醫學科學系；醫學資訊碩士學位學程；量子科技暨尖端材料博士學位學程；電子工程研究所；電機工程學系；電機資訊學院學士班；音樂學系；音樂學系音樂教師碩士在職專班；高階經營管理碩士在職專班；高階經營管理雙聯碩士在職學位學程,AUTO_MATCHED,,,https://stats.moe.gov.tw/files/opendata/students.csv
國立陽明交通大學,劉耀先（教授兼系主任）,yhliu@nycu.edu.tw,141,機械工程學系,852,852,機械工程學系=67；機械工程學系=355；機械工程學系=430,113春季班國際半導體人才教育專班；113春季班國際資訊碩士班；114秋季班國際半導體人才教育專班；114秋季班國際資訊碩士班；中醫學系；亞際文化研究國際碩士學位學程(台灣聯合大學系統)；人工智慧技術與應用碩士學位學程；人文社會學系；人文社會學系族群與文化碩士班；傳播研究所；傳播與科技學系；傳統醫藥研究所；光電博士學位學程(台灣聯合大學系統)；光電學院博士班；光電工程學系；光電系統研究所；公共衛生研究所；公共衛生碩士學位學程；分子醫學博士學位學程；分子醫學與生物工程研究所；前瞻半導體研究所；半導體工程學系；口腔生物研究所；口腔組織工程暨生技材料研究所；國際半導體人才教育專班；國際半導體產業學院博士班；國際半導體產業學院碩士班；國際半導體產業學院越南境外碩士專班；國際衛生碩士學位學程；土木工程學系；外國語文學系；外國語文學系外國文學與語言學碩士班；多媒體工程研究所；太空系統工程研究所；學士後電子與光子學士學位學程；學士班大一大二不分系；客家文化學院博士班；客家社會與文化碩士在職專班；工學院碩士在職專班；工業工程與管理學系；工程生物科學學院產業博士班；工程與計算生醫產業碩士專班；建築研究所；影像與生醫光電研究所；微生物及免疫學研究所；心智哲學研究所；急重症醫學研究所；應用化學系；應用化學系分子科學博士班；應用化學系分子科學碩士班；應用數學系；應用數學系數學建模與科學計算碩士班；應用藝術研究所；教育研究所；數位醫療學士學位學程；數據科學與工程研究所；智慧科學暨綠能學院博士班；智慧系統與應用研究所；智慧與綠能產學研究所；智慧計算與科技研究所；智慧計算與科技研究所智慧物聯網產業碩士專班；智慧醫療與政策管理產業博士學位學程；智慧醫電工程研究所；智能系統研究所；材料科學與工程學系；材料科學與工程學系奈米科技碩士班；機器人碩士學位學程；機械工程學系；永續化學科技國際研究生博士學位學程；照明與能源光電研究所；牙醫學系；物理治療暨輔助科技學系；物理研究所；理學院碩士在職專班；理學院科學學士學位學程；環境工程研究所；環境科技博士學位學程(台灣聯合大學系統)；環境與職業衛生研究所；生化暨分子生物研究所；生命科學系暨基因體科學研究所；生技醫療產業博士學位學程；生技醫療經營管理碩士在職學位學程；生物科技學系；生物藥學研究所；生物資訊及系統生物研究所；生物醫學工程學系；生物醫學影像暨放射科學系；生物醫學暨工程科技產業博士學位學程；生物醫學資訊研究所；生理學研究所；生醫光電研究所；生醫科學與工程博士學位學程；百川學士學位學程；社區健康照護研究所；社會與文化研究所；神經科學研究所；科技法律研究所；科技管理研究所；科技與社會研究所；管理學院企業管理碩士學位學程；管理學院碩士在職專班；管理科學系；系統工程與科技學士學位學程；統計學研究所；經營管理研究所；網路工程研究所；腦科學研究所；臨床護理研究所；臨床醫學研究所；英語教學研究所；藥學系；藥理學研究所；衛生福利研究所；視覺文化研究所；解剖學及細胞生物學研究所；護理學系；資訊學院博士班；資訊學院國防資安管理碩士在職專班；資訊學院碩士在職專班；資訊學院科技犯罪偵查資通訊碩士在職專班；資訊安全研究所；資訊工程學系；資訊科學與工程研究所；資訊管理研究所；資訊管理與財務金融學系；資訊管理與財務金融學系財務金融博士班；資訊管理與財務金融學系財務金融碩士班；跨專業長期照顧與管理碩士學位學程；跨領域分子醫學碩士學位學程；跨領域神經科學博士學位學程(台灣聯合大學系統)；跨領域神經科學國際研究生博士學位學程；跨領域醫學博士學位學程；轉譯醫學博士學位學程；運輸與物流管理學系；運輸與物流管理學系交通運輸碩士班；運輸與物流管理學系物流管理碩士班；醫務管理研究所；醫學生物技術暨檢驗學系；醫學系；醫學系七年制；醫藥品法規科學博士學位學程；電信工程研究所；電子物理學系；電子研究所；電控工程研究所；電機學院博士班；電機學院碩士在職專班；電機工程學系；電機資訊國際博士學位學程；電機資訊國際碩士學位學程；音樂研究所；食品安全及健康風險評估研究所；高階主管管理碩士學程,AUTO_MATCHED,,,https://stats.moe.gov.tw/files/opendata/students.csv
國立中央大學,系主任：鍾志昂,cachung@cc.ncu.edu.tw,142,機械工程學系,1062,1125,機械工程學系=61；機械工程學系=346；機械工程學系=542；機械工程學系=113；機械工程學系114秋季班先進機械工程專班=2；機械工程學系光機電工程博士班=3；機械工程學系光機電工程碩士班=55；機械工程學系工學博士班=3,中國文學系；亞際文化研究國際碩士學位學程(台灣聯合大學系統)；人力資源管理研究所；人工智慧國際碩士學位學程；企業管理學系；光電博士學位學程(台灣聯合大學系統)；光電科學與工程學系；光電科學與工程學系光電產業碩士專班；光電科學與工程學系照明與顯示科技碩士班；化學學系；化學工程與材料工程學系；化學工程與材料工程學系工學博士班；哲學研究所；國際經營管理碩士學位學程；土木工程學系；土木工程學系營建管理博士班；土木工程學系營建管理碩士在職專班；土木工程學系營建管理碩士班；地球科學學系；地球科學學系地球物理博士班；地球科學學系地球物理碩士班；地球科學學院學士班；地球系統科學國際研究生博士學位學程；大氣科學學系；大氣科學學系114秋季班大氣科學數值應用產業國際人才碩士專班；大氣科學學系大氣物理博士班；大氣科學學系大氣物理碩士班；天文研究所；太空科學與工程學系；學習與教學研究所；客家語文暨社會科學學系；客家語文暨社會科學學系客家研究博士班；客家語文暨社會科學學系客家研究碩士在職專班；客家語文暨社會科學學系客家社會及政策碩士班；客家語文暨社會科學學系客家語文碩士班；工學院學士班；工業管理研究所；應用地質研究所；數學系；文學院學士班；會計研究所；會計研究所企業資源規劃會計碩士在職專班；材料科學與工程研究所；機械工程學系；機械工程學系114秋季班先進機械工程專班；機械工程學系光機電工程博士班；機械工程學系光機電工程碩士班；機械工程學系工學博士班；歷史研究所；水文與海洋科學研究所；永續去碳科技博士學位學程；永續去碳科技碩士學位學程；永續綠能科技博士學位學程；永續綠能科技碩士學位學程；永續領導力博士學位學程；永續領導力碩士學位學程；法國語文學系；法律與政府研究所；物理學系；理學院學士班；環境工程研究所；環境科技博士學位學程（台灣聯合大學系統）；生命科學系；生醫科學與工程學系；生醫科學與工程學系人工智慧精準醫療碩士在職專班；生醫科學與工程學系生物醫學工程博士班；生醫科學與工程學系生物醫學工程碩士班；生醫科學與工程學系系統生物與生物資訊博士班；生醫科學與工程學系系統生物與生物資訊碩士班；生醫科學與工程學系跨領域轉譯醫學博士班；產業經濟研究所；管理學院碩士在職現役軍人營區專班；管理學院高階主管企管碩士班；統計研究所；經濟學系；網路學習科技研究所；能源工程研究所；英美語文學系；藝術學研究所；認知神經科學研究所；財務金融學系；資訊工程學系；資訊工程學系AI碩士班；資訊工程學系軟體工程碩士班；資訊管理學系；資訊電機學院學士班；跨領域神經科學博士學位學程(台灣聯合大學系統)；跨領域神經科學國際研究生博士學位學程；通訊工程學系；遙測科技碩士學位學程；電機工程學系,AUTO_MATCHED,,,https://stats.moe.gov.tw/files/opendata/students.csv
國立中興大學,簡瑞與（特聘教授兼系主任）,rychein@dragon.nchu.edu.tw,143,機械工程學系,770,770,機械工程學系=17；機械工程學系=260；機械工程學系=402；機械工程學系=91,"中國文學系；中醫藥暨新藥開發研究所；亞洲與中國研究英語碩士學位學程；人工智慧與資料科學碩士在職學位學程；企業管理學系；光電工程研究所；全球事務研究跨洲碩士學位學程；分子生物學研究所；分子與生物農業科學國際研究生博士學位學程；創新產業經營學士學位學程；動物科學系；化學工程學系；化學系；化工系產業碩士專班；半導體與綠色科技博士學位學程；半導體與綠色科技碩士學位學程；台灣人文創新學士學位學程；台灣文學與跨國文化研究所；台灣與跨文化研究國際博士學位學程；國家政策與公共事務研究所；國際政治研究所；國際精準農企業發展博士學位學程；國際精準農企業發展碩士學位學程；國際農企業學士學位學程；國際農學博士學位學程；國際農學碩士學位學程；園藝學系；圖書資訊學研究所；土壤環境科學系；土木工程學系；土木工程學系114秋季班土木工程國際英語專班；基因體暨生物資訊學研究所；外國語文學系；大數據產學研發博士學位學程；奈米科學研究所；學士後醫學系；工業與智慧科技博士學位學程；工業與智慧科技碩士學位學程；微生物基因體學博士學位學程；微生物暨公共衛生學研究所；應用數學系；應用數學系大數據碩士在職專班；應用經濟學系；教師專業發展研究所；數位人文與文創產業進修學士學位學程；昆蟲學系；景觀與遊憩學士學位學程；景觀與遊憩碩士學位學程；智慧創意工程學士學位學程；智慧電動車及綠能科技產業碩士專班；會計學系；材料產業碩士專班；材料科學與工程學系；材料科學與工程學系工學院半導體國際專班；森林學系；植物保健博士學位學程；植物保健碩士學位學程；植物暨微生物國際碩士學位學程；植物病理學系；植物醫學暨安全農業碩士學位學程；機械工程學系；歷史學系；水土保持學系；法律學系；物理學系；特用作物及代謝體博士學位學程；特用作物及代謝體碩士學位學程；獸醫學系；獸醫病理生物學研究所；環境工程學系；生命科學碩士在職專班；生命科學系；生技產業創新研發與管理博士學位學程；生物化學研究所；生物產業機電工程學系；生物產業管理研究所；生物產業管理進修學士學位學程；生物科技學士學位學程；生物科技學研究所；生物與永續科技博士學位學程；生物與永續科技碩士學位學程；生物醫學研究所；生醫工程研究所；生醫工程研究所Intelligence Science, Engineering and Technology Master Degree Program；科技管理研究所；科技管理研究所智慧科技管理碩士在職專班；科技管理研究所科技管理碩士班；科技管理研究所電子商務碩士班；精密工程研究所；精準健康碩士學位學程；組織工程與再生醫學博士學位學程；統計學研究所；臨床護理研究所；臨床醫學研究所；行銷學系；財務金融學系；資料科學與資訊計算研究所；資訊工程學系；資訊管理學系；跨域創新生技國際博士學位學程；轉譯醫學博士學位學程；農業企業經營管理碩士在職專班；農業經濟與行銷碩士學位學程；農藝學系；通訊工程研究所；運動與健康管理研究所；醫學生物科技博士學位學程；電子系統產業碩士專班；電機工程學系；電機控制產業碩士專班；電機資訊學院學士班；食品安全研究所；食品暨應用生物科技學系；高階經理人碩士在職專班；高階經理人碩士在職專班兩岸台商組；高階經理人碩士在職專班越南台商組",AUTO_MATCHED,,,https://stats.moe.gov.tw/files/opendata/students.csv
國立中山大學,系主任：許聖彥,mechaa@mail.nsysu.edu.tw,144,機械與機電工程學系,708,708,機械與機電工程學系=42；機械與機電工程學系=215；機械與機電工程學系=451,中國文學系；中國與亞太區域研究所；亞太事務英語碩士學位學程；人力資源管理全英語碩士學位學程；人力資源管理研究所；人力資源管理研究所亞太人力資源管理碩士在職專班；人文暨科技跨領域學士學位學程；企業管理學系；企業管理學系企業管理碩士班；企業管理學系醫務管理博士班；企業管理學系醫務管理碩士班；先進半導體封測研究所；光電工程學系；兩岸高階主管經營管理碩士在職專班；公共事務管理研究所；創新半導體製造研究所；劇場藝術學系；化學系；哲學研究所；國際經營管理全英語學士學位學程；國際資產管理研究所；國際跨域學士學位學程原住民族專班；外國語文學系；學士後醫學系；應用數學系；政治學研究所；政治經濟學系；教育研究所；教育與人類發展研究全英語博士學位學程；教育與人類發展研究全英語碩士學位學程；數位與永續金融研究所；材料與光電科學學系；材料與光電科學學系前瞻應用材料碩士班；機械與機電工程學系；海下科技研究所；海洋事務研究所；海洋環境及工程學系；海洋環境及工程學系離岸風電海事工程碩士班；海洋生態與保育研究所；海洋生物科技博士學位學程；海洋生物科技暨資源學系；海洋科學系；海洋科學與科技全英語博士學位學程；物理學系；理學國際博士學位學程；環境工程研究所；生技醫藥研究所；生物科學系；生物醫學研究所；生物醫學科技學系全英語學士班；社會創新研究所；社會學系；社會學系原住民碩士在職專班；社會科學院EMPP；積體電路設計研究所；管理學院EMBA；管理學院國際經營管理碩士學程；精密電子零組件研究所；精準醫學研究所；經濟學研究所；緯創資通AI跨域應用產業碩士專班；臨床醫學科學博士學位學程；藝術管理與創業研究所；行政管理現役軍人營區碩士在職專班；行銷傳播管理研究所；護理學系；財務管理學系；資訊工程學系；資訊工程學系全英語學士班；資訊工程學系科技犯罪偵查資通訊碩士在職專班；資訊工程學系資訊安全博士班；資訊工程學系資訊安全碩士班；資訊管理學系；資訊管理學系電子商務與商業分析數位學習碩士在職專班；通訊工程研究所；醫學科技研究所；金融創新產業碩士專班；電信工程國際碩士學位學程；電機工程學系；電機電力工程國際碩士學位學程；音樂學系,AUTO_MATCHED,,,https://stats.moe.gov.tw/files/opendata/students.csv
國立中正大學,陳永松（教授兼系主任）,imeysc@ccu.edu.tw,145,機械工程學系,604,711,機械工程國際學士學位學程=23；機械工程學系=42；機械工程學系=191；機械工程學系=371；機械工程學系114秋季班國際智慧製造碩士專班=8；機械工程學系光機電整合工程碩士班=69；機械工程學系國際智慧製造碩士專班=7,中國文學系；企業管理學系；企業管理學系行銷與數位分析碩士班；傳播學系；傳播學系電訊傳播碩士班；前瞻工程全英語碩士學位學程；前瞻製造系統博士學位學程；勞工關係學系；化學工程學系；化學暨生物化學系；台灣文學與創意應用研究所；台灣文學與創意應用研究所台灣文化碩士在職專班；哲學系；國際財務金融管理碩士學位學程；地球與環境科學系；地球與環境科學系地震學暨地球與環境科學博士班；地球與環境科學系地震學碩士班；地球與環境科學系災害應變碩士在職專班；外國語文學系；外國語文學系英語教學碩士班；心理學系；心理學系臨床心理學碩士班；成人及繼續教育學系；成人及繼續教育學系高齡者教育碩士班；戰略暨國際事務研究所；戰略暨國際事務研究所戰略暨國家安全碩士在職專班；政治學系；政治學系政府與公共事務碩士在職專班；教學專業發展數位學習碩士在職專班；教育學研究所教育學博士班；教育學研究所教育學碩士在職專班；教育學研究所教育學碩士班；教育學研究所課程博士班；教育學研究所課程與教學碩士班；教育專業與學校領導數位學習碩士在職專班；教育領導與管理發展國際博士學位學程；教育領導與管理發展國際碩士學位學程；數學系；數學系應用數學碩士班；數學系數學科學博士班；數學系統計科學碩士班；會計與資訊科技學系；會計與資訊科技學系會計與法律數位學習碩士在職專班；機械工程國際學士學位學程；機械工程學系；機械工程學系114秋季班國際智慧製造碩士專班；機械工程學系光機電整合工程碩士班；機械工程學系國際智慧製造碩士專班；歷史學系；法學院高階主管法律碩士在職專班；法律學系；物理學系；犯罪防治學系；環境智能及智慧系統博士學位學程；生物醫學科學系；生物醫學科學系分子生物博士班；生物醫學科學系分子生物碩士班；生物醫學科學系生物醫學碩士班；社會福利學系；紫荊不分系學士學位學程；經濟學系；經濟學系國際經濟學博士班；經濟學系國際經濟學碩士在職專班；經濟學系國際經濟學碩士班；認知科學博士學位學程；語言學研究所；財務金融學系；財經法律學系；資訊工程學系；資訊工程學系雲端計算與物聯網數位學習碩士在職專班；資訊管理學系；資訊管理學系醫療資訊管理碩士班；跨領域科學國際博士學位學程；通訊工程學系；運動競技學系；運動競技學系運動與休閒教育碩士班；金融科技碩士學位學程；電機工程學系；高階主管管理碩士在職專班,AUTO_MATCHED,,,https://stats.moe.gov.tw/files/opendata/students.csv
國立臺灣海洋大學,溫博浚（教授兼系主任）,Jiunner@mail.ntou.edu.tw,146,機械與機電工程學系,,480,機械與機電工程學系=6；機械與機電工程學系=86；機械與機電工程學系=388,光電與材料科技學系；商船學系；商船學系學士後多元專長培力課程專班；商船學系智慧航運國際碩士班；地球科學研究所；應用人工智慧國際碩士學位學程；應用經濟研究所；應用英語研究所；教育研究所；機械與機電工程學系；水產養殖學系；永續發展碩士在職學位學程；河海工程學系；海洋事務與資源管理研究所；海洋工程科技博士學位學程；海洋工程科技學士學位學程；海洋政策碩士學位學程；海洋文創設計產業學士學位學程；海洋文化研究所；海洋法律研究所；海洋法政學士學位學程；海洋環境與生態研究所；海洋環境資訊系；海洋生物研究所；海洋生物科技博士學位學程；海洋生物科技及環境生態永續國際碩士學位學程；海洋生物科技學士學位學程；海洋經營管理學士學位學程；海洋觀光管理學士學位學程；海洋資源與環境變遷博士學位學程；環境生物與漁業科學學系；生命科學暨生物科技學系；系統工程暨造船學系；系統工程暨造船學系應用聲學碩士班；航運管理學系；航運管理學系國際物流管理碩士在職專班；資訊工程學系；輪機工程學系；輪機工程學系學士後多元專長培力課程專班；通訊與導航工程學系；運輸科學系；運輸科學系運輸與供應鏈管理碩士在職專班；電機工程學系；食品安全管理碩士在職學位學程；食品安全與風險管理研究所；食品科學系,AUTO_MATCHED,,,https://stats.moe.gov.tw/files/opendata/students.csv
國立臺灣科技大學,徐慶琪（教授兼機械系所主任）,hsucc@mail.ntust.edu.tw,147,機械工程系,1180,1210,機械工程系=582；機械工程系_重點產業系所招生=17；機械工程系_重點產業系所招生=13；機械工程系博士班=63；機械工程系碩士在職專班=42；機械工程系碩士班=493,不分系學士班；不分系學士班_不分系學士專班；人工智慧跨域科技研究所；企業管理系；企業管理系博士班；企業管理系碩士在職專班；企業管理系碩士班；先進半導體科技研究所；先進科技全英語學士學位學程；光電工程研究所；光電工程研究所_重點產業系所招生；全球發展工程學士學位學程；化學工程系；化學工程系_重點產業系所招生；化學工程系博士班；化學工程系碩士班；半導體高階經營暨研發碩士在職學位學程；專利研究所；工業管理系；工業管理系_重點產業系所招生；工業管理系博士班；工業管理系碩士在職專班；工業管理系碩士班；工程學士班；工程學院_先進科技全英語外國學生專班；建築系；建築系_重點產業系所招生；建築系博士班；建築系碩士在職專班；建築系碩士班；應用外語系；應用外語系碩士在職專班；應用外語系碩士班；應用科技學士學位學程；應用科技研究所；應用科技研究所_重點產業系所招生；數位學習與教育研究所；智慧製造科技研究所；智慧製造科技研究所_智慧製造科技國際產業碩士專班；材料科學與工程系；材料科學與工程系_國際半導體製程設備學士後外國學生專班；材料科學與工程系_重點產業系所招生；材料科學與工程系博士班；材料科學與工程系碩士班；機械工程系；機械工程系_重點產業系所招生；機械工程系博士班；機械工程系碩士在職專班；機械工程系碩士班；營建工程系；營建工程系_重點產業系所招生；營建工程系博士班；營建工程系碩士在職專班；營建工程系碩士班；科技管理研究所；管理學士班；管理學院MBA；管理研究所；能源永續科技研究所；自動化及控制研究所；自動化及控制研究所_重點產業系所招生；色彩與照明科技研究所；色彩與照明科技研究所_重點產業系所招生；設計系；設計系博士班；設計系碩士在職專班；設計系碩士班；財務金融研究所；資訊工程系；資訊工程系_AI跨域應用產業碩士專班；資訊工程系_大數據分析及資訊安全產業碩士專班；資訊工程系_重點產業系所招生；資訊工程系博士班；資訊工程系碩士班；資訊管理系；資訊管理系_重點產業系所招生；資訊管理系博士班；資訊管理系碩士在職專班；資訊管理系碩士班；資訊管理系資訊安全科技與管理碩士班；資通科技國際學士學位學程；醫學工程研究所；醫學工程研究所_重點產業系所招生；電子工程系；電子工程系_智慧電網產業碩士專班；電子工程系_重點產業系所招生；電子工程系_電力電子產業研發碩士專班；電子工程系博士班；電子工程系碩士班；電機工程系；電機工程系_人工智慧應用產業碩士專班；電機工程系_工業4.0科技產業碩士專班；電機工程系_智慧電網產業碩士專班；電機工程系_重點產業系所招生；電機工程系_電力電子產業研發碩士專班；電機工程系博士班；電機工程系碩士班；電資學士班；高階科技研發碩士在職學位學程,AUTO_MATCHED,,,https://stats.moe.gov.tw/files/opendata/students.csv
國立宜蘭大學,系主任：王宜達,ytwang@niu.edu.tw,148,機械與機電工程學系,402,402,機械與機電工程學系=34；機械與機電工程學系=368,人工智慧碩士學位學程；人文及管理學院高階經營管理碩士在職專班；休閒產業與健康促進學系；休閒產業與健康促進學系運動與健康管理碩士班；化學工程與材料工程學系；園藝學系；土木工程學系；土木工程學系原住民專班；外國語文學系；外國語文學系國際商務溝通碩士班；多媒體網路通訊數位學習碩士在職專班；工學院碩士在職專班；建築與永續規劃研究所；應用經濟與管理學系；應用經濟與管理學系應用經濟學碩士班；應用經濟與管理學系經營管理碩士班；智慧休閒農業進修學士學位學程；森林暨自然資源學系；機械與機電工程學系；無人機應用暨智慧農業碩士學位學程；環境工程學系；生物技術與動物科學系；生物機電工程學系；生物資源學院原住民專班；生物資源學院碩士在職專班；資訊工程學系；資訊工程學系多媒體網路通訊數位學習碩士在職專班；電子工程學系；電機工程學系；電機資訊學院碩士在職專班；食品科學系,AUTO_MATCHED,,,https://stats.moe.gov.tw/files/opendata/students.csv
國立成功大學,系主任：陳重德,em62100@email.ncku.edu.tw,149,機械工程學系,1210,1227,機械工程學系=52；機械工程學系=464；機械工程學系=694；機械工程學系機械產業碩士專班=17,中國文學系；中國文學系中國文學碩士班；中國文學系現代文學碩士班；交通管理科學系；人工智慧科技碩士學位學程；企業管理學系；健康照護科學研究所；光電科學與工程學系；光電科學與工程學系光電科技產業碩士專班；全校不分系學士學位學程；全校永續跨域國際碩士學位學程；公共衛生學系；分子醫學研究所；創意產業設計研究所；化學工程學系；化學系；半導體封測博士學位學程；半導體封測碩士學位學程；半導體製程博士學位學程；半導體製程碩士學位學程；半導體高階管理暨研發碩士在職專班；口腔醫學研究所；台灣文學系；國際企業研究所；國際經營管理研究所(IMBA)；土木工程學系；地球科學系；基礎醫學研究所；外國語文學系；多媒體系統與智慧型運算工程博士學位學程；太空系統工程研究所；太空與電漿科學研究所；奈米積體電路工程博士學位學程；奈米積體電路工程碩士學位學程；工業與資訊管理學系；工業設計學系；工程科學系；工程管理碩士在職專班；建築學系；微生物及免疫學研究所；微電子工程研究所；心智科學原理與應用國際博士學位學程；心理學系；戲劇碩士學位學程；政治學系；政治學系政治經濟學博士班；政治學系政治經濟學碩士在職專班；政治學系政治經濟學碩士班；教育研究所；數學系；數據科學研究所；晶片設計博士學位學程；晶片設計碩士學位學程；智慧科技系統碩士學位學程；智慧與永續製造博士學位學程；智慧與永續製造碩士學位學程；智慧製造國際碩士學位學程；智慧資訊安全碩士學位學程；智慧運算工程博士學位學程；智慧運算碩士學位學程；會計學系；會計學系商業資訊分析產業碩士專班；材料科學及工程學系；材料科學及工程學系綠色應用材料碩士班；機械工程學系；機械工程學系機械產業碩士專班；歷史學系；民航研究所；水利及海洋工程學系；法律學系；海洋科技與事務研究所；測量及空間資訊學系；熱帶植物與微生物科學研究所；牙醫學系；物理學系；物理治療學系；環境工程學系；環境醫學研究所；生命科學系；生物化學暨分子生物學研究所；生物科技與產業科學系；生物醫學工程學系；生物醫學工程學系醫療器材創新國際碩士班；生理學研究所；科技藝術碩士學位學程；系統及船舶機電工程學系；細胞生物與解剖學研究所；統計學系；經濟學系；經營管理碩士學位學程(AMBA)；老年學研究所；考古學研究所；職能治療學系；能源工程國際博士學位學程；能源工程國際學士學位學程；能源工程國際碩士學位學程；臨床藥學與藥物科技研究所；臨床醫學研究所；自然災害減災及管理國際碩士學位學程；航空太空工程學系；藝術研究所；藥學系；藥理學研究所；行為醫學研究所；製造資訊與系統研究所；護理學系；護理學系國際博士班；護理學系專科護理師碩士在職專班；財務金融研究所；財務金融研究所產業碩士專班；資源工程學系；資訊工程學系；資訊工程學系114秋季班友達專班；資訊工程學系人工智慧與資訊系統碩士在職專班；資訊工程學系資訊產業碩士專班；資訊工程學系金融科技與資訊工程產業碩士專班；資訊管理研究所；跨領域神經科學國際博士學位學程(跨領域神經科學國際研究生博士學位學程)；轉譯農業科學博士學位學程；都市計劃學系；醫學檢驗生物技術學系；醫學系；醫學資訊研究所；醫學院公共衛生碩士在職專班；關鍵材料博士學位學程；關鍵材料碩士學位學程；電信管理研究所；電機工程學系；電機工程學系微波元件產業碩士專班；電機工程學系電力電子產業碩士專班；電機工程學系電機設計與驅動產業碩士專班；電腦與通信工程研究所；食品安全衛生暨風險管理研究所；體育健康與休閒研究所；體育健康與休閒研究所運動健康與休閒管理碩士在職專班；高階管理碩士在職專班(EMBA)；高階經營管理博士學位學程,AUTO_MATCHED,,,https://stats.moe.gov.tw/files/opendata/students.csv
國立成功大學,系主任：詹劭勳,ssjan@mail.ncku.edu.tw,150,航空太空工程學系,567,567,航空太空工程學系=49；航空太空工程學系=198；航空太空工程學系=280；航空太空工程學系=40,中國文學系；中國文學系中國文學碩士班；中國文學系現代文學碩士班；交通管理科學系；人工智慧科技碩士學位學程；企業管理學系；健康照護科學研究所；光電科學與工程學系；光電科學與工程學系光電科技產業碩士專班；全校不分系學士學位學程；全校永續跨域國際碩士學位學程；公共衛生學系；分子醫學研究所；創意產業設計研究所；化學工程學系；化學系；半導體封測博士學位學程；半導體封測碩士學位學程；半導體製程博士學位學程；半導體製程碩士學位學程；半導體高階管理暨研發碩士在職專班；口腔醫學研究所；台灣文學系；國際企業研究所；國際經營管理研究所(IMBA)；土木工程學系；地球科學系；基礎醫學研究所；外國語文學系；多媒體系統與智慧型運算工程博士學位學程；太空系統工程研究所；太空與電漿科學研究所；奈米積體電路工程博士學位學程；奈米積體電路工程碩士學位學程；工業與資訊管理學系；工業設計學系；工程科學系；工程管理碩士在職專班；建築學系；微生物及免疫學研究所；微電子工程研究所；心智科學原理與應用國際博士學位學程；心理學系；戲劇碩士學位學程；政治學系；政治學系政治經濟學博士班；政治學系政治經濟學碩士在職專班；政治學系政治經濟學碩士班；教育研究所；數學系；數據科學研究所；晶片設計博士學位學程；晶片設計碩士學位學程；智慧科技系統碩士學位學程；智慧與永續製造博士學位學程；智慧與永續製造碩士學位學程；智慧製造國際碩士學位學程；智慧資訊安全碩士學位學程；智慧運算工程博士學位學程；智慧運算碩士學位學程；會計學系；會計學系商業資訊分析產業碩士專班；材料科學及工程學系；材料科學及工程學系綠色應用材料碩士班；機械工程學系；機械工程學系機械產業碩士專班；歷史學系；民航研究所；水利及海洋工程學系；法律學系；海洋科技與事務研究所；測量及空間資訊學系；熱帶植物與微生物科學研究所；牙醫學系；物理學系；物理治療學系；環境工程學系；環境醫學研究所；生命科學系；生物化學暨分子生物學研究所；生物科技與產業科學系；生物醫學工程學系；生物醫學工程學系醫療器材創新國際碩士班；生理學研究所；科技藝術碩士學位學程；系統及船舶機電工程學系；細胞生物與解剖學研究所；統計學系；經濟學系；經營管理碩士學位學程(AMBA)；老年學研究所；考古學研究所；職能治療學系；能源工程國際博士學位學程；能源工程國際學士學位學程；能源工程國際碩士學位學程；臨床藥學與藥物科技研究所；臨床醫學研究所；自然災害減災及管理國際碩士學位學程；航空太空工程學系；藝術研究所；藥學系；藥理學研究所；行為醫學研究所；製造資訊與系統研究所；護理學系；護理學系國際博士班；護理學系專科護理師碩士在職專班；財務金融研究所；財務金融研究所產業碩士專班；資源工程學系；資訊工程學系；資訊工程學系114秋季班友達專班；資訊工程學系人工智慧與資訊系統碩士在職專班；資訊工程學系資訊產業碩士專班；資訊工程學系金融科技與資訊工程產業碩士專班；資訊管理研究所；跨領域神經科學國際博士學位學程(跨領域神經科學國際研究生博士學位學程)；轉譯農業科學博士學位學程；都市計劃學系；醫學檢驗生物技術學系；醫學系；醫學資訊研究所；醫學院公共衛生碩士在職專班；關鍵材料博士學位學程；關鍵材料碩士學位學程；電信管理研究所；電機工程學系；電機工程學系微波元件產業碩士專班；電機工程學系電力電子產業碩士專班；電機工程學系電機設計與驅動產業碩士專班；電腦與通信工程研究所；食品安全衛生暨風險管理研究所；體育健康與休閒研究所；體育健康與休閒研究所運動健康與休閒管理碩士在職專班；高階管理碩士在職專班(EMBA)；高階經營管理博士學位學程,AUTO_MATCHED,,,https://stats.moe.gov.tw/files/opendata/students.csv
國立臺北科技大學,曾釋鋒（教授兼系主任）,tsf@ntut.edu.tw,151,機械工程系,696,702,機械工程系=389；機械工程系機電整合碩士在職專班=77；機械工程系機電整合碩士班=230；機械工程系產學訓專班=6,互動設計系；互動設計系_互動設計與創新外國學生專班；互動設計系碩士在職專班；互動設計系碩士班；人工智慧科技博士學位學程；人工智慧科技碩士學位學程；人工智慧與大數據高階管理雙聯碩士學位學程；光電工程系；光電工程系博士班；光電工程系碩士班；分子科學與工程系；分子科學與工程系有機高分子博士班；分子科學與工程系有機高分子碩士在職專班；分子科學與工程系有機高分子碩士班；創意設計學士班；化學工程與生物科技系；化學工程與生物科技系化學工程碩士在職專班；化學工程與生物科技系化學工程碩士班；化學工程與生物科技系博士班；化學工程與生物科技系生化與生醫工程碩士班；半導體科技學位學程；半導體製程與設備學士學位學程；土木工程系；土木工程系_香港二技專班；土木工程系土木與防災博士班；土木工程系土木與防災碩士在職專班；土木工程系土木與防災碩士班；太空系統工程研究所；工業工程與管理系；工業工程與管理系博士班；工業工程與管理系碩士班；工業設計系；工業設計系創新設計碩士在職專班；工業設計系創新設計碩士班；工程學院_能源與光電材料外國學生專班；工程科技學士班；建築系；建築系建築與都市設計碩士在職專班；建築系建築與都市設計碩士班；應用英文系；應用英文系碩士在職專班；應用英文系碩士班；技術及職業教育研究所；文化事業發展系；文化事業發展系碩士班；智慧自動化工程科；智慧財產權研究所；智慧鐵道科技碩士學位學程；材料及資源工程系；材料科學與工程研究所；機械工程系；機械工程系機電整合碩士在職專班；機械工程系機電整合碩士班；機械工程系產學訓專班；機電學士班；機電學院_半導體製程與設備外國學生專班；機電學院_機械與自動化外國學生專班；機電學院_機電技優領航專班；機電學院_機電科技外國學生專班；機電學院機電科技博士班；環境工程與管理研究所；管理學院_EMBA碩士在職專班；管理學院_外國學生專班IMBA專班；管理學院工業與科技管理EMBA專班；管理學院管理博士班；管理學院經營管理EMBA專班；管理學院資訊與財金管理EMBA專班；經營管理系；經營管理系_香港二技專班；經營管理系碩士在職專班；經營管理系碩士班；能源與冷凍空調工程系；能源與冷凍空調工程系博士班；能源與冷凍空調工程系碩士在職專班；能源與冷凍空調工程系碩士班；自動化科技研究所；製造科技研究所；設計學院設計博士班；資源工程研究所；資訊安全博士學位學程；資訊安全碩士學位學程；資訊工程系；資訊工程系博士班；資訊工程系碩士班；資訊與財金管理系；資訊與財金管理系_金融科技與資訊安全產業碩士專班；資訊與財金管理系碩士班；車輛工程系；車輛工程系碩士在職專班；車輛工程系碩士班；電子工程系；電子工程系博士班；電子工程系碩士在職專班；電子工程系碩士班；電機工程系；電機工程系_電力電子產碩專班；電機工程系_香港二技專班；電機工程系博士班；電機工程系碩士在職專班；電機工程系碩士班；電資學士班；電資學院_外國學生專班；高階土木營建工程管理雙聯碩士學位學程；高階管理碩士雙聯學位學程,AUTO_MATCHED,,,https://stats.moe.gov.tw/files/opendata/students.csv
國立虎尾科技大學,張文陽（系主任）,wenyang@nfu.edu.tw,152,機械與電腦輔助工程系,,931,機械與電腦輔助工程系=399；機械與電腦輔助工程系=270；機械與電腦輔助工程系_智慧機械產學攜手合作計畫專班=11；機械與電腦輔助工程系_機械及工具機產學攜手合作計畫專班=98；機械與電腦輔助工程系碩士在職專班=28；機械與電腦輔助工程系碩士班=125,企業管理系；企業管理系經營管理碩士在職專班；企業管理系經營管理碩士班；休閒遊憩系；休閒遊憩系碩士在職專班；休閒遊憩系碩士班；先進智慧載具國際碩士學位學程；光電工程系；光電工程系光電與材料科技博士班；光電工程系光電與材料科技碩士在職專班；光電工程系光電與材料科技碩士班；動力機械工程系；動力機械工程系機械與機電工程博士班；動力機械工程系機械與機電工程碩士在職專班；動力機械工程系機械與機電工程碩士班；多媒體設計系；多媒體設計系數位內容創意產業碩士班；工業管理系；工業管理系_智慧製造與工業管理專班；工業管理系_綠色智慧製造專班；工業管理系工業工程與管理碩士在職專班；工業管理系工業工程與管理碩士班；應用外語系；智慧產業科技研發博士學位學程；材料科學與工程系；材料科學與工程系_智能鑄造專班；材料科學與工程系材料科學與綠色能源工程碩士班；機械與電腦輔助工程系；機械與電腦輔助工程系_智慧機械產學攜手合作計畫專班；機械與電腦輔助工程系_機械及工具機產學攜手合作計畫專班；機械與電腦輔助工程系碩士在職專班；機械與電腦輔助工程系碩士班；機械設計工程系；機械設計工程系_精密機械電腦輔助製造技優專班；機械設計工程系碩士班；生物科技系；生物科技系_智慧生物科技技優領航專班；生物科技系碩士在職專班；生物科技系碩士班；精密機械工程科；臥虎專班；自動化工程系；自動化工程系碩士班；航空維修學士學位學程；財務金融系；財務金融系碩士班；資訊工程科；資訊工程系；資訊工程系碩士班；資訊管理系；資訊管理系_大數據智慧應用技優領航專班；資訊管理系碩士在職專班；資訊管理系碩士班；車輛工程系；車輛工程系碩士班；農業科技系；電子工程科；電子工程系；電子工程系碩士班；電機工程系；電機工程系碩士在職專班；電機工程系碩士班；飛機工程系機械組；飛機工程系航空與電子科技碩士班；飛機工程系航空電子組,AUTO_MATCHED,,,https://stats.moe.gov.tw/files/opendata/students.csv
國立虎尾科技大學,徐烱勛（系主任）,jshsu@nfu.edu.tw,153,動力機械工程系,,690,動力機械工程系=381；動力機械工程系=138；動力機械工程系=79；動力機械工程系機械與機電工程博士班=17；動力機械工程系機械與機電工程碩士在職專班=20；動力機械工程系機械與機電工程碩士班=55,企業管理系；企業管理系經營管理碩士在職專班；企業管理系經營管理碩士班；休閒遊憩系；休閒遊憩系碩士在職專班；休閒遊憩系碩士班；先進智慧載具國際碩士學位學程；光電工程系；光電工程系光電與材料科技博士班；光電工程系光電與材料科技碩士在職專班；光電工程系光電與材料科技碩士班；動力機械工程系；動力機械工程系機械與機電工程博士班；動力機械工程系機械與機電工程碩士在職專班；動力機械工程系機械與機電工程碩士班；多媒體設計系；多媒體設計系數位內容創意產業碩士班；工業管理系；工業管理系_智慧製造與工業管理專班；工業管理系_綠色智慧製造專班；工業管理系工業工程與管理碩士在職專班；工業管理系工業工程與管理碩士班；應用外語系；智慧產業科技研發博士學位學程；材料科學與工程系；材料科學與工程系_智能鑄造專班；材料科學與工程系材料科學與綠色能源工程碩士班；機械與電腦輔助工程系；機械與電腦輔助工程系_智慧機械產學攜手合作計畫專班；機械與電腦輔助工程系_機械及工具機產學攜手合作計畫專班；機械與電腦輔助工程系碩士在職專班；機械與電腦輔助工程系碩士班；機械設計工程系；機械設計工程系_精密機械電腦輔助製造技優專班；機械設計工程系碩士班；生物科技系；生物科技系_智慧生物科技技優領航專班；生物科技系碩士在職專班；生物科技系碩士班；精密機械工程科；臥虎專班；自動化工程系；自動化工程系碩士班；航空維修學士學位學程；財務金融系；財務金融系碩士班；資訊工程科；資訊工程系；資訊工程系碩士班；資訊管理系；資訊管理系_大數據智慧應用技優領航專班；資訊管理系碩士在職專班；資訊管理系碩士班；車輛工程系；車輛工程系碩士班；農業科技系；電子工程科；電子工程系；電子工程系碩士班；電機工程系；電機工程系碩士在職專班；電機工程系碩士班；飛機工程系機械組；飛機工程系航空與電子科技碩士班；飛機工程系航空電子組,AUTO_MATCHED,,,https://stats.moe.gov.tw/files/opendata/students.csv
國立虎尾科技大學,呂文祺（系主任）,luwenchi@nfu.edu.tw,154|209,飛機工程系；飛機工程系航空電子組,,942,飛機工程系機械組=397；飛機工程系航空與電子科技碩士班=131；飛機工程系航空電子組=414,企業管理系；企業管理系經營管理碩士在職專班；企業管理系經營管理碩士班；休閒遊憩系；休閒遊憩系碩士在職專班；休閒遊憩系碩士班；先進智慧載具國際碩士學位學程；光電工程系；光電工程系光電與材料科技博士班；光電工程系光電與材料科技碩士在職專班；光電工程系光電與材料科技碩士班；動力機械工程系；動力機械工程系機械與機電工程博士班；動力機械工程系機械與機電工程碩士在職專班；動力機械工程系機械與機電工程碩士班；多媒體設計系；多媒體設計系數位內容創意產業碩士班；工業管理系；工業管理系_智慧製造與工業管理專班；工業管理系_綠色智慧製造專班；工業管理系工業工程與管理碩士在職專班；工業管理系工業工程與管理碩士班；應用外語系；智慧產業科技研發博士學位學程；材料科學與工程系；材料科學與工程系_智能鑄造專班；材料科學與工程系材料科學與綠色能源工程碩士班；機械與電腦輔助工程系；機械與電腦輔助工程系_智慧機械產學攜手合作計畫專班；機械與電腦輔助工程系_機械及工具機產學攜手合作計畫專班；機械與電腦輔助工程系碩士在職專班；機械與電腦輔助工程系碩士班；機械設計工程系；機械設計工程系_精密機械電腦輔助製造技優專班；機械設計工程系碩士班；生物科技系；生物科技系_智慧生物科技技優領航專班；生物科技系碩士在職專班；生物科技系碩士班；精密機械工程科；臥虎專班；自動化工程系；自動化工程系碩士班；航空維修學士學位學程；財務金融系；財務金融系碩士班；資訊工程科；資訊工程系；資訊工程系碩士班；資訊管理系；資訊管理系_大數據智慧應用技優領航專班；資訊管理系碩士在職專班；資訊管理系碩士班；車輛工程系；車輛工程系碩士班；農業科技系；電子工程科；電子工程系；電子工程系碩士班；電機工程系；電機工程系碩士在職專班；電機工程系碩士班；飛機工程系機械組；飛機工程系航空與電子科技碩士班；飛機工程系航空電子組,AUTO_MATCHED,,,https://stats.moe.gov.tw/files/opendata/students.csv
國立虎尾科技大學,陳厚銘（系主任）,jchen99@nfu.edu.tw,155,電機工程系,946,946,電機工程系=485；電機工程系=90；電機工程系=231；電機工程系碩士在職專班=17；電機工程系碩士班=123,企業管理系；企業管理系經營管理碩士在職專班；企業管理系經營管理碩士班；休閒遊憩系；休閒遊憩系碩士在職專班；休閒遊憩系碩士班；先進智慧載具國際碩士學位學程；光電工程系；光電工程系光電與材料科技博士班；光電工程系光電與材料科技碩士在職專班；光電工程系光電與材料科技碩士班；動力機械工程系；動力機械工程系機械與機電工程博士班；動力機械工程系機械與機電工程碩士在職專班；動力機械工程系機械與機電工程碩士班；多媒體設計系；多媒體設計系數位內容創意產業碩士班；工業管理系；工業管理系_智慧製造與工業管理專班；工業管理系_綠色智慧製造專班；工業管理系工業工程與管理碩士在職專班；工業管理系工業工程與管理碩士班；應用外語系；智慧產業科技研發博士學位學程；材料科學與工程系；材料科學與工程系_智能鑄造專班；材料科學與工程系材料科學與綠色能源工程碩士班；機械與電腦輔助工程系；機械與電腦輔助工程系_智慧機械產學攜手合作計畫專班；機械與電腦輔助工程系_機械及工具機產學攜手合作計畫專班；機械與電腦輔助工程系碩士在職專班；機械與電腦輔助工程系碩士班；機械設計工程系；機械設計工程系_精密機械電腦輔助製造技優專班；機械設計工程系碩士班；生物科技系；生物科技系_智慧生物科技技優領航專班；生物科技系碩士在職專班；生物科技系碩士班；精密機械工程科；臥虎專班；自動化工程系；自動化工程系碩士班；航空維修學士學位學程；財務金融系；財務金融系碩士班；資訊工程科；資訊工程系；資訊工程系碩士班；資訊管理系；資訊管理系_大數據智慧應用技優領航專班；資訊管理系碩士在職專班；資訊管理系碩士班；車輛工程系；車輛工程系碩士班；農業科技系；電子工程科；電子工程系；電子工程系碩士班；電機工程系；電機工程系碩士在職專班；電機工程系碩士班；飛機工程系機械組；飛機工程系航空與電子科技碩士班；飛機工程系航空電子組,AUTO_MATCHED,,,https://stats.moe.gov.tw/files/opendata/students.csv
國立高雄科技大學,蔡立仁（系主任）,liren@nkust.edu.tw,156,機械工程系,,1088,機械工程系=602；機械工程系=196；機械工程系=43；機械工程系博士班=41；機械工程系碩士在職專班=72；機械工程系碩士班=134,人力資源發展系；人力資源發展系碩士在職專班；人力資源發展系碩士班；企業管理系；企業管理系碩士在職專班；企業管理系碩士班；企業管理系高階經營管理碩士在職專班；供應鏈管理系；供應鏈管理系碩士在職專班；供應鏈管理系碩士班；光電工程研究所；創業管理碩士學位學程；化學工程與材料工程系；化學工程與材料工程系_化工材料研發產業碩士專班；化學工程與材料工程系博士班；化學工程與材料工程系碩士在職專班；化學工程與材料工程系碩士班；半導體工程系；半導體工程系_微電子應用技優領航專班；半導體工程系碩士在職專班；半導體工程系碩士班；商務資訊應用系；商務資訊應用系碩士班；商業智慧學院博士班；國際企業系；國際企業系_國際貴金屬與珠寶行銷產業碩士專班；國際企業系博士班；國際企業系碩士在職專班；國際企業系碩士班；國際管理碩士學位學程；土木工程科；土木工程系；土木工程系土木工程科技博士班；土木工程系土木工程與防災科技碩士在職專班；土木工程系碩士班；工學院工程科技博士班；工業工程與管理系；工業工程與管理系_精實生產管理產業碩士專班；工業工程與管理系博士班；工業工程與管理系碩士在職專班；工業工程與管理系碩士班；工業設計系；工業設計系碩士班；應用德語系；應用德語系碩士班；應用日語系；應用日語系碩士在職專班；應用日語系碩士班；應用英語系；應用英語系口筆譯碩士班；應用英語系應用語言學與英語教學碩士班；文化創意產業系；文化創意產業系碩士在職專班；文化創意產業系碩士班；智慧商務系；智慧商務系碩士在職專班；智慧商務系碩士班；會計資訊系；會計資訊系碩士在職專班；會計資訊系碩士班；模具工程科；模具工程系；模具工程系_南區智能鑄造產學攜手合作專班；模具工程系博士班；模具工程系應用工程科學碩士在職專班；模具工程系碩士在職專班；模具工程系碩士班；機械工程系；機械工程系博士班；機械工程系碩士在職專班；機械工程系碩士班；機電工程系；機電工程系博士班；機電工程系碩士在職專班；機電工程系碩士班；水圈學院_外國學生專班；水圈學院水產科技產業博士班；水產食品科學系；水產食品科學系博士班；水產食品科學系碩士在職專班；水產食品科學系碩士班；水產養殖系；水產養殖系_漁業公費專班；水產養殖系碩士班；海事學院_智慧海事技優專班；海事學院海事科技產學合作博士班；海事資訊科技系；海事資訊科技系碩士在職專班；海事資訊科技系碩士班；海事風電工程碩士學位學程；海洋休閒管理系；海洋休閒管理系碩士班；海洋環境工程系；海洋環境工程系碩士班；海洋生物技術系；海洋生物技術系碩士班；漁業生產與管理系_漁業公費專班；漁業科技與管理科；漁業科技與管理系；漁業科技與管理系海洋事務與產業管理碩士班；漁業科技與管理系碩士在職專班；漁業科技與管理系碩士班；營建工程系；營建工程系營建工程與管理碩士在職專班；營建工程系碩士班；環境與安全衛生工程系；環境與安全衛生工程系博士班；環境與安全衛生工程系消防與防災工程碩士在職專班；環境與安全衛生工程系碩士在職專班；環境與安全衛生工程系碩士班；科技法律研究所；管理學院_高階主管經營管理碩士在職專班；管理學院博士班；管理學院高階主管經營管理碩士在職專班；能源與冷凍空調工程系；航海科；航運技術系；航運技術系_多元培力專班；航運技術系碩士在職專班；航運技術系碩士班；航運管理系；航運管理系博士班；航運管理系碩士在職專班；航運管理系碩士班；行銷與流通管理系；行銷與流通管理系碩士在職專班；行銷與流通管理系碩士班；觀光管理系；觀光管理系觀光與餐旅管理碩士在職專班；觀光管理系觀光與餐旅管理碩士班；財務管理系；財務管理系碩士在職專班；財務管理系碩士班；財務金融學院博士班；財政稅務系；財政稅務系碩士在職專班；財政稅務系碩士班；資訊工程系；資訊工程系博士班；資訊工程系碩士在職專班；資訊工程系碩士班；資訊管理系；資訊管理系博士班；資訊管理系碩士在職專班；資訊管理系碩士班；資訊管理系電子商務碩士班；資訊財務碩士學位學程；車輛工程系；輪機工程科；輪機工程系；輪機工程系_多元培力專班；輪機工程系_燁聯鋼鐵產學攜手合作技術專班；輪機工程系碩士在職專班；輪機工程系碩士班；造船及海洋工程系；造船及海洋工程系碩士在職專班；造船及海洋工程系碩士班；運籌管理系；運籌管理系商務經營管理碩士在職專班；運籌管理系商務經營管理碩士班；運籌管理系碩士在職專班；運籌管理系碩士班；金融系；金融系_國際智慧金融技優專班；金融系碩士在職專班；金融系碩士班；金融系金融高階主管經營管理碩士在職專班；金融資訊系；金融資訊系碩士在職專班；金融資訊系碩士班；電子工程系(建工校區)；電子工程系(建工校區)_智慧資電系統技優專班；電子工程系(第一校區)；電子工程系_電資工程與科技管理外國學生碩士專班；電子工程系博士班(建工校區)；電子工程系碩士在職專班(建工校區)；電子工程系碩士在職專班(第一校區)；電子工程系碩士班(建工校區)；電子工程系碩士班(第一校區)；電機工程系；電機工程系博士班；電機工程系智慧自動化系統碩士在職專班；電機工程系智慧自動化系統碩士班；電機工程系碩士在職專班；電機工程系碩士班；電機與資訊學院_智慧系統技優專班；電腦與通訊工程系；電腦與通訊工程系碩士在職專班；電腦與通訊工程系碩士班；電訊工程系；電訊工程系碩士在職專班；電訊工程系碩士班；風險管理與保險系；風險管理與保險系碩士在職專班；風險管理與保險系碩士班；高瞻科技不分系學士學位學程,AUTO_MATCHED,,,https://stats.moe.gov.tw/files/opendata/students.csv
國立高雄科技大學,辜德典（系主任）,ttku@nkust.edu.tw,157,電機工程系,,1310,電機工程系=646；電機工程系=201；電機工程系=91；電機工程系博士班=39；電機工程系智慧自動化系統碩士在職專班=24；電機工程系智慧自動化系統碩士班=44；電機工程系碩士在職專班=108；電機工程系碩士班=157,人力資源發展系；人力資源發展系碩士在職專班；人力資源發展系碩士班；企業管理系；企業管理系碩士在職專班；企業管理系碩士班；企業管理系高階經營管理碩士在職專班；供應鏈管理系；供應鏈管理系碩士在職專班；供應鏈管理系碩士班；光電工程研究所；創業管理碩士學位學程；化學工程與材料工程系；化學工程與材料工程系_化工材料研發產業碩士專班；化學工程與材料工程系博士班；化學工程與材料工程系碩士在職專班；化學工程與材料工程系碩士班；半導體工程系；半導體工程系_微電子應用技優領航專班；半導體工程系碩士在職專班；半導體工程系碩士班；商務資訊應用系；商務資訊應用系碩士班；商業智慧學院博士班；國際企業系；國際企業系_國際貴金屬與珠寶行銷產業碩士專班；國際企業系博士班；國際企業系碩士在職專班；國際企業系碩士班；國際管理碩士學位學程；土木工程科；土木工程系；土木工程系土木工程科技博士班；土木工程系土木工程與防災科技碩士在職專班；土木工程系碩士班；工學院工程科技博士班；工業工程與管理系；工業工程與管理系_精實生產管理產業碩士專班；工業工程與管理系博士班；工業工程與管理系碩士在職專班；工業工程與管理系碩士班；工業設計系；工業設計系碩士班；應用德語系；應用德語系碩士班；應用日語系；應用日語系碩士在職專班；應用日語系碩士班；應用英語系；應用英語系口筆譯碩士班；應用英語系應用語言學與英語教學碩士班；文化創意產業系；文化創意產業系碩士在職專班；文化創意產業系碩士班；智慧商務系；智慧商務系碩士在職專班；智慧商務系碩士班；會計資訊系；會計資訊系碩士在職專班；會計資訊系碩士班；模具工程科；模具工程系；模具工程系_南區智能鑄造產學攜手合作專班；模具工程系博士班；模具工程系應用工程科學碩士在職專班；模具工程系碩士在職專班；模具工程系碩士班；機械工程系；機械工程系博士班；機械工程系碩士在職專班；機械工程系碩士班；機電工程系；機電工程系博士班；機電工程系碩士在職專班；機電工程系碩士班；水圈學院_外國學生專班；水圈學院水產科技產業博士班；水產食品科學系；水產食品科學系博士班；水產食品科學系碩士在職專班；水產食品科學系碩士班；水產養殖系；水產養殖系_漁業公費專班；水產養殖系碩士班；海事學院_智慧海事技優專班；海事學院海事科技產學合作博士班；海事資訊科技系；海事資訊科技系碩士在職專班；海事資訊科技系碩士班；海事風電工程碩士學位學程；海洋休閒管理系；海洋休閒管理系碩士班；海洋環境工程系；海洋環境工程系碩士班；海洋生物技術系；海洋生物技術系碩士班；漁業生產與管理系_漁業公費專班；漁業科技與管理科；漁業科技與管理系；漁業科技與管理系海洋事務與產業管理碩士班；漁業科技與管理系碩士在職專班；漁業科技與管理系碩士班；營建工程系；營建工程系營建工程與管理碩士在職專班；營建工程系碩士班；環境與安全衛生工程系；環境與安全衛生工程系博士班；環境與安全衛生工程系消防與防災工程碩士在職專班；環境與安全衛生工程系碩士在職專班；環境與安全衛生工程系碩士班；科技法律研究所；管理學院_高階主管經營管理碩士在職專班；管理學院博士班；管理學院高階主管經營管理碩士在職專班；能源與冷凍空調工程系；航海科；航運技術系；航運技術系_多元培力專班；航運技術系碩士在職專班；航運技術系碩士班；航運管理系；航運管理系博士班；航運管理系碩士在職專班；航運管理系碩士班；行銷與流通管理系；行銷與流通管理系碩士在職專班；行銷與流通管理系碩士班；觀光管理系；觀光管理系觀光與餐旅管理碩士在職專班；觀光管理系觀光與餐旅管理碩士班；財務管理系；財務管理系碩士在職專班；財務管理系碩士班；財務金融學院博士班；財政稅務系；財政稅務系碩士在職專班；財政稅務系碩士班；資訊工程系；資訊工程系博士班；資訊工程系碩士在職專班；資訊工程系碩士班；資訊管理系；資訊管理系博士班；資訊管理系碩士在職專班；資訊管理系碩士班；資訊管理系電子商務碩士班；資訊財務碩士學位學程；車輛工程系；輪機工程科；輪機工程系；輪機工程系_多元培力專班；輪機工程系_燁聯鋼鐵產學攜手合作技術專班；輪機工程系碩士在職專班；輪機工程系碩士班；造船及海洋工程系；造船及海洋工程系碩士在職專班；造船及海洋工程系碩士班；運籌管理系；運籌管理系商務經營管理碩士在職專班；運籌管理系商務經營管理碩士班；運籌管理系碩士在職專班；運籌管理系碩士班；金融系；金融系_國際智慧金融技優專班；金融系碩士在職專班；金融系碩士班；金融系金融高階主管經營管理碩士在職專班；金融資訊系；金融資訊系碩士在職專班；金融資訊系碩士班；電子工程系(建工校區)；電子工程系(建工校區)_智慧資電系統技優專班；電子工程系(第一校區)；電子工程系_電資工程與科技管理外國學生碩士專班；電子工程系博士班(建工校區)；電子工程系碩士在職專班(建工校區)；電子工程系碩士在職專班(第一校區)；電子工程系碩士班(建工校區)；電子工程系碩士班(第一校區)；電機工程系；電機工程系博士班；電機工程系智慧自動化系統碩士在職專班；電機工程系智慧自動化系統碩士班；電機工程系碩士在職專班；電機工程系碩士班；電機與資訊學院_智慧系統技優專班；電腦與通訊工程系；電腦與通訊工程系碩士在職專班；電腦與通訊工程系碩士班；電訊工程系；電訊工程系碩士在職專班；電訊工程系碩士班；風險管理與保險系；風險管理與保險系碩士在職專班；風險管理與保險系碩士班；高瞻科技不分系學士學位學程,AUTO_MATCHED,,,https://stats.moe.gov.tw/files/opendata/students.csv
國立屏東科技大學,吳上立（系主任）,slwu@mail.npust.edu.tw,158,機械工程系,,686,機械工程系=363；機械工程系=157；機械工程系_知能精進技優領航專班=106；機械工程系_精密加工專班=16；機械工程系碩士班=44,企業管理系；企業管理系碩士在職專班；企業管理系碩士班；休閒運動健康系；休閒運動健康系碩士在職專班；休閒運動健康系碩士班；先進材料學士學位學程；動物用疫苗國際學位專班；動物疫苗科技研究所；動物科學與畜產系；動物科學與畜產系_畜產科技實務專班；動物科學與畜產系碩士班；土木工程系；土木工程系博士班；土木工程系碩士班；客家文化產業研究所；工業管理系；工業管理系碩士在職專班；工業管理系碩士班；幼兒保育系；幼兒保育系碩士班；應用外語系；應用外語系碩士班；技術及職業教育研究所；時尚設計與管理系；時尚設計與管理系_時尚技藝精進技優領航專班；時尚設計與管理系碩士班；景觀暨遊憩管理研究所；智慧機電學士學位學程；木材科學與設計系；木材科學與設計系_木藝技優領航專班；木材科學與設計系碩士班；材料工程系；材料工程系碩士班；森林系；森林系碩士班；植物醫學系；植物醫學系碩士班；機械工程系；機械工程系_知能精進技優領航專班；機械工程系_精密加工專班；機械工程系碩士班；水土保持系；水土保持系碩士班；水產養殖系；水產養殖系_水產養殖科技專班；水產養殖系博士班；水產養殖系碩士班；熱帶農業暨國際合作系；熱帶農業暨國際合作系博士班；熱帶農業暨國際合作系碩士班；獸醫學系；獸醫學系博士班；獸醫學系碩士班；環境工程與科學系；環境工程與科學系博士班；環境工程與科學系碩士在職專班；環境工程與科學系碩士班；環境資源與防災學位學程；生物機電工程系；生物機電工程系_機電整合技優領航專班；生物機電工程系碩士班；生物科技系；生物科技系碩士班；社會工作系；社會工作系碩士班；科技管理研究所；科技農業進修學士學位學程；觀賞魚科技及水生動物健康國際學位專班；財務金融國際學士學位學程；資訊管理系；資訊管理系碩士在職專班；資訊管理系碩士班；車輛工程系；車輛工程系碩士班；農企業管理系；農企業管理系_多元農企業技優領航專班；農企業管理系碩士在職專班；農企業管理系碩士班；農園生產系；農園生產系博士班；農園生產系碩士在職專班；農園生產系碩士班；農學院生物資源博士班；野生動物保育研究所；食品生技碩士學位學程在職專班；食品科學系；食品科學系博士班；食品科學系碩士在職專班；食品科學系碩士班；餐旅管理系；餐旅管理系碩士班；高階經營管理碩士在職專班,AUTO_MATCHED,,,https://stats.moe.gov.tw/files/opendata/students.csv
南臺學校財團法人南臺科技大學,林儒禮（系主任）,ruli@mail.stust.edu.tw,159|217|218,機械工程系；機械工程系自動化控制組；機械工程系先進車輛組,1610,1675,機械工程科=30；機械工程系=1190；機械工程系=348；機械工程系_國際專修部=25；機械工程系_重點產業系所招生=10；機械工程系機電科技博士班=16；機械工程系碩士班=56,人文社會學院教育經營碩士在職專班；人文社會學院教育經營碩士班；企業管理系；企業管理系碩士在職專班；企業管理系碩士班；休閒事業管理系；休閒事業管理系碩士在職專班；休閒事業管理系碩士班；創新產品設計系；創新產品設計系碩士班；化學工程與材料工程科；化學工程與材料工程系；化學工程與材料工程系_國際專修部；化學工程與材料工程系碩士班；半導體與光電工程系；半導體與光電工程系_國際專修部；半導體與光電工程系碩士班；商管學院全球經營管理碩士班；國際企業系；國際商務學士學位學程；多媒體與電腦娛樂科學系；多媒體與電腦娛樂科學系碩士班；工業管理與資訊系；工業管理與資訊系工業管理碩士在職專班；幼兒保育系；幼兒保育系_學士後學位學程教保員專班；應用日語系；應用日語系碩士班；應用英語系；應用英語系碩士班；會計資訊系；機械工程科；機械工程系；機械工程系_國際專修部；機械工程系_重點產業系所招生；機械工程系機電科技博士班；機械工程系碩士班；永續發展跨領域學士學位學程；永續發展跨領域進修學士學位學程；流行音樂產業系；生物與食品科技系；生物與食品科技系_國際專修部；生物與食品科技系_食品產業永續製造僑生專班；生物與食品科技系碩士班；經營管理博士學位學程；行銷與流通管理系；行銷與流通管理系_國際專修部；行銷與流通管理系碩士在職專班；行銷與流通管理系碩士班；視覺傳達設計系；視覺傳達設計系碩士班；財務金融系；財經法律研究所；資訊傳播系；資訊傳播系碩士班；資訊工程科；資訊工程系；資訊工程系_國際專修部；資訊工程系_重點產業系所招生；資訊工程系碩士班；資訊管理系；資訊管理系_國際專修部；資訊管理系大數據分析碩士在職專班；資訊管理系碩士在職專班；資訊管理系碩士班；電子工程科；電子工程系；電子工程系_AIoT智慧製造產業碩士專班；電子工程系_國際專修部；電子工程系_重點產業系所招生；電子工程系博士班；電子工程系碩士班；電機工程科；電機工程系；電機工程系_國際專修部；電機工程系博士班；電機工程系碩士班；餐旅管理系；餐旅管理系_國際專修部；餐旅管理系碩士班；高階主管企管碩士在職專班；高齡福祉服務系；高齡福祉服務系_國際專修部；高齡福祉服務系_多元培力專班,AUTO_MATCHED,,,https://stats.moe.gov.tw/files/opendata/students.csv
南臺學校財團法人南臺科技大學,陳有圳（系主任）,chenyj@mail.stust.edu.tw,160,電機工程系,1103,1349,電機工程科=238；電機工程系=811；電機工程系=229；電機工程系_國際專修部=8；電機工程系博士班=14；電機工程系碩士班=49,人文社會學院教育經營碩士在職專班；人文社會學院教育經營碩士班；企業管理系；企業管理系碩士在職專班；企業管理系碩士班；休閒事業管理系；休閒事業管理系碩士在職專班；休閒事業管理系碩士班；創新產品設計系；創新產品設計系碩士班；化學工程與材料工程科；化學工程與材料工程系；化學工程與材料工程系_國際專修部；化學工程與材料工程系碩士班；半導體與光電工程系；半導體與光電工程系_國際專修部；半導體與光電工程系碩士班；商管學院全球經營管理碩士班；國際企業系；國際商務學士學位學程；多媒體與電腦娛樂科學系；多媒體與電腦娛樂科學系碩士班；工業管理與資訊系；工業管理與資訊系工業管理碩士在職專班；幼兒保育系；幼兒保育系_學士後學位學程教保員專班；應用日語系；應用日語系碩士班；應用英語系；應用英語系碩士班；會計資訊系；機械工程科；機械工程系；機械工程系_國際專修部；機械工程系_重點產業系所招生；機械工程系機電科技博士班；機械工程系碩士班；永續發展跨領域學士學位學程；永續發展跨領域進修學士學位學程；流行音樂產業系；生物與食品科技系；生物與食品科技系_國際專修部；生物與食品科技系_食品產業永續製造僑生專班；生物與食品科技系碩士班；經營管理博士學位學程；行銷與流通管理系；行銷與流通管理系_國際專修部；行銷與流通管理系碩士在職專班；行銷與流通管理系碩士班；視覺傳達設計系；視覺傳達設計系碩士班；財務金融系；財經法律研究所；資訊傳播系；資訊傳播系碩士班；資訊工程科；資訊工程系；資訊工程系_國際專修部；資訊工程系_重點產業系所招生；資訊工程系碩士班；資訊管理系；資訊管理系_國際專修部；資訊管理系大數據分析碩士在職專班；資訊管理系碩士在職專班；資訊管理系碩士班；電子工程科；電子工程系；電子工程系_AIoT智慧製造產業碩士專班；電子工程系_國際專修部；電子工程系_重點產業系所招生；電子工程系博士班；電子工程系碩士班；電機工程科；電機工程系；電機工程系_國際專修部；電機工程系博士班；電機工程系碩士班；餐旅管理系；餐旅管理系_國際專修部；餐旅管理系碩士班；高階主管企管碩士在職專班；高齡福祉服務系；高齡福祉服務系_國際專修部；高齡福祉服務系_多元培力專班,AUTO_MATCHED,,,https://stats.moe.gov.tw/files/opendata/students.csv
崑山科技大學,系辦正式窗口,crchen@mail.ksu.edu.tw,161,機械工程系,,870,機械工程系=343；機械工程系=236；機械工程系=19；機械工程系_先進製造國際產業碩士專班=7；機械工程系_國際學生產學合作專班=83；機械工程系_國際專修部=35；機械工程系_外國學生專班=41；機械工程系_智慧製造國際產業人才教育專班=4；機械工程系_機電整合製造國際產業人才教育專班=26；機械工程系_設備工程師國際產業人才教育專班=15；機械工程系_設備工程師專班=6；機械工程系機械與能源工程博士班=25；機械工程系碩士在職專班=18；機械工程系碩士班=12,企業管理系；企業管理系_製造業提昇廠務管理效能產業國際學生產學合作專班；企業管理系_連鎖業經營管理產業碩士專班；企業管理系_餐飲業經營管理僑生技職專班；企業管理系碩士在職專班；企業管理系碩士班；休閒遊憩與運動管理系；先進應用材料工程系；先進應用材料工程系_材料加工檢測國際學生產學合作專班；公共關係暨廣告系；幼兒保育系；房地產開發與管理系；房地產開發與管理系碩士在職專班；房地產開發與管理系碩士班；旅遊事業管理系；旅遊事業管理系_旅遊文化僑生專班；時尚展演事業學士學位學程_時尚展演事業僑生專班；時尚展演事業系；時尚展演事業系_時尚造型暨服飾設計國際學生產學合作專班；智慧機器人工程系；智慧機器人工程系_智慧製造國際學生產學合作專班；智慧機器人工程系碩士在職專班；智慧機器人工程系碩士班；材料工程系_紡織材料加工國際學生產學合作專班；樂齡生活產業管理學士學位學程；樂齡生活產業管理進修學士學位學程；機械工程系；機械工程系_先進製造國際產業碩士專班；機械工程系_國際學生產學合作專班；機械工程系_國際專修部；機械工程系_外國學生專班；機械工程系_智慧製造國際產業人才教育專班；機械工程系_機電整合製造國際產業人才教育專班；機械工程系_設備工程師國際產業人才教育專班；機械工程系_設備工程師專班；機械工程系機械與能源工程博士班；機械工程系碩士在職專班；機械工程系碩士班；環境工程系；環境工程系_環工機電國際學生產學合作專班；環境工程系_綠能科技專班；環境工程系碩士在職專班；環境工程系碩士班；空間設計系；空間設計系環境設計碩士班；視覺傳達設計系；視覺傳達設計系碩士在職專班；視覺傳達設計系碩士班；視訊傳播設計系；視訊傳播設計系_香港二技專班；視訊傳播設計系媒體藝術碩士班；資訊傳播系；資訊傳播系_電子商務與產品供應鏈E化國際學生產學合作專班；資訊工程系；資訊工程系_資訊與自動化國際學生產學合作專班；資訊工程系_資電科技應用僑生專班；資訊工程系碩士班；資訊管理系；資訊管理系_製造資訊僑生專班；資訊管理系_電子商務僑生專班；資訊管理系碩士在職專班；資訊管理系碩士班；金融管理系；雲端商務管理數位學習碩士在職專班；電動車暨智慧電子工程系；電動車暨智慧電子工程系_國際專修部；電動車暨智慧電子工程系碩士班；電子工程系_國際專修部；電子工程系_國際機電自動化工程與管理碩士學程外國學生專班；電子工程系_智慧電子應用實務專班；電子工程系_機電整合僑生專班；電機工程系；電機工程系_半導體工程碩士專班；電機工程系_國際學生產學合作專班；電機工程系_國際專修部；電機工程系_機電整合工程碩士專班；電機工程系_自動化工程師專班；電機工程系_電機國際產業人才教育專班；電機工程系碩士在職專班；電機工程系碩士班；電腦與遊戲發展科學學士學位學程；餐飲管理及廚藝系；餐飲管理及廚藝系_國際專修部；餐飲管理及廚藝系_餐飲管理及廚藝僑生產學專班,AUTO_MATCHED,,,https://stats.moe.gov.tw/files/opendata/students.csv
崑山科技大學,系辦正式窗口,electric@mail.ksu.edu.tw,162,電機工程系,,688,電機工程系=213；電機工程系=131；電機工程系=49；電機工程系_半導體工程碩士專班=14；電機工程系_國際學生產學合作專班=176；電機工程系_國際專修部=45；電機工程系_機電整合工程碩士專班=10；電機工程系_自動化工程師專班=14；電機工程系_電機國際產業人才教育專班=3；電機工程系碩士在職專班=19；電機工程系碩士班=14,企業管理系；企業管理系_製造業提昇廠務管理效能產業國際學生產學合作專班；企業管理系_連鎖業經營管理產業碩士專班；企業管理系_餐飲業經營管理僑生技職專班；企業管理系碩士在職專班；企業管理系碩士班；休閒遊憩與運動管理系；先進應用材料工程系；先進應用材料工程系_材料加工檢測國際學生產學合作專班；公共關係暨廣告系；幼兒保育系；房地產開發與管理系；房地產開發與管理系碩士在職專班；房地產開發與管理系碩士班；旅遊事業管理系；旅遊事業管理系_旅遊文化僑生專班；時尚展演事業學士學位學程_時尚展演事業僑生專班；時尚展演事業系；時尚展演事業系_時尚造型暨服飾設計國際學生產學合作專班；智慧機器人工程系；智慧機器人工程系_智慧製造國際學生產學合作專班；智慧機器人工程系碩士在職專班；智慧機器人工程系碩士班；材料工程系_紡織材料加工國際學生產學合作專班；樂齡生活產業管理學士學位學程；樂齡生活產業管理進修學士學位學程；機械工程系；機械工程系_先進製造國際產業碩士專班；機械工程系_國際學生產學合作專班；機械工程系_國際專修部；機械工程系_外國學生專班；機械工程系_智慧製造國際產業人才教育專班；機械工程系_機電整合製造國際產業人才教育專班；機械工程系_設備工程師國際產業人才教育專班；機械工程系_設備工程師專班；機械工程系機械與能源工程博士班；機械工程系碩士在職專班；機械工程系碩士班；環境工程系；環境工程系_環工機電國際學生產學合作專班；環境工程系_綠能科技專班；環境工程系碩士在職專班；環境工程系碩士班；空間設計系；空間設計系環境設計碩士班；視覺傳達設計系；視覺傳達設計系碩士在職專班；視覺傳達設計系碩士班；視訊傳播設計系；視訊傳播設計系_香港二技專班；視訊傳播設計系媒體藝術碩士班；資訊傳播系；資訊傳播系_電子商務與產品供應鏈E化國際學生產學合作專班；資訊工程系；資訊工程系_資訊與自動化國際學生產學合作專班；資訊工程系_資電科技應用僑生專班；資訊工程系碩士班；資訊管理系；資訊管理系_製造資訊僑生專班；資訊管理系_電子商務僑生專班；資訊管理系碩士在職專班；資訊管理系碩士班；金融管理系；雲端商務管理數位學習碩士在職專班；電動車暨智慧電子工程系；電動車暨智慧電子工程系_國際專修部；電動車暨智慧電子工程系碩士班；電子工程系_國際專修部；電子工程系_國際機電自動化工程與管理碩士學程外國學生專班；電子工程系_智慧電子應用實務專班；電子工程系_機電整合僑生專班；電機工程系；電機工程系_半導體工程碩士專班；電機工程系_國際學生產學合作專班；電機工程系_國際專修部；電機工程系_機電整合工程碩士專班；電機工程系_自動化工程師專班；電機工程系_電機國際產業人才教育專班；電機工程系碩士在職專班；電機工程系碩士班；電腦與遊戲發展科學學士學位學程；餐飲管理及廚藝系；餐飲管理及廚藝系_國際專修部；餐飲管理及廚藝系_餐飲管理及廚藝僑生產學專班,AUTO_MATCHED,,,https://stats.moe.gov.tw/files/opendata/students.csv
正修學校財團法人正修科技大學,王進猷（系主任）,mech@gcloud.csu.edu.tw,163,機械工程系,,1074,機械工程科=47；機械工程系=434；機械工程系=362；機械工程系=63；機械工程系_國際專修部=13；機械工程系_機電產業僑生專班=24；機械工程系_現役軍人營區在職專班=10；機械工程系_精密設計製造專班=12；機械工程系_精密設計製造專班=24；機械工程系_重點產業系所招生=1；機械工程系_電子產業設備人才僑生專班=41；機械工程系機電工程博士班=21；機械工程系機電工程碩士班=22,企業管理科；企業管理系；企業管理系_現役軍人營區在職專班；企業管理系經營管理碩士在職專班；企業管理系經營管理碩士班；休閒與運動管理科；休閒與運動管理系；休閒與運動管理系_休閒餐旅產業僑生專班；休閒與運動管理系_外國學生專班；休閒與運動管理系碩士在職專班；休閒與運動管理系碩士班；化妝品與時尚彩妝系；化妝品與時尚彩妝系碩士班；國際企業系；土木工程科；土木與空間資訊系；土木與空間資訊系_土木工程施工實務；土木與空間資訊系_工程識圖與施工實務專班；土木與空間資訊系_營建工程施工技術碩士學位學程；土木與空間資訊系營建工程碩士班；室內設計科；工業工程與管理系；工業工程與管理系_先進品質管理(工業工程與管理實務)；工業工程與管理系_國際專修部；工業工程與管理系_外國學生專班；工業工程與管理系_新能源與減碳技術管理碩士學位學程；工業工程與管理系_機械工程專班；工業工程與管理系_現役軍人營區在職專班；工業工程與管理系碩士班；幼兒保育系；幼兒保育系碩士班；建築科；建築與室內設計系；應用外語科；應用外語系；應用外語系_現役軍人營區在職專班；數位多媒體設計系；機械工程科；機械工程系；機械工程系_國際專修部；機械工程系_機電產業僑生專班；機械工程系_現役軍人營區在職專班；機械工程系_精密設計製造專班；機械工程系_重點產業系所招生；機械工程系_電子產業設備人才僑生專班；機械工程系機電工程博士班；機械工程系機電工程碩士班；環境毒物與新興污染物研究所；環境毒物與新興污染物研究所_重點產業系所招生；視覺傳達設計系；視覺傳達設計系文創設計與藝術保存碩士班；觀光遊憩系；觀光遊憩系_觀光餐旅產業僑生專班；護理系；資訊工程系；資訊工程系_資電產業僑生專班；資訊工程系碩士班；資訊管理系；資訊管理系_現役軍人營區在職專班；資訊管理系碩士在職專班；資訊管理系碩士班；金融管理系；金融管理系碩士班；長期照護與健康管理系；電子工程系；電子工程系_國際專修部；電子工程系_年輕移工在職進修專班；電子工程系_設備工程專班；電子工程系_電子產業僑生專班；電子工程系碩士班；電機工程科；電機工程系；電機工程系_國際專修部；電機工程系_現役軍人營區在職專班；電機工程系_電機產業僑生專班；電機工程系碩士班；電競科技系；電競科技系_電資科技應用產業僑生專班；餐飲管理科；餐飲管理系；餐飲管理系_烘焙餐飲產業僑生專班；餐飲管理系_餐飲產業僑生專班,AUTO_MATCHED,,,https://stats.moe.gov.tw/files/opendata/students.csv
正修學校財團法人正修科技大學,陳正義（系主任）,ectrical@gcloud.csu.edu.tw,164,電機工程系,919,1185,電機工程科=65；電機工程系=431；電機工程系=343；電機工程系=120；電機工程系_國際專修部=26；電機工程系_現役軍人營區在職專班=49；電機工程系_電機產業僑生專班=126；電機工程系碩士班=25,企業管理科；企業管理系；企業管理系_現役軍人營區在職專班；企業管理系經營管理碩士在職專班；企業管理系經營管理碩士班；休閒與運動管理科；休閒與運動管理系；休閒與運動管理系_休閒餐旅產業僑生專班；休閒與運動管理系_外國學生專班；休閒與運動管理系碩士在職專班；休閒與運動管理系碩士班；化妝品與時尚彩妝系；化妝品與時尚彩妝系碩士班；國際企業系；土木工程科；土木與空間資訊系；土木與空間資訊系_土木工程施工實務；土木與空間資訊系_工程識圖與施工實務專班；土木與空間資訊系_營建工程施工技術碩士學位學程；土木與空間資訊系營建工程碩士班；室內設計科；工業工程與管理系；工業工程與管理系_先進品質管理(工業工程與管理實務)；工業工程與管理系_國際專修部；工業工程與管理系_外國學生專班；工業工程與管理系_新能源與減碳技術管理碩士學位學程；工業工程與管理系_機械工程專班；工業工程與管理系_現役軍人營區在職專班；工業工程與管理系碩士班；幼兒保育系；幼兒保育系碩士班；建築科；建築與室內設計系；應用外語科；應用外語系；應用外語系_現役軍人營區在職專班；數位多媒體設計系；機械工程科；機械工程系；機械工程系_國際專修部；機械工程系_機電產業僑生專班；機械工程系_現役軍人營區在職專班；機械工程系_精密設計製造專班；機械工程系_重點產業系所招生；機械工程系_電子產業設備人才僑生專班；機械工程系機電工程博士班；機械工程系機電工程碩士班；環境毒物與新興污染物研究所；環境毒物與新興污染物研究所_重點產業系所招生；視覺傳達設計系；視覺傳達設計系文創設計與藝術保存碩士班；觀光遊憩系；觀光遊憩系_觀光餐旅產業僑生專班；護理系；資訊工程系；資訊工程系_資電產業僑生專班；資訊工程系碩士班；資訊管理系；資訊管理系_現役軍人營區在職專班；資訊管理系碩士在職專班；資訊管理系碩士班；金融管理系；金融管理系碩士班；長期照護與健康管理系；電子工程系；電子工程系_國際專修部；電子工程系_年輕移工在職進修專班；電子工程系_設備工程專班；電子工程系_電子產業僑生專班；電子工程系碩士班；電機工程科；電機工程系；電機工程系_國際專修部；電機工程系_現役軍人營區在職專班；電機工程系_電機產業僑生專班；電機工程系碩士班；電競科技系；電競科技系_電資科技應用產業僑生專班；餐飲管理科；餐飲管理系；餐飲管理系_烘焙餐飲產業僑生專班；餐飲管理系_餐飲產業僑生專班,AUTO_MATCHED,,,https://stats.moe.gov.tw/files/opendata/students.csv
明志科技大學,蔡習訓（系主任）,hhtsai@mail.mcut.edu.tw,165,機械工程系,612,619,機械工程系=549；機械工程系=2；機械工程系_新型專班=7；機械工程系機械與機電工程碩士班=61,創新科技應用於生物醫學暨醫療照護產品研發國際博士學位學程；化學工程系；化學工程系生化工程碩士班；化學工程系碩士班；半導體材料與製程學士學位學程；國際企業管理碩士學位學程(IMBA)；工業人工智慧學士學位學程；工業工程與管理系；工業工程與管理系碩士在職專班；工業工程與管理系碩士班；工業設計系；工業設計系_外國學生專班；工業設計系碩士班；數位行銷設計學士學位學程；材料工程系；材料工程系碩士班；機械工程系；機械工程系_新型專班；機械工程系機械與機電工程碩士班；環境與安全衛生工程系；環境與安全衛生工程系環境工程碩士班；經營管理系；經營管理系_外國學生專班；經營管理系碩士班；能源電池科技博士學位學程；視覺傳達設計系；視覺傳達設計系碩士班；電子工程系；電子工程系碩士班；電機工程系；電機工程系碩士班；電漿與薄膜工程國際博士學位學程,AUTO_MATCHED,,,https://stats.moe.gov.tw/files/opendata/students.csv
明志科技大學,陳瓊安（系主任）,joannechen@mail.mcut.edu.tw,166,電機工程系,442,442,電機工程系=382；電機工程系碩士班=60,創新科技應用於生物醫學暨醫療照護產品研發國際博士學位學程；化學工程系；化學工程系生化工程碩士班；化學工程系碩士班；半導體材料與製程學士學位學程；國際企業管理碩士學位學程(IMBA)；工業人工智慧學士學位學程；工業工程與管理系；工業工程與管理系碩士在職專班；工業工程與管理系碩士班；工業設計系；工業設計系_外國學生專班；工業設計系碩士班；數位行銷設計學士學位學程；材料工程系；材料工程系碩士班；機械工程系；機械工程系_新型專班；機械工程系機械與機電工程碩士班；環境與安全衛生工程系；環境與安全衛生工程系環境工程碩士班；經營管理系；經營管理系_外國學生專班；經營管理系碩士班；能源電池科技博士學位學程；視覺傳達設計系；視覺傳達設計系碩士班；電子工程系；電子工程系碩士班；電機工程系；電機工程系碩士班；電漿與薄膜工程國際博士學位學程,AUTO_MATCHED,,,https://stats.moe.gov.tw/files/opendata/students.csv
明新學校財團法人明新科技大學,系辦正式窗口,syc@must.edu.tw,167,機械工程系,385,542,機械工程系=256；機械工程系=96；機械工程系_國際學生產學合作專班=150；機械工程系_製造科技實務專班=7；機械工程系精密機電工程碩士在職專班=11；機械工程系精密機電工程碩士班=22,企業管理系；企業管理系_現役軍人營區在職專班；企業管理系原住民管理碩士在職專班；企業管理系管理碩士在職專班；企業管理系管理碩士班；休閒事業管理系；休閒事業管理系_僑生休閒管理專班；半導體工程與材料系；半導體工程與材料系碩士在職專班；半導體工程與材料系碩士班；半導體科技博士學位學程；半導體與光電科技系；半導體與光電科技系_光電科技產業僑生專班；半導體與光電科技系_國際學生產學合作專班；半導體與光電科技系_國際專修部；半導體與光電科技系_新型專班；半導體與光電科技系_資訊科技產業僑生專班；半導體與光電科技系碩士班；國際商務外語系；國際商務外語系_現役軍人營區在職專班；土木工程與環境資源管理系；土木工程與環境資源管理系_國際學生產學合作專班；土木工程與環境資源管理系_建築營造專班；土木工程與環境資源管理系_新型專班；土木工程與環境資源管理系_海事工程專班；土木工程與環境資源管理系碩士在職專班；土木工程與環境資源管理系碩士班；多媒體與遊戲發展系；工業工程與管理科；工業工程與管理系；工業工程與管理系_國際學生產學合作國際專班；工業工程與管理系_現役軍人營區在職專班；工業工程與管理系_產學攜手僑生專班；工業工程與管理系碩士在職專班；工業工程與管理系碩士班；幼兒保育系；幼兒保育系原住民專班；幼兒保育系碩士班；應用材料科技系_國際學生產學合作專班；應用材料科技系_國際專修部；應用材料科技系_新型專班；旅館管理與廚藝創意系；旅館管理與廚藝創意系_僑生餐飲管理專班；旅館管理與廚藝創意系_國際專修部；時尚造型與設計系；樂齡服務產業管理系；樂齡服務產業管理系原住民專班；樂齡服務產業管理系服務產業管理碩士班；機械工程系；機械工程系_國際學生產學合作專班；機械工程系_製造科技實務專班；機械工程系精密機電工程碩士在職專班；機械工程系精密機電工程碩士班；行銷與流通管理系；行銷與流通管理系_國際專修部；行銷與流通管理系_現役軍人營區在職專班；行銷與流通管理系_產學攜手僑生專班；財務金融系；資訊工程系；資訊工程系_國際學生產學合作專班；資訊管理科；資訊管理系；資訊管理系_現役軍人營區在職專班；資訊管理系碩士班；運動事業管理系；電子工程科；電子工程系；電子工程系_國際學生產學合作國際專班；電子工程系_現役軍人營區在職專班；電子工程系_產學攜手僑生專班；電子工程系_電子工程半導體產業僑生菁英專班；電子工程系碩士在職專班；電子工程系碩士班；電機工程系；電機工程系_國際學生產學合作專班；電機工程系碩士在職專班；電機工程系碩士班；風力發電學士學位學程,AUTO_MATCHED,,,https://stats.moe.gov.tw/files/opendata/students.csv
明新學校財團法人明新科技大學,廖建興（系主任）,jasonarpon78@must.edu.tw,168,電機工程系,709,851,電機工程系=369；電機工程系=292；電機工程系_國際學生產學合作專班=142；電機工程系碩士在職專班=14；電機工程系碩士班=34,企業管理系；企業管理系_現役軍人營區在職專班；企業管理系原住民管理碩士在職專班；企業管理系管理碩士在職專班；企業管理系管理碩士班；休閒事業管理系；休閒事業管理系_僑生休閒管理專班；半導體工程與材料系；半導體工程與材料系碩士在職專班；半導體工程與材料系碩士班；半導體科技博士學位學程；半導體與光電科技系；半導體與光電科技系_光電科技產業僑生專班；半導體與光電科技系_國際學生產學合作專班；半導體與光電科技系_國際專修部；半導體與光電科技系_新型專班；半導體與光電科技系_資訊科技產業僑生專班；半導體與光電科技系碩士班；國際商務外語系；國際商務外語系_現役軍人營區在職專班；土木工程與環境資源管理系；土木工程與環境資源管理系_國際學生產學合作專班；土木工程與環境資源管理系_建築營造專班；土木工程與環境資源管理系_新型專班；土木工程與環境資源管理系_海事工程專班；土木工程與環境資源管理系碩士在職專班；土木工程與環境資源管理系碩士班；多媒體與遊戲發展系；工業工程與管理科；工業工程與管理系；工業工程與管理系_國際學生產學合作國際專班；工業工程與管理系_現役軍人營區在職專班；工業工程與管理系_產學攜手僑生專班；工業工程與管理系碩士在職專班；工業工程與管理系碩士班；幼兒保育系；幼兒保育系原住民專班；幼兒保育系碩士班；應用材料科技系_國際學生產學合作專班；應用材料科技系_國際專修部；應用材料科技系_新型專班；旅館管理與廚藝創意系；旅館管理與廚藝創意系_僑生餐飲管理專班；旅館管理與廚藝創意系_國際專修部；時尚造型與設計系；樂齡服務產業管理系；樂齡服務產業管理系原住民專班；樂齡服務產業管理系服務產業管理碩士班；機械工程系；機械工程系_國際學生產學合作專班；機械工程系_製造科技實務專班；機械工程系精密機電工程碩士在職專班；機械工程系精密機電工程碩士班；行銷與流通管理系；行銷與流通管理系_國際專修部；行銷與流通管理系_現役軍人營區在職專班；行銷與流通管理系_產學攜手僑生專班；財務金融系；資訊工程系；資訊工程系_國際學生產學合作專班；資訊管理科；資訊管理系；資訊管理系_現役軍人營區在職專班；資訊管理系碩士班；運動事業管理系；電子工程科；電子工程系；電子工程系_國際學生產學合作國際專班；電子工程系_現役軍人營區在職專班；電子工程系_產學攜手僑生專班；電子工程系_電子工程半導體產業僑生菁英專班；電子工程系碩士在職專班；電子工程系碩士班；電機工程系；電機工程系_國際學生產學合作專班；電機工程系碩士在職專班；電機工程系碩士班；風力發電學士學位學程,AUTO_MATCHED,,,https://stats.moe.gov.tw/files/opendata/students.csv
龍華科技大學,陳詩豐（系主任）,dave2esc@mail.lhu.edu.tw,169,機械工程系,1041,1332,機械工程科=190；機械工程系=675；機械工程系=284；機械工程系_國際學生產學合作專班=101；機械工程系碩士在職專班=39；機械工程系碩士班=43,企業管理系；企業管理系_境外專班；企業管理系_外國學生專班；企業管理系_進修學制碩士在職專班；企業管理系_餐飲管理專班；企業管理系碩士在職專班；企業管理系碩士班；先進電子構裝科技博士學位學程；化工與材料工程系_國際學生產學合作專班；化工與材料工程系_生醫包裝材料及檢測技術國際學生產學合作專班；半導體工程科；半導體工程系；半導體工程系_國際學生產學合作專班；半導體工程系_國際專修部；半導體工程系碩士班；國際企業系_國際貿易與物流國際學生產學合作專班；國際企業系_餐飲管理與國際化專班；多媒體與遊戲發展科學系；多媒體與遊戲發展科學系碩士班；工業管理系；工業管理系_全球運籌與供應鏈資訊化國際學生產學合作專班；工業管理系_國際專修部；工業管理系_日用民生用品與消費性電子器材供應鏈E化與智慧製造國際學生產學合作專班；應用外語系；應用外語系國際觀光與會展碩士班；數位行銷暨跨境商務系；數位行銷暨跨境商務系_國際專修部；文化創意與數位媒體設計系；機械工程科；機械工程系；機械工程系_國際學生產學合作專班；機械工程系碩士在職專班；機械工程系碩士班；觀光休閒系；觀光休閒系_國際學生產學合作專班；觀光休閒系_國際專修部；觀光休閒系_外國學生專班；觀光休閒系_餐飲管理專班；財務金融系；資訊管理系；資訊管理系_國際專修部；資訊管理系_重點產業系所招生；資訊管理系碩士在職專班；資訊管理系碩士班；資訊網路工程系；資訊網路工程系_國際學生產學合作專班；資訊網路工程系_物聯網與人工智慧應用科技產業僑生專班；資訊網路工程系_重點產業系所招生；資訊網路工程系碩士班；電子工程科；電子工程系；電子工程系_新南向國際學生半導體技術產學合作專班；電子工程系_資訊電子應用僑生專班；電子工程系碩士班；電機工程科；電機工程系；電機工程系_國際學生產學合作專班；電機工程系_新型專班；電機工程系_海外青年技術訓練班；電機工程系_電動機應用科技專班；電機工程系_電路板(應用)產業專班；電機工程系碩士班,AUTO_MATCHED,,,https://stats.moe.gov.tw/files/opendata/students.csv
龍華科技大學,何慶祥（系主任）,ee071@gm.lhu.edu.tw,170,電機工程系,913,1562,電機工程科=396；電機工程系=566；電機工程系=132；電機工程系=188；電機工程系_國際學生產學合作專班=144；電機工程系_新型專班=1；電機工程系_海外青年技術訓練班=43；電機工程系_電動機應用科技專班=2；電機工程系_電路板(應用)產業專班=63；電機工程系碩士班=27,企業管理系；企業管理系_境外專班；企業管理系_外國學生專班；企業管理系_進修學制碩士在職專班；企業管理系_餐飲管理專班；企業管理系碩士在職專班；企業管理系碩士班；先進電子構裝科技博士學位學程；化工與材料工程系_國際學生產學合作專班；化工與材料工程系_生醫包裝材料及檢測技術國際學生產學合作專班；半導體工程科；半導體工程系；半導體工程系_國際學生產學合作專班；半導體工程系_國際專修部；半導體工程系碩士班；國際企業系_國際貿易與物流國際學生產學合作專班；國際企業系_餐飲管理與國際化專班；多媒體與遊戲發展科學系；多媒體與遊戲發展科學系碩士班；工業管理系；工業管理系_全球運籌與供應鏈資訊化國際學生產學合作專班；工業管理系_國際專修部；工業管理系_日用民生用品與消費性電子器材供應鏈E化與智慧製造國際學生產學合作專班；應用外語系；應用外語系國際觀光與會展碩士班；數位行銷暨跨境商務系；數位行銷暨跨境商務系_國際專修部；文化創意與數位媒體設計系；機械工程科；機械工程系；機械工程系_國際學生產學合作專班；機械工程系碩士在職專班；機械工程系碩士班；觀光休閒系；觀光休閒系_國際學生產學合作專班；觀光休閒系_國際專修部；觀光休閒系_外國學生專班；觀光休閒系_餐飲管理專班；財務金融系；資訊管理系；資訊管理系_國際專修部；資訊管理系_重點產業系所招生；資訊管理系碩士在職專班；資訊管理系碩士班；資訊網路工程系；資訊網路工程系_國際學生產學合作專班；資訊網路工程系_物聯網與人工智慧應用科技產業僑生專班；資訊網路工程系_重點產業系所招生；資訊網路工程系碩士班；電子工程科；電子工程系；電子工程系_新南向國際學生半導體技術產學合作專班；電子工程系_資訊電子應用僑生專班；電子工程系碩士班；電機工程科；電機工程系；電機工程系_國際學生產學合作專班；電機工程系_新型專班；電機工程系_海外青年技術訓練班；電機工程系_電動機應用科技專班；電機工程系_電路板(應用)產業專班；電機工程系碩士班,AUTO_MATCHED,,,https://stats.moe.gov.tw/files/opendata/students.csv
中原大學,李有璋（系主任）,yclee@cycu.edu.tw,171,機械工程學系,869,869,機械工程學系=25；機械工程學系=84；機械工程學系=704；機械工程學系=56,中原大學美國威大密爾瓦基分校電機與資訊工程雙學士學位學程；中原大學與美國天普大學商學管理雙學士學位學程；人文與教育學院學士學位學程；企業管理學系；企業管理學系碩士在職現役軍人營區專班；全校外籍生大一不分系學士學位學程；化學工程學系；化學系；半導體材料與光電檢測碩士學位學程；商學博士學位學程；商業設計學系；國際商學學士學位學程；國際商學碩士學位學程；國際經營與貿易學系；土木工程學系；地景建築學系；宗教研究所；室內設計學系；工業與系統工程學系；工業與系統工程學系國際碩士班；工業與系統工程學系碩士專班；建築學系；心理學系；應用外國語文學系；應用數學系；應用華語文學系；教育研究所；智慧運算與大數據碩士學位學程；會計學系；機械工程學系；淨零循環經濟學士後專班；物理學系；特殊教育學系；理學院半導體人才培育碩士專班；環境工程學系；生物科技學系；生物醫學工程學系；英國牛津布魯克斯大學建築及都市設計雙學士學位學程；設計學博士學位學程；設計學院設計學士原住民專班；財務金融學系；財經法律學系；財經法律學系五年制；資訊工程學系；資訊工程學系資訊安全與科技犯罪偵查碩士在職專班；資訊管理學系；資訊管理學系碩士在職現役軍人營區專班；電子工程學系；電機工程學系；電機工程學系國際碩士班；電機資訊學院人工智慧應用學士學位學程；電機資訊學院學士班；電機資訊學院智慧運算與大數據學士班；音樂產業碩士學位學程,AUTO_MATCHED,,,https://stats.moe.gov.tw/files/opendata/students.csv
中原大學,賴裕昆（系主任）,ylai@cycu.edu.tw,172,電機工程學系,626,632,電機工程學系=20；電機工程學系=98；電機工程學系=459；電機工程學系=49；電機工程學系國際碩士班=6,中原大學美國威大密爾瓦基分校電機與資訊工程雙學士學位學程；中原大學與美國天普大學商學管理雙學士學位學程；人文與教育學院學士學位學程；企業管理學系；企業管理學系碩士在職現役軍人營區專班；全校外籍生大一不分系學士學位學程；化學工程學系；化學系；半導體材料與光電檢測碩士學位學程；商學博士學位學程；商業設計學系；國際商學學士學位學程；國際商學碩士學位學程；國際經營與貿易學系；土木工程學系；地景建築學系；宗教研究所；室內設計學系；工業與系統工程學系；工業與系統工程學系國際碩士班；工業與系統工程學系碩士專班；建築學系；心理學系；應用外國語文學系；應用數學系；應用華語文學系；教育研究所；智慧運算與大數據碩士學位學程；會計學系；機械工程學系；淨零循環經濟學士後專班；物理學系；特殊教育學系；理學院半導體人才培育碩士專班；環境工程學系；生物科技學系；生物醫學工程學系；英國牛津布魯克斯大學建築及都市設計雙學士學位學程；設計學博士學位學程；設計學院設計學士原住民專班；財務金融學系；財經法律學系；財經法律學系五年制；資訊工程學系；資訊工程學系資訊安全與科技犯罪偵查碩士在職專班；資訊管理學系；資訊管理學系碩士在職現役軍人營區專班；電子工程學系；電機工程學系；電機工程學系國際碩士班；電機資訊學院人工智慧應用學士學位學程；電機資訊學院學士班；電機資訊學院智慧運算與大數據學士班；音樂產業碩士學位學程,AUTO_MATCHED,,,https://stats.moe.gov.tw/files/opendata/students.csv
逢甲大學,戴國政（系主任）,kctai@o365.fcu.edu.tw,173,機械與電腦輔助工程學系,590,590,機械與電腦輔助工程學系=524；機械與電腦輔助工程學系機械工程碩士班=66,中國文學系；人工智慧技術與應用學士學位學程；企業管理學系；光電科學與工程學系；全校國際生大一不分系學士班；公共事務與社會創新研究所；化學工程學系；合作經濟暨社會事業經營學系；商學博士學位學程；商學專業碩士在職學位學程；商學進修學士學位學程；國際企業管理全英語學士學位學程；國際經營與貿易學系；國際經營與貿易學系國際企業管理全英語學士班；國際雙學士學位學程；土地管理學系；土木工程學系；土木工程學系營建工程與管理進修學士班；外國語文學系；外國語文學系英語文研究碩士班；太空系統工程碩士學位學程；學士後工程與科學學院淨零智慧永續學士班；室內設計學士學位學程；室內設計進修學士班；專案管理碩士在職學位學程；工業工程與系統管理學系；建築學士學位學程；建築專業學院學士班；建築碩士學位學程；建設碩士在職學位學程；建設規劃與工程博士學位學程；應用數學系；數據科學碩士學位學程；文化與社會創新碩士學位學程；智慧城市碩士學位學程；智能製造與工程管理碩士在職學位學程；會計學系；材料科學與工程學系；機械與航空工程博士學位學程；機械與電腦輔助工程學系；機械與電腦輔助工程學系機械工程碩士班；歷史與文物研究所；水利工程與資源保育學系；澳洲墨爾本皇家理工大學商學與創新雙學士學位學程；澳洲新南威爾斯大學設計雙學士學位學程；澳洲昆士蘭大學商學雙學士學位學程；澳洲昆士蘭大學電機工程雙學士學位學程；澳洲蒙納許大學資訊工程雙學士學位學程；環境工程與科學學系；生醫資訊暨生醫工程碩士學位學程；社會創新暨永續碩士在職學位學程；精密系統設計學士學位學程；統計學系；統計學系統計與精算碩士班；經濟學系；經營管理碩士在職學位學程；綠色能源科技碩士學位學程；纖維與複合材料學系；美國加州聖荷西州立大學商學大數據分析雙學士學位學程；美國加州聖荷西州立大學電機工程雙學士學位學程；美國加州舊金山州立大學資訊工程雙學士學位學程；美國普渡大學電機資訊雙學士學位學程；自動控制工程學系；航太與系統工程學系；行銷學系；行銷學系全球行銷碩士班；財務工程與精算學士學位學程；財務金融學系；財稅學系；財經法律研究所；資訊工程學系；資訊工程學系學士後專班；資訊電機學院學士班；資訊電機工程碩士在職學位學程；資通安全碩士學位學程；資通訊與電控產業碩士專班；通訊工程學系；運輸與物流學系；都市計畫與空間資訊學系；金融博士學位學程；金融學院學士班；金融碩士在職學位學程；電子工程學系；電機工程學系；電機與通訊工程博士學位學程；電聲碩士學位學程；風險管理與保險學系,AUTO_MATCHED,,,https://stats.moe.gov.tw/files/opendata/students.csv
逢甲大學,鄭仙志（特聘教授兼系主任）,aero@fcu.edu.tw,174,航太與系統工程學系,,513,航太與系統工程學系=43；航太與系統工程學系=470,中國文學系；人工智慧技術與應用學士學位學程；企業管理學系；光電科學與工程學系；全校國際生大一不分系學士班；公共事務與社會創新研究所；化學工程學系；合作經濟暨社會事業經營學系；商學博士學位學程；商學專業碩士在職學位學程；商學進修學士學位學程；國際企業管理全英語學士學位學程；國際經營與貿易學系；國際經營與貿易學系國際企業管理全英語學士班；國際雙學士學位學程；土地管理學系；土木工程學系；土木工程學系營建工程與管理進修學士班；外國語文學系；外國語文學系英語文研究碩士班；太空系統工程碩士學位學程；學士後工程與科學學院淨零智慧永續學士班；室內設計學士學位學程；室內設計進修學士班；專案管理碩士在職學位學程；工業工程與系統管理學系；建築學士學位學程；建築專業學院學士班；建築碩士學位學程；建設碩士在職學位學程；建設規劃與工程博士學位學程；應用數學系；數據科學碩士學位學程；文化與社會創新碩士學位學程；智慧城市碩士學位學程；智能製造與工程管理碩士在職學位學程；會計學系；材料科學與工程學系；機械與航空工程博士學位學程；機械與電腦輔助工程學系；機械與電腦輔助工程學系機械工程碩士班；歷史與文物研究所；水利工程與資源保育學系；澳洲墨爾本皇家理工大學商學與創新雙學士學位學程；澳洲新南威爾斯大學設計雙學士學位學程；澳洲昆士蘭大學商學雙學士學位學程；澳洲昆士蘭大學電機工程雙學士學位學程；澳洲蒙納許大學資訊工程雙學士學位學程；環境工程與科學學系；生醫資訊暨生醫工程碩士學位學程；社會創新暨永續碩士在職學位學程；精密系統設計學士學位學程；統計學系；統計學系統計與精算碩士班；經濟學系；經營管理碩士在職學位學程；綠色能源科技碩士學位學程；纖維與複合材料學系；美國加州聖荷西州立大學商學大數據分析雙學士學位學程；美國加州聖荷西州立大學電機工程雙學士學位學程；美國加州舊金山州立大學資訊工程雙學士學位學程；美國普渡大學電機資訊雙學士學位學程；自動控制工程學系；航太與系統工程學系；行銷學系；行銷學系全球行銷碩士班；財務工程與精算學士學位學程；財務金融學系；財稅學系；財經法律研究所；資訊工程學系；資訊工程學系學士後專班；資訊電機學院學士班；資訊電機工程碩士在職學位學程；資通安全碩士學位學程；資通訊與電控產業碩士專班；通訊工程學系；運輸與物流學系；都市計畫與空間資訊學系；金融博士學位學程；金融學院學士班；金融碩士在職學位學程；電子工程學系；電機工程學系；電機與通訊工程博士學位學程；電聲碩士學位學程；風險管理與保險學系,AUTO_MATCHED,,,https://stats.moe.gov.tw/files/opendata/students.csv
長庚大學,張耀仁（教授兼系主任）,zen@cgu.edu.tw,175,機械工程學系,,236,機械工程學系=11；機械工程學系=36；機械工程學系=189,中醫學系；中醫學系傳統中醫學碩士班；中醫學系天然藥物碩士班；人工智慧學士學位學程；人工智慧學系；健康數據科學研究所；健康暨長期照護產業碩士學位學程；光電工程研究所；免疫轉譯醫學研究所；化工與材料工程學系；呼吸治療學系；商管專業學院碩士學位學程；商管專業學院碩士學位學程在職專班；奈米工程及設計碩士學位學程；學士後護理學系；工商管理學系；工業設計學系；數位金融科技學系；新興病毒分子醫學國際碩士學位學程；早期療育研究所；智慧醫療創新碩士學位學程；機械工程學系；物理治療學系；生物科技產業博士學位學程；生物科技產業碩士學位學程；生物醫學工程博士學位學程；生物醫學工程學系；生物醫學研究所；生物醫學系；生物醫學系臨床試驗與評估碩士班；管理研究所；職能治療學系；職能治療學系行為科學碩士班；臨床醫學研究所；護理學系；資產管理研究所；資訊工程學系；資訊管理學系；醫務管理學系；醫學影像暨放射科學系；醫學生物技術暨檢驗學系；醫學系；電子工程學系；電機工程學系；顯微手術國際碩士學位學程；顱顏口腔醫學研究所,AUTO_MATCHED,,,https://stats.moe.gov.tw/files/opendata/students.csv
大同大學,簡昭珩（系主任）,chchien@gm.ttu.edu.tw,176,機械與材料工程學系,329,336,機械與材料工程學系=7；機械與材料工程學系=23；機械與材料工程學系=306,114秋季班工程學院電資工程新型碩士專班；事業與資訊經營學系；化學工程與生物科技學系；工業設計學系；工程學院學士班；工程學院電資工程新型專班；應用外語學系；數位媒體設計學系；機械與材料工程學系；設計科學研究所；資訊工程學系；電機工程學系,AUTO_MATCHED,,,https://stats.moe.gov.tw/files/opendata/students.csv
義守大學,劉芳寶（系主任）,fliu@isu.edu.tw,177,機械與自動化工程學系,,259,機械與自動化工程學系=11；機械與自動化工程學系=248,企業管理學系；企業管理學系進修學士現役軍人營區專班；健康管理學系；傳播與設計學院原住民專班；傳播與設計學院文創傳播與設計碩士班；公共政策與管理學系；公共政策與管理學系碩士在職現役軍人營區專班；創意整合設計學系；化學工程學系；化學工程學系生物技術與化學工程博士班；化學工程學系生物技術與化學工程碩士班；半導體學士學位學程；國際企業經營學系；國際企業經營英語學士學位學程；國際傳媒與娛樂管理學系；國際傳媒與娛樂管理英語學士學位學程；國際商務學系；國際學院國際管理碩士班；國際溝通暨應用英語學系；國際觀光餐旅學系；國際財務金融學系；土木工程學系；大眾傳播學系；學士後中醫學系；學士後護理學系；學士後醫學系外國學生專班；工學院工程科技碩士班；工業管理學系；工業管理學系碩士在職現役軍人營區專班；工業管理學系進修學士現役軍人營區專班；廚藝暨美食學學系；應用日語學系；新媒體設計學系；智慧科技英語學士學位學程；智慧網路科技學系；智慧觀光餐旅管理英語學士學位學程；智慧醫療暨生物資訊碩士學位學程；會計學系；材料科學與工程學系；機械與自動化工程學系；營養學系；物理治療學系；生物醫學工程學系；管理學院管理博士班；管理學院管理碩士在職專班；管理學院進修學士班；職能治療學系；視覺藝術與設計學系；觀光智慧服務與科技學系；觀光餐旅學院原住民專班；護理學系；護理學系原住民專班；財務與商業分析英語學士學位學程；財務金融管理學系；財務金融管理學系進修學士現役軍人營區專班；資料科學與大數據分析學系；資訊工程學系；資訊管理學系；資訊管理學系碩士在職現役軍人營區專班；資訊管理學系進修學士現役軍人營區專班；運動科技與休閒管理學系；醫務管理學系；醫學影像暨放射科學系；醫學檢驗技術學系；醫學研究所；醫學科學與生物科技學系；醫學系(公費生)；電子工程學系；電影與電視學系；電機工程學系；電機工程學系113春季班設備工程專班；電機工程學系114秋季班設備工程專班；電機工程學系學士後二年制設備工程專班；餐旅管理學系,AUTO_MATCHED,,,https://stats.moe.gov.tw/files/opendata/students.csv
大葉大學,系辦正式窗口,me5010@mail.dyu.edu.tw,178,機械與自動化工程學系,,156,機械與自動化工程學系=9；機械與自動化工程學系=147,人力資源暨公共關係學系；企業管理學系；傳播藝術學士學位學程；傳播藝術學士學位學程表演藝術原住民專班；半導體學士學位學程；商業經營國際碩士學位學程；國際企業管理學系；多媒體數位內容學士學位學程；學士後護理學系；建築研究所；應用日語學系；教育專業發展研究所；智慧財產權碩士在職學位學程；會計與資訊管理學系；機械與自動化工程學系；消防安全學士學位學程；烘焙暨飲料調製學士學位學程；環境與安全工程學系；生物科技與產業博士學位學程；生物資源學系；生物醫學系；空間設計學系；管理學院博士班；管理學院碩士在職專班；職能治療學系；英語學系；藥用植物與食品保健學系；視光學系；觀光休閒學系；設計學系；設計暨藝術學院教師碩士在職專班；設計暨藝術學院碩士在職專班；設計暨藝術學院碩士班；護理學系；財務金融學系；財務金融學系114秋季班財富管理專班；資訊工程學系；造形藝術學系；運動健康管理學系；醫學工程學系；醫療器材設計與材料碩士學位學程；電機工程學系；餐旅管理學系,AUTO_MATCHED,,,https://stats.moe.gov.tw/files/opendata/students.csv
城市學校財團法人臺北城市科技大學,黃俊賢（教授兼工學院院長／機械系主任）,jshuang@tpcu.edu.tw,180,機械工程系,,573,機械工程科=6；機械工程科=1；機械工程系=386；機械工程系=106；機械工程系=43；機械工程系機電整合碩士班=31,企業管理科；企業管理系；企業管理系_現役軍人營區在職專班；企業管理系電子商務碩士班；休閒事業科；休閒事業系；休閒事業系碩士班；應用外語科；應用外語系；數位多媒體設計系；時尚造型事業科；時尚造型事業系；時尚造型事業系_國際學生產學專班；機械工程科；機械工程系；機械工程系機電整合碩士班；流行音樂事業系；演藝事業系；烘焙創意與經營管理學士學位學程；行銷與流通管理科；行銷與流通管理系；行銷與流通管理系_國際專修部；觀光事業系；觀光事業系_國際學生產學專班；觀光事業系_國際專修部；資訊工程科；資訊工程系；資訊工程系_國際專修部；資訊工程系_海外青年技術訓練班；電機工程科；電機工程系；電機工程系_國際專修部；電腦與通訊工程系；電腦與通訊工程系_國際學生產學專班；餐飲事業科；餐飲事業系；餐飲事業系_國際學生產學專班；餐飲事業系_國際專修部,AUTO_MATCHED,,,https://stats.moe.gov.tw/files/opendata/students.csv
淡江大學,洪健君（系主任）,tenx_oa@o365.tku.edu.tw,181,航空太空工程學系,,641,航空太空工程學系=23；航空太空工程學系=617；航空太空工程學系=1,中國文學學系；人工智慧學系；企業管理學系；企業管理學系全英語學士班；全球政治經濟學系；全球政治經濟學系亞太與拉美研究數位學習碩士在職專班；全球政治經濟學系全英語學士班；全球政治經濟學系拉丁美洲研究碩士班；全球政治經濟學系日本政經研究碩士班；公共行政學系；公共行政學系公共政策碩士在職專班；公共行政學系公共政策碩士班；化學學系；化學工程與材料工程學系；國際事務與戰略研究所；國際事務與戰略研究所現役軍人營區碩士在職專班；國際企業學系；國際企業學系114秋季班國際經貿產學全英語碩士專班；國際企業學系國際企業創新管理碩士在職專班；國際企業學系國際行銷碩士在職專班；國際產業人才教育專班(新型專班)工學院AI智慧機械永續製造專班；國際觀光管理學系全英語學士班；土木工程學系；外交與國際關係學系中國大陸研究碩士在職專班；外交與國際關係學系中國大陸研究碩士班；外交與國際關係學系全英語學士班；外交與國際關係學系歐洲研究博士班；外交與國際關係學系歐洲研究碩士班；大眾傳播學系；建築學系；應用數學與數據科學學系；應用數學與數據科學學系數學與數據科學碩士班；教育學院教育領導與科技管理博士班；教育心理與諮商研究所；教育科技學系；教育科技學系數位學習碩士在職專班；教育與未來設計學系；教育與未來設計學系前瞻教育領導與科技管理博士班；教育與未來設計學系課程與教學碩士在職專班；教育與未來設計學系課程與教學碩士班；數位出版與典藏數位學習碩士在職專班；日本語文學系；智慧照護產業學研究所；會計學系；機械與機電工程學系；歐洲語文學系；歷史學系；水資源及環境工程學系；淡江大學暨澳洲昆士蘭理工大學財金全英語雙碩士學位學程；物理學系；理學院尖端材料科學學士學位學程；理學院應用科學博士班；管理科學學系；管理科學學系企業經營碩士在職專班；管理科學學系企業經營碩士班；管理科學學系經營管理全英語碩士班；統計與資料科學學系；統計與資料科學學系應用統計學碩士班；統計與資料科學學系數據科學碩士班；經濟學系；航空太空工程學系；英文學系；英文學系全英語學士班；財務金融學系；財務金融學系全球財務管理全英語學士班；財務金融學系全英語碩士班；資訊傳播學系；資訊工程學系；資訊工程學系全英語學士班；資訊工程學系全英語碩士班；資訊工程學系智慧計算與應用碩士班；資訊管理學系；資訊與圖書館學系；資訊與圖書館學系數位學習碩士在職專班；運輸管理學系；運輸管理學系運輸科學碩士班；電機工程學系；電機工程學系人工智慧機器人碩士班；風險管理與保險學系；風險管理與保險學系保險經營碩士在職專班；風險管理與保險學系保險經營碩士班；高齡健康管理學研究所,AUTO_MATCHED,,,https://stats.moe.gov.tw/files/opendata/students.csv
淡江大學,系辦正式窗口,tebx@oa.tku.edu.tw,182,機械與機電工程學系,,499,機械與機電工程學系=9；機械與機電工程學系=38；機械與機電工程學系=452,中國文學學系；人工智慧學系；企業管理學系；企業管理學系全英語學士班；全球政治經濟學系；全球政治經濟學系亞太與拉美研究數位學習碩士在職專班；全球政治經濟學系全英語學士班；全球政治經濟學系拉丁美洲研究碩士班；全球政治經濟學系日本政經研究碩士班；公共行政學系；公共行政學系公共政策碩士在職專班；公共行政學系公共政策碩士班；化學學系；化學工程與材料工程學系；國際事務與戰略研究所；國際事務與戰略研究所現役軍人營區碩士在職專班；國際企業學系；國際企業學系114秋季班國際經貿產學全英語碩士專班；國際企業學系國際企業創新管理碩士在職專班；國際企業學系國際行銷碩士在職專班；國際產業人才教育專班(新型專班)工學院AI智慧機械永續製造專班；國際觀光管理學系全英語學士班；土木工程學系；外交與國際關係學系中國大陸研究碩士在職專班；外交與國際關係學系中國大陸研究碩士班；外交與國際關係學系全英語學士班；外交與國際關係學系歐洲研究博士班；外交與國際關係學系歐洲研究碩士班；大眾傳播學系；建築學系；應用數學與數據科學學系；應用數學與數據科學學系數學與數據科學碩士班；教育學院教育領導與科技管理博士班；教育心理與諮商研究所；教育科技學系；教育科技學系數位學習碩士在職專班；教育與未來設計學系；教育與未來設計學系前瞻教育領導與科技管理博士班；教育與未來設計學系課程與教學碩士在職專班；教育與未來設計學系課程與教學碩士班；數位出版與典藏數位學習碩士在職專班；日本語文學系；智慧照護產業學研究所；會計學系；機械與機電工程學系；歐洲語文學系；歷史學系；水資源及環境工程學系；淡江大學暨澳洲昆士蘭理工大學財金全英語雙碩士學位學程；物理學系；理學院尖端材料科學學士學位學程；理學院應用科學博士班；管理科學學系；管理科學學系企業經營碩士在職專班；管理科學學系企業經營碩士班；管理科學學系經營管理全英語碩士班；統計與資料科學學系；統計與資料科學學系應用統計學碩士班；統計與資料科學學系數據科學碩士班；經濟學系；航空太空工程學系；英文學系；英文學系全英語學士班；財務金融學系；財務金融學系全球財務管理全英語學士班；財務金融學系全英語碩士班；資訊傳播學系；資訊工程學系；資訊工程學系全英語學士班；資訊工程學系全英語碩士班；資訊工程學系智慧計算與應用碩士班；資訊管理學系；資訊與圖書館學系；資訊與圖書館學系數位學習碩士在職專班；運輸管理學系；運輸管理學系運輸科學碩士班；電機工程學系；電機工程學系人工智慧機器人碩士班；風險管理與保險學系；風險管理與保險學系保險經營碩士在職專班；風險管理與保險學系保險經營碩士班；高齡健康管理學研究所,AUTO_MATCHED,,,https://stats.moe.gov.tw/files/opendata/students.csv
元智大學,江右君（系主任）,ycchiang@saturn.yzu.edu.tw,183,機械工程學系,,480,機械工程學系=14；機械工程學系=42；機械工程學系=408；機械工程學系=16,114秋季班智慧電子產品製造碩士產學專班；中國語文學系；人文社會學院英語學士班；化學工程與材料科學學系；工業工程與管理學系；工程學院英語學士班；應用外語學系；文化產業與文化政策博士學位學程；智慧電子產品製造碩士產學專班；機械工程學系；淨零碳排永續發展學士後專班；生物科技與工程研究所；生物與醫學資訊碩士學位學程；社會暨政策科學學系；管理學院創新經營管理越南境外碩士在職專班；管理學院博士班；管理學院學士班；管理學院管理碩士在職專班；管理學院經營管理碩士班；管理學院財務金融暨會計碩士班；管理學院財務金融暨會計碩士班114秋季班國際財會產學碩士專班；管理學院財務金融暨會計碩士班國際財會產學碩士專班；管理學院高階創新經營管理越南境外碩士在職專班；藝術與設計學系；藝術與設計學系藝術與設計管理碩士班；護理學系；資訊傳播學系；資訊學院英語學士班；資訊工程學系；資訊管理學系；資訊管理學系碩士在職現役軍人營區專班；醫學研究所；電機工程學系；電機通訊學院英語學士班,AUTO_MATCHED,,,https://stats.moe.gov.tw/files/opendata/students.csv
元智大學,劉維昇（系主任）,wsliu@saturn.yzu.edu.tw,184,電機工程學系,,1700,電機工程學系=37；電機工程學系=237；電機工程學系=1387；電機工程學系=39,114秋季班智慧電子產品製造碩士產學專班；中國語文學系；人文社會學院英語學士班；化學工程與材料科學學系；工業工程與管理學系；工程學院英語學士班；應用外語學系；文化產業與文化政策博士學位學程；智慧電子產品製造碩士產學專班；機械工程學系；淨零碳排永續發展學士後專班；生物科技與工程研究所；生物與醫學資訊碩士學位學程；社會暨政策科學學系；管理學院創新經營管理越南境外碩士在職專班；管理學院博士班；管理學院學士班；管理學院管理碩士在職專班；管理學院經營管理碩士班；管理學院財務金融暨會計碩士班；管理學院財務金融暨會計碩士班114秋季班國際財會產學碩士專班；管理學院財務金融暨會計碩士班國際財會產學碩士專班；管理學院高階創新經營管理越南境外碩士在職專班；藝術與設計學系；藝術與設計學系藝術與設計管理碩士班；護理學系；資訊傳播學系；資訊學院英語學士班；資訊工程學系；資訊管理學系；資訊管理學系碩士在職現役軍人營區專班；醫學研究所；電機工程學系；電機通訊學院英語學士班,AUTO_MATCHED,,,https://stats.moe.gov.tw/files/opendata/students.csv
國立臺灣海洋大學,邱進東（振動噪音工程研究中心主任）,cjt7725@mail.ntou.edu.tw,185,振動噪音工程研究中心（系統工程暨造船學系）,,,,,N/A_NON_ENROLLMENT,,,https://stats.moe.gov.tw/files/opendata/students.csv
國立臺灣海洋大學,指導教授：湯耀期,slab.ntou@gmail.com,186,音響實驗室（系統工程暨造船學系）,,,,,N/A_NON_ENROLLMENT,,,https://stats.moe.gov.tw/files/opendata/students.csv
國立臺北科技大學,黃晟豪（副教授／實驗室指導教授）,hch@ntut.edu.tw,187,軌道車輛與振動噪音控制實驗室（車輛工程系）,,,,,N/A_NON_ENROLLMENT,,,https://stats.moe.gov.tw/files/opendata/students.csv
國立臺北科技大學,教授：馬權威,kwma@ntut.edu.tw,188,聲學智能與數據科學／機械噪音振動研究（機械工程系）,,,,,N/A_NON_ENROLLMENT,,,https://stats.moe.gov.tw/files/opendata/students.csv
國立宜蘭大學,王宜達（母系特聘教授兼系主任；實驗室頁未列單獨主持人）,ytwang@niu.edu.tw,189,振動與噪音量測實驗室（機械與機電工程學系）,,,,,N/A_NON_ENROLLMENT,,,https://stats.moe.gov.tw/files/opendata/students.csv
南臺學校財團法人南臺科技大學,林儒禮（母系系主任）,ruli@mail.stust.edu.tw,190,汽車振動及噪音實驗室（機械工程系）,,,,,N/A_NON_ENROLLMENT,,,https://stats.moe.gov.tw/files/opendata/students.csv
國立成功大學,劉建聖（母系教授兼系主任）,csliu@mail.ncku.edu.tw,191,機電與微系統動態實驗室（機械工程學系）,,,,,N/A_NON_ENROLLMENT,,,https://stats.moe.gov.tw/files/opendata/students.csv
國立雲林科技大學,賴峯民（系主任）,fengmin@yuntech.edu.tw,192,機械工程系,,706,機械工程系=522；機械工程系博士班=13；機械工程系碩士班=171,企業管理系；企業管理系博士班；企業管理系碩士在職專班；企業管理系碩士班；休閒運動研究所；前瞻學士學位學程；創意生活設計系；創意生活設計系碩士班；創業管理碩士學位學程；化學工程與材料工程系；化學工程與材料工程系博士班；化學工程與材料工程系碩士班；國際人工智慧管理研究所；國際管理學士學位學程；工商管理進修學士學位學程；工業工程與管理系；工業工程與管理系健康產業管理碩士在職專班；工業工程與管理系博士班；工業工程與管理系碩士在職專班；工業工程與管理系碩士班；工業設計系；工業設計系碩士班；工程科技研究所；工程科技菁英班；建築與室內設計系；建築與室內設計系碩士班；應用外語系；應用外語系碩士在職專班；應用外語系碩士班；應用工程科技學士專班；技術及職業教育研究所；數位媒體設計系；數位媒體設計系地方創生智能設計碩士在職專班；數位媒體設計系碩士班；文化資產維護系；文化資產維護系碩士班；智慧數據科學研究所；智慧機器人學士學位學程；智慧機器人學士學位學程_機器人技優專班；智慧科技學院_智慧跨域技優專班；智慧科技學院_智能示範鑄造產學攜手合作專班；會計系；會計系博士班；會計系碩士在職專班；會計系碩士班；材料科技研究所；機械工程系；機械工程系博士班；機械工程系碩士班；漢學應用研究所；營建工程系；營建工程系碩士在職專班；營建工程系碩士班；環境與安全衛生工程系；環境與安全衛生工程系博士班；環境與安全衛生工程系環安科技與管理碩士在職專班；環境與安全衛生工程系碩士班；產業科技學士學位學程_智慧製造產學攜手合作專班；產業科技學士學位學程_智能電車產學攜手合作專班；產業科技學士學位學程_雲科智能工業製造產學攜手合作專班；產業科技進修學士學位學程；產業經營專業博士學位學程；科技法律研究所；視覺傳達設計系；視覺傳達設計系碩士班；設計學研究所；設計學院_設計技優專班；財務金融系；財務金融系博士班；財務金融系碩士在職專班；財務金融系碩士班；資訊工程系；資訊工程系碩士班；資訊科技服務管理數位學習碩士在職專班；資訊管理系；資訊管理系_人工智慧技優專班；資訊管理系博士班；資訊管理系碩士在職專班；資訊管理系碩士班；跨域整合設計學士學位學程；跨域整合設計學士學位學程_設計技優專班；電子工程系；電子工程系博士班；電子工程系碩士班；電機工程系；電機工程系碩士在職專班；電機工程系碩士班；高階管理碩士在職學位學程,AUTO_MATCHED,,,https://stats.moe.gov.tw/files/opendata/students.csv
國立雲林科技大學,系辦正式窗口,uee@yuntech.edu.tw,193,電機工程系,,903,電機工程系=604；電機工程系碩士在職專班=52；電機工程系碩士班=247,企業管理系；企業管理系博士班；企業管理系碩士在職專班；企業管理系碩士班；休閒運動研究所；前瞻學士學位學程；創意生活設計系；創意生活設計系碩士班；創業管理碩士學位學程；化學工程與材料工程系；化學工程與材料工程系博士班；化學工程與材料工程系碩士班；國際人工智慧管理研究所；國際管理學士學位學程；工商管理進修學士學位學程；工業工程與管理系；工業工程與管理系健康產業管理碩士在職專班；工業工程與管理系博士班；工業工程與管理系碩士在職專班；工業工程與管理系碩士班；工業設計系；工業設計系碩士班；工程科技研究所；工程科技菁英班；建築與室內設計系；建築與室內設計系碩士班；應用外語系；應用外語系碩士在職專班；應用外語系碩士班；應用工程科技學士專班；技術及職業教育研究所；數位媒體設計系；數位媒體設計系地方創生智能設計碩士在職專班；數位媒體設計系碩士班；文化資產維護系；文化資產維護系碩士班；智慧數據科學研究所；智慧機器人學士學位學程；智慧機器人學士學位學程_機器人技優專班；智慧科技學院_智慧跨域技優專班；智慧科技學院_智能示範鑄造產學攜手合作專班；會計系；會計系博士班；會計系碩士在職專班；會計系碩士班；材料科技研究所；機械工程系；機械工程系博士班；機械工程系碩士班；漢學應用研究所；營建工程系；營建工程系碩士在職專班；營建工程系碩士班；環境與安全衛生工程系；環境與安全衛生工程系博士班；環境與安全衛生工程系環安科技與管理碩士在職專班；環境與安全衛生工程系碩士班；產業科技學士學位學程_智慧製造產學攜手合作專班；產業科技學士學位學程_智能電車產學攜手合作專班；產業科技學士學位學程_雲科智能工業製造產學攜手合作專班；產業科技進修學士學位學程；產業經營專業博士學位學程；科技法律研究所；視覺傳達設計系；視覺傳達設計系碩士班；設計學研究所；設計學院_設計技優專班；財務金融系；財務金融系博士班；財務金融系碩士在職專班；財務金融系碩士班；資訊工程系；資訊工程系碩士班；資訊科技服務管理數位學習碩士在職專班；資訊管理系；資訊管理系_人工智慧技優專班；資訊管理系博士班；資訊管理系碩士在職專班；資訊管理系碩士班；跨域整合設計學士學位學程；跨域整合設計學士學位學程_設計技優專班；電子工程系；電子工程系博士班；電子工程系碩士班；電機工程系；電機工程系碩士在職專班；電機工程系碩士班；高階管理碩士在職學位學程,AUTO_MATCHED,,,https://stats.moe.gov.tw/files/opendata/students.csv
國立雲林科技大學,電子工程系系辦正式窗口,uel@yuntech.edu.tw,194,電子工程系智慧電動車組,,770,電子工程系=550；電子工程系博士班=8；電子工程系碩士班=212,企業管理系；企業管理系博士班；企業管理系碩士在職專班；企業管理系碩士班；休閒運動研究所；前瞻學士學位學程；創意生活設計系；創意生活設計系碩士班；創業管理碩士學位學程；化學工程與材料工程系；化學工程與材料工程系博士班；化學工程與材料工程系碩士班；國際人工智慧管理研究所；國際管理學士學位學程；工商管理進修學士學位學程；工業工程與管理系；工業工程與管理系健康產業管理碩士在職專班；工業工程與管理系博士班；工業工程與管理系碩士在職專班；工業工程與管理系碩士班；工業設計系；工業設計系碩士班；工程科技研究所；工程科技菁英班；建築與室內設計系；建築與室內設計系碩士班；應用外語系；應用外語系碩士在職專班；應用外語系碩士班；應用工程科技學士專班；技術及職業教育研究所；數位媒體設計系；數位媒體設計系地方創生智能設計碩士在職專班；數位媒體設計系碩士班；文化資產維護系；文化資產維護系碩士班；智慧數據科學研究所；智慧機器人學士學位學程；智慧機器人學士學位學程_機器人技優專班；智慧科技學院_智慧跨域技優專班；智慧科技學院_智能示範鑄造產學攜手合作專班；會計系；會計系博士班；會計系碩士在職專班；會計系碩士班；材料科技研究所；機械工程系；機械工程系博士班；機械工程系碩士班；漢學應用研究所；營建工程系；營建工程系碩士在職專班；營建工程系碩士班；環境與安全衛生工程系；環境與安全衛生工程系博士班；環境與安全衛生工程系環安科技與管理碩士在職專班；環境與安全衛生工程系碩士班；產業科技學士學位學程_智慧製造產學攜手合作專班；產業科技學士學位學程_智能電車產學攜手合作專班；產業科技學士學位學程_雲科智能工業製造產學攜手合作專班；產業科技進修學士學位學程；產業經營專業博士學位學程；科技法律研究所；視覺傳達設計系；視覺傳達設計系碩士班；設計學研究所；設計學院_設計技優專班；財務金融系；財務金融系博士班；財務金融系碩士在職專班；財務金融系碩士班；資訊工程系；資訊工程系碩士班；資訊科技服務管理數位學習碩士在職專班；資訊管理系；資訊管理系_人工智慧技優專班；資訊管理系博士班；資訊管理系碩士在職專班；資訊管理系碩士班；跨域整合設計學士學位學程；跨域整合設計學士學位學程_設計技優專班；電子工程系；電子工程系博士班；電子工程系碩士班；電機工程系；電機工程系碩士在職專班；電機工程系碩士班；高階管理碩士在職學位學程,AUTO_MATCHED,,,https://stats.moe.gov.tw/files/opendata/students.csv
國立雲林科技大學,學程辦公室,ufr@yuntech.edu.tw,195,智慧機器人學士學位學程,,198,智慧機器人學士學位學程=75；智慧機器人學士學位學程_機器人技優專班=123,企業管理系；企業管理系博士班；企業管理系碩士在職專班；企業管理系碩士班；休閒運動研究所；前瞻學士學位學程；創意生活設計系；創意生活設計系碩士班；創業管理碩士學位學程；化學工程與材料工程系；化學工程與材料工程系博士班；化學工程與材料工程系碩士班；國際人工智慧管理研究所；國際管理學士學位學程；工商管理進修學士學位學程；工業工程與管理系；工業工程與管理系健康產業管理碩士在職專班；工業工程與管理系博士班；工業工程與管理系碩士在職專班；工業工程與管理系碩士班；工業設計系；工業設計系碩士班；工程科技研究所；工程科技菁英班；建築與室內設計系；建築與室內設計系碩士班；應用外語系；應用外語系碩士在職專班；應用外語系碩士班；應用工程科技學士專班；技術及職業教育研究所；數位媒體設計系；數位媒體設計系地方創生智能設計碩士在職專班；數位媒體設計系碩士班；文化資產維護系；文化資產維護系碩士班；智慧數據科學研究所；智慧機器人學士學位學程；智慧機器人學士學位學程_機器人技優專班；智慧科技學院_智慧跨域技優專班；智慧科技學院_智能示範鑄造產學攜手合作專班；會計系；會計系博士班；會計系碩士在職專班；會計系碩士班；材料科技研究所；機械工程系；機械工程系博士班；機械工程系碩士班；漢學應用研究所；營建工程系；營建工程系碩士在職專班；營建工程系碩士班；環境與安全衛生工程系；環境與安全衛生工程系博士班；環境與安全衛生工程系環安科技與管理碩士在職專班；環境與安全衛生工程系碩士班；產業科技學士學位學程_智慧製造產學攜手合作專班；產業科技學士學位學程_智能電車產學攜手合作專班；產業科技學士學位學程_雲科智能工業製造產學攜手合作專班；產業科技進修學士學位學程；產業經營專業博士學位學程；科技法律研究所；視覺傳達設計系；視覺傳達設計系碩士班；設計學研究所；設計學院_設計技優專班；財務金融系；財務金融系博士班；財務金融系碩士在職專班；財務金融系碩士班；資訊工程系；資訊工程系碩士班；資訊科技服務管理數位學習碩士在職專班；資訊管理系；資訊管理系_人工智慧技優專班；資訊管理系博士班；資訊管理系碩士在職專班；資訊管理系碩士班；跨域整合設計學士學位學程；跨域整合設計學士學位學程_設計技優專班；電子工程系；電子工程系博士班；電子工程系碩士班；電機工程系；電機工程系碩士在職專班；電機工程系碩士班；高階管理碩士在職學位學程,AUTO_MATCHED,,,https://stats.moe.gov.tw/files/opendata/students.csv
國立屏東科技大學,陳志堅（系主任）,chaucer@mail.npust.edu.tw,196,生物機電工程系,,342,生物機電工程系=197；生物機電工程系=79；生物機電工程系_機電整合技優領航專班=30；生物機電工程系碩士班=36,企業管理系；企業管理系碩士在職專班；企業管理系碩士班；休閒運動健康系；休閒運動健康系碩士在職專班；休閒運動健康系碩士班；先進材料學士學位學程；動物用疫苗國際學位專班；動物疫苗科技研究所；動物科學與畜產系；動物科學與畜產系_畜產科技實務專班；動物科學與畜產系碩士班；土木工程系；土木工程系博士班；土木工程系碩士班；客家文化產業研究所；工業管理系；工業管理系碩士在職專班；工業管理系碩士班；幼兒保育系；幼兒保育系碩士班；應用外語系；應用外語系碩士班；技術及職業教育研究所；時尚設計與管理系；時尚設計與管理系_時尚技藝精進技優領航專班；時尚設計與管理系碩士班；景觀暨遊憩管理研究所；智慧機電學士學位學程；木材科學與設計系；木材科學與設計系_木藝技優領航專班；木材科學與設計系碩士班；材料工程系；材料工程系碩士班；森林系；森林系碩士班；植物醫學系；植物醫學系碩士班；機械工程系；機械工程系_知能精進技優領航專班；機械工程系_精密加工專班；機械工程系碩士班；水土保持系；水土保持系碩士班；水產養殖系；水產養殖系_水產養殖科技專班；水產養殖系博士班；水產養殖系碩士班；熱帶農業暨國際合作系；熱帶農業暨國際合作系博士班；熱帶農業暨國際合作系碩士班；獸醫學系；獸醫學系博士班；獸醫學系碩士班；環境工程與科學系；環境工程與科學系博士班；環境工程與科學系碩士在職專班；環境工程與科學系碩士班；環境資源與防災學位學程；生物機電工程系；生物機電工程系_機電整合技優領航專班；生物機電工程系碩士班；生物科技系；生物科技系碩士班；社會工作系；社會工作系碩士班；科技管理研究所；科技農業進修學士學位學程；觀賞魚科技及水生動物健康國際學位專班；財務金融國際學士學位學程；資訊管理系；資訊管理系碩士在職專班；資訊管理系碩士班；車輛工程系；車輛工程系碩士班；農企業管理系；農企業管理系_多元農企業技優領航專班；農企業管理系碩士在職專班；農企業管理系碩士班；農園生產系；農園生產系博士班；農園生產系碩士在職專班；農園生產系碩士班；農學院生物資源博士班；野生動物保育研究所；食品生技碩士學位學程在職專班；食品科學系；食品科學系博士班；食品科學系碩士在職專班；食品科學系碩士班；餐旅管理系；餐旅管理系碩士班；高階經營管理碩士在職專班,AUTO_MATCHED,,,https://stats.moe.gov.tw/files/opendata/students.csv
國立屏東科技大學,徐子圭（學程主任）,ukhsu@mail.npust.edu.tw,197,智慧機電學士學位學程,,94,智慧機電學士學位學程=94,企業管理系；企業管理系碩士在職專班；企業管理系碩士班；休閒運動健康系；休閒運動健康系碩士在職專班；休閒運動健康系碩士班；先進材料學士學位學程；動物用疫苗國際學位專班；動物疫苗科技研究所；動物科學與畜產系；動物科學與畜產系_畜產科技實務專班；動物科學與畜產系碩士班；土木工程系；土木工程系博士班；土木工程系碩士班；客家文化產業研究所；工業管理系；工業管理系碩士在職專班；工業管理系碩士班；幼兒保育系；幼兒保育系碩士班；應用外語系；應用外語系碩士班；技術及職業教育研究所；時尚設計與管理系；時尚設計與管理系_時尚技藝精進技優領航專班；時尚設計與管理系碩士班；景觀暨遊憩管理研究所；智慧機電學士學位學程；木材科學與設計系；木材科學與設計系_木藝技優領航專班；木材科學與設計系碩士班；材料工程系；材料工程系碩士班；森林系；森林系碩士班；植物醫學系；植物醫學系碩士班；機械工程系；機械工程系_知能精進技優領航專班；機械工程系_精密加工專班；機械工程系碩士班；水土保持系；水土保持系碩士班；水產養殖系；水產養殖系_水產養殖科技專班；水產養殖系博士班；水產養殖系碩士班；熱帶農業暨國際合作系；熱帶農業暨國際合作系博士班；熱帶農業暨國際合作系碩士班；獸醫學系；獸醫學系博士班；獸醫學系碩士班；環境工程與科學系；環境工程與科學系博士班；環境工程與科學系碩士在職專班；環境工程與科學系碩士班；環境資源與防災學位學程；生物機電工程系；生物機電工程系_機電整合技優領航專班；生物機電工程系碩士班；生物科技系；生物科技系碩士班；社會工作系；社會工作系碩士班；科技管理研究所；科技農業進修學士學位學程；觀賞魚科技及水生動物健康國際學位專班；財務金融國際學士學位學程；資訊管理系；資訊管理系碩士在職專班；資訊管理系碩士班；車輛工程系；車輛工程系碩士班；農企業管理系；農企業管理系_多元農企業技優領航專班；農企業管理系碩士在職專班；農企業管理系碩士班；農園生產系；農園生產系博士班；農園生產系碩士在職專班；農園生產系碩士班；農學院生物資源博士班；野生動物保育研究所；食品生技碩士學位學程在職專班；食品科學系；食品科學系博士班；食品科學系碩士在職專班；食品科學系碩士班；餐旅管理系；餐旅管理系碩士班；高階經營管理碩士在職專班,AUTO_MATCHED,,,https://stats.moe.gov.tw/files/opendata/students.csv
國立臺北科技大學,李魁鵬（系主任）,kplee@ntut.edu.tw,198,能源與冷凍空調工程系,,578,能源與冷凍空調工程系=208；能源與冷凍空調工程系=183；能源與冷凍空調工程系博士班=21；能源與冷凍空調工程系碩士在職專班=71；能源與冷凍空調工程系碩士班=95,互動設計系；互動設計系_互動設計與創新外國學生專班；互動設計系碩士在職專班；互動設計系碩士班；人工智慧科技博士學位學程；人工智慧科技碩士學位學程；人工智慧與大數據高階管理雙聯碩士學位學程；光電工程系；光電工程系博士班；光電工程系碩士班；分子科學與工程系；分子科學與工程系有機高分子博士班；分子科學與工程系有機高分子碩士在職專班；分子科學與工程系有機高分子碩士班；創意設計學士班；化學工程與生物科技系；化學工程與生物科技系化學工程碩士在職專班；化學工程與生物科技系化學工程碩士班；化學工程與生物科技系博士班；化學工程與生物科技系生化與生醫工程碩士班；半導體科技學位學程；半導體製程與設備學士學位學程；土木工程系；土木工程系_香港二技專班；土木工程系土木與防災博士班；土木工程系土木與防災碩士在職專班；土木工程系土木與防災碩士班；太空系統工程研究所；工業工程與管理系；工業工程與管理系博士班；工業工程與管理系碩士班；工業設計系；工業設計系創新設計碩士在職專班；工業設計系創新設計碩士班；工程學院_能源與光電材料外國學生專班；工程科技學士班；建築系；建築系建築與都市設計碩士在職專班；建築系建築與都市設計碩士班；應用英文系；應用英文系碩士在職專班；應用英文系碩士班；技術及職業教育研究所；文化事業發展系；文化事業發展系碩士班；智慧自動化工程科；智慧財產權研究所；智慧鐵道科技碩士學位學程；材料及資源工程系；材料科學與工程研究所；機械工程系；機械工程系機電整合碩士在職專班；機械工程系機電整合碩士班；機械工程系產學訓專班；機電學士班；機電學院_半導體製程與設備外國學生專班；機電學院_機械與自動化外國學生專班；機電學院_機電技優領航專班；機電學院_機電科技外國學生專班；機電學院機電科技博士班；環境工程與管理研究所；管理學院_EMBA碩士在職專班；管理學院_外國學生專班IMBA專班；管理學院工業與科技管理EMBA專班；管理學院管理博士班；管理學院經營管理EMBA專班；管理學院資訊與財金管理EMBA專班；經營管理系；經營管理系_香港二技專班；經營管理系碩士在職專班；經營管理系碩士班；能源與冷凍空調工程系；能源與冷凍空調工程系博士班；能源與冷凍空調工程系碩士在職專班；能源與冷凍空調工程系碩士班；自動化科技研究所；製造科技研究所；設計學院設計博士班；資源工程研究所；資訊安全博士學位學程；資訊安全碩士學位學程；資訊工程系；資訊工程系博士班；資訊工程系碩士班；資訊與財金管理系；資訊與財金管理系_金融科技與資訊安全產業碩士專班；資訊與財金管理系碩士班；車輛工程系；車輛工程系碩士在職專班；車輛工程系碩士班；電子工程系；電子工程系博士班；電子工程系碩士在職專班；電子工程系碩士班；電機工程系；電機工程系_電力電子產碩專班；電機工程系_香港二技專班；電機工程系博士班；電機工程系碩士在職專班；電機工程系碩士班；電資學士班；電資學院_外國學生專班；高階土木營建工程管理雙聯碩士學位學程；高階管理碩士雙聯學位學程,AUTO_MATCHED,,,https://stats.moe.gov.tw/files/opendata/students.csv
國立臺北科技大學,系辦正式窗口,LHPENG@ntut.edu.tw,199,電機工程系,,1086,電機工程系=554；電機工程系=2；電機工程系_電力電子產碩專班=25；電機工程系_香港二技專班=1；電機工程系博士班=50；電機工程系碩士在職專班=131；電機工程系碩士班=323,互動設計系；互動設計系_互動設計與創新外國學生專班；互動設計系碩士在職專班；互動設計系碩士班；人工智慧科技博士學位學程；人工智慧科技碩士學位學程；人工智慧與大數據高階管理雙聯碩士學位學程；光電工程系；光電工程系博士班；光電工程系碩士班；分子科學與工程系；分子科學與工程系有機高分子博士班；分子科學與工程系有機高分子碩士在職專班；分子科學與工程系有機高分子碩士班；創意設計學士班；化學工程與生物科技系；化學工程與生物科技系化學工程碩士在職專班；化學工程與生物科技系化學工程碩士班；化學工程與生物科技系博士班；化學工程與生物科技系生化與生醫工程碩士班；半導體科技學位學程；半導體製程與設備學士學位學程；土木工程系；土木工程系_香港二技專班；土木工程系土木與防災博士班；土木工程系土木與防災碩士在職專班；土木工程系土木與防災碩士班；太空系統工程研究所；工業工程與管理系；工業工程與管理系博士班；工業工程與管理系碩士班；工業設計系；工業設計系創新設計碩士在職專班；工業設計系創新設計碩士班；工程學院_能源與光電材料外國學生專班；工程科技學士班；建築系；建築系建築與都市設計碩士在職專班；建築系建築與都市設計碩士班；應用英文系；應用英文系碩士在職專班；應用英文系碩士班；技術及職業教育研究所；文化事業發展系；文化事業發展系碩士班；智慧自動化工程科；智慧財產權研究所；智慧鐵道科技碩士學位學程；材料及資源工程系；材料科學與工程研究所；機械工程系；機械工程系機電整合碩士在職專班；機械工程系機電整合碩士班；機械工程系產學訓專班；機電學士班；機電學院_半導體製程與設備外國學生專班；機電學院_機械與自動化外國學生專班；機電學院_機電技優領航專班；機電學院_機電科技外國學生專班；機電學院機電科技博士班；環境工程與管理研究所；管理學院_EMBA碩士在職專班；管理學院_外國學生專班IMBA專班；管理學院工業與科技管理EMBA專班；管理學院管理博士班；管理學院經營管理EMBA專班；管理學院資訊與財金管理EMBA專班；經營管理系；經營管理系_香港二技專班；經營管理系碩士在職專班；經營管理系碩士班；能源與冷凍空調工程系；能源與冷凍空調工程系博士班；能源與冷凍空調工程系碩士在職專班；能源與冷凍空調工程系碩士班；自動化科技研究所；製造科技研究所；設計學院設計博士班；資源工程研究所；資訊安全博士學位學程；資訊安全碩士學位學程；資訊工程系；資訊工程系博士班；資訊工程系碩士班；資訊與財金管理系；資訊與財金管理系_金融科技與資訊安全產業碩士專班；資訊與財金管理系碩士班；車輛工程系；車輛工程系碩士在職專班；車輛工程系碩士班；電子工程系；電子工程系博士班；電子工程系碩士在職專班；電子工程系碩士班；電機工程系；電機工程系_電力電子產碩專班；電機工程系_香港二技專班；電機工程系博士班；電機工程系碩士在職專班；電機工程系碩士班；電資學士班；電資學院_外國學生專班；高階土木營建工程管理雙聯碩士學位學程；高階管理碩士雙聯學位學程,AUTO_MATCHED,,,https://stats.moe.gov.tw/files/opendata/students.csv
國立高雄科技大學,歐士輔（系主任）,M9203510@nkust.edu.tw,200,模具工程系,,1178,模具工程科=141；模具工程系=654；模具工程系=32；模具工程系=146；模具工程系_南區智能鑄造產學攜手合作專班=33；模具工程系博士班=14；模具工程系應用工程科學碩士在職專班=7；模具工程系碩士在職專班=27；模具工程系碩士班=124,人力資源發展系；人力資源發展系碩士在職專班；人力資源發展系碩士班；企業管理系；企業管理系碩士在職專班；企業管理系碩士班；企業管理系高階經營管理碩士在職專班；供應鏈管理系；供應鏈管理系碩士在職專班；供應鏈管理系碩士班；光電工程研究所；創業管理碩士學位學程；化學工程與材料工程系；化學工程與材料工程系_化工材料研發產業碩士專班；化學工程與材料工程系博士班；化學工程與材料工程系碩士在職專班；化學工程與材料工程系碩士班；半導體工程系；半導體工程系_微電子應用技優領航專班；半導體工程系碩士在職專班；半導體工程系碩士班；商務資訊應用系；商務資訊應用系碩士班；商業智慧學院博士班；國際企業系；國際企業系_國際貴金屬與珠寶行銷產業碩士專班；國際企業系博士班；國際企業系碩士在職專班；國際企業系碩士班；國際管理碩士學位學程；土木工程科；土木工程系；土木工程系土木工程科技博士班；土木工程系土木工程與防災科技碩士在職專班；土木工程系碩士班；工學院工程科技博士班；工業工程與管理系；工業工程與管理系_精實生產管理產業碩士專班；工業工程與管理系博士班；工業工程與管理系碩士在職專班；工業工程與管理系碩士班；工業設計系；工業設計系碩士班；應用德語系；應用德語系碩士班；應用日語系；應用日語系碩士在職專班；應用日語系碩士班；應用英語系；應用英語系口筆譯碩士班；應用英語系應用語言學與英語教學碩士班；文化創意產業系；文化創意產業系碩士在職專班；文化創意產業系碩士班；智慧商務系；智慧商務系碩士在職專班；智慧商務系碩士班；會計資訊系；會計資訊系碩士在職專班；會計資訊系碩士班；模具工程科；模具工程系；模具工程系_南區智能鑄造產學攜手合作專班；模具工程系博士班；模具工程系應用工程科學碩士在職專班；模具工程系碩士在職專班；模具工程系碩士班；機械工程系；機械工程系博士班；機械工程系碩士在職專班；機械工程系碩士班；機電工程系；機電工程系博士班；機電工程系碩士在職專班；機電工程系碩士班；水圈學院_外國學生專班；水圈學院水產科技產業博士班；水產食品科學系；水產食品科學系博士班；水產食品科學系碩士在職專班；水產食品科學系碩士班；水產養殖系；水產養殖系_漁業公費專班；水產養殖系碩士班；海事學院_智慧海事技優專班；海事學院海事科技產學合作博士班；海事資訊科技系；海事資訊科技系碩士在職專班；海事資訊科技系碩士班；海事風電工程碩士學位學程；海洋休閒管理系；海洋休閒管理系碩士班；海洋環境工程系；海洋環境工程系碩士班；海洋生物技術系；海洋生物技術系碩士班；漁業生產與管理系_漁業公費專班；漁業科技與管理科；漁業科技與管理系；漁業科技與管理系海洋事務與產業管理碩士班；漁業科技與管理系碩士在職專班；漁業科技與管理系碩士班；營建工程系；營建工程系營建工程與管理碩士在職專班；營建工程系碩士班；環境與安全衛生工程系；環境與安全衛生工程系博士班；環境與安全衛生工程系消防與防災工程碩士在職專班；環境與安全衛生工程系碩士在職專班；環境與安全衛生工程系碩士班；科技法律研究所；管理學院_高階主管經營管理碩士在職專班；管理學院博士班；管理學院高階主管經營管理碩士在職專班；能源與冷凍空調工程系；航海科；航運技術系；航運技術系_多元培力專班；航運技術系碩士在職專班；航運技術系碩士班；航運管理系；航運管理系博士班；航運管理系碩士在職專班；航運管理系碩士班；行銷與流通管理系；行銷與流通管理系碩士在職專班；行銷與流通管理系碩士班；觀光管理系；觀光管理系觀光與餐旅管理碩士在職專班；觀光管理系觀光與餐旅管理碩士班；財務管理系；財務管理系碩士在職專班；財務管理系碩士班；財務金融學院博士班；財政稅務系；財政稅務系碩士在職專班；財政稅務系碩士班；資訊工程系；資訊工程系博士班；資訊工程系碩士在職專班；資訊工程系碩士班；資訊管理系；資訊管理系博士班；資訊管理系碩士在職專班；資訊管理系碩士班；資訊管理系電子商務碩士班；資訊財務碩士學位學程；車輛工程系；輪機工程科；輪機工程系；輪機工程系_多元培力專班；輪機工程系_燁聯鋼鐵產學攜手合作技術專班；輪機工程系碩士在職專班；輪機工程系碩士班；造船及海洋工程系；造船及海洋工程系碩士在職專班；造船及海洋工程系碩士班；運籌管理系；運籌管理系商務經營管理碩士在職專班；運籌管理系商務經營管理碩士班；運籌管理系碩士在職專班；運籌管理系碩士班；金融系；金融系_國際智慧金融技優專班；金融系碩士在職專班；金融系碩士班；金融系金融高階主管經營管理碩士在職專班；金融資訊系；金融資訊系碩士在職專班；金融資訊系碩士班；電子工程系(建工校區)；電子工程系(建工校區)_智慧資電系統技優專班；電子工程系(第一校區)；電子工程系_電資工程與科技管理外國學生碩士專班；電子工程系博士班(建工校區)；電子工程系碩士在職專班(建工校區)；電子工程系碩士在職專班(第一校區)；電子工程系碩士班(建工校區)；電子工程系碩士班(第一校區)；電機工程系；電機工程系博士班；電機工程系智慧自動化系統碩士在職專班；電機工程系智慧自動化系統碩士班；電機工程系碩士在職專班；電機工程系碩士班；電機與資訊學院_智慧系統技優專班；電腦與通訊工程系；電腦與通訊工程系碩士在職專班；電腦與通訊工程系碩士班；電訊工程系；電訊工程系碩士在職專班；電訊工程系碩士班；風險管理與保險系；風險管理與保險系碩士在職專班；風險管理與保險系碩士班；高瞻科技不分系學士學位學程,AUTO_MATCHED,,,https://stats.moe.gov.tw/files/opendata/students.csv
國立高雄科技大學,薛博文（系主任／母系）,hpowen@nkust.edu.tw,201|202,機電工程系精密機械組；機電工程系智慧自動化組,,593,機電工程系=473；機電工程系博士班=7；機電工程系碩士在職專班=33；機電工程系碩士班=80,人力資源發展系；人力資源發展系碩士在職專班；人力資源發展系碩士班；企業管理系；企業管理系碩士在職專班；企業管理系碩士班；企業管理系高階經營管理碩士在職專班；供應鏈管理系；供應鏈管理系碩士在職專班；供應鏈管理系碩士班；光電工程研究所；創業管理碩士學位學程；化學工程與材料工程系；化學工程與材料工程系_化工材料研發產業碩士專班；化學工程與材料工程系博士班；化學工程與材料工程系碩士在職專班；化學工程與材料工程系碩士班；半導體工程系；半導體工程系_微電子應用技優領航專班；半導體工程系碩士在職專班；半導體工程系碩士班；商務資訊應用系；商務資訊應用系碩士班；商業智慧學院博士班；國際企業系；國際企業系_國際貴金屬與珠寶行銷產業碩士專班；國際企業系博士班；國際企業系碩士在職專班；國際企業系碩士班；國際管理碩士學位學程；土木工程科；土木工程系；土木工程系土木工程科技博士班；土木工程系土木工程與防災科技碩士在職專班；土木工程系碩士班；工學院工程科技博士班；工業工程與管理系；工業工程與管理系_精實生產管理產業碩士專班；工業工程與管理系博士班；工業工程與管理系碩士在職專班；工業工程與管理系碩士班；工業設計系；工業設計系碩士班；應用德語系；應用德語系碩士班；應用日語系；應用日語系碩士在職專班；應用日語系碩士班；應用英語系；應用英語系口筆譯碩士班；應用英語系應用語言學與英語教學碩士班；文化創意產業系；文化創意產業系碩士在職專班；文化創意產業系碩士班；智慧商務系；智慧商務系碩士在職專班；智慧商務系碩士班；會計資訊系；會計資訊系碩士在職專班；會計資訊系碩士班；模具工程科；模具工程系；模具工程系_南區智能鑄造產學攜手合作專班；模具工程系博士班；模具工程系應用工程科學碩士在職專班；模具工程系碩士在職專班；模具工程系碩士班；機械工程系；機械工程系博士班；機械工程系碩士在職專班；機械工程系碩士班；機電工程系；機電工程系博士班；機電工程系碩士在職專班；機電工程系碩士班；水圈學院_外國學生專班；水圈學院水產科技產業博士班；水產食品科學系；水產食品科學系博士班；水產食品科學系碩士在職專班；水產食品科學系碩士班；水產養殖系；水產養殖系_漁業公費專班；水產養殖系碩士班；海事學院_智慧海事技優專班；海事學院海事科技產學合作博士班；海事資訊科技系；海事資訊科技系碩士在職專班；海事資訊科技系碩士班；海事風電工程碩士學位學程；海洋休閒管理系；海洋休閒管理系碩士班；海洋環境工程系；海洋環境工程系碩士班；海洋生物技術系；海洋生物技術系碩士班；漁業生產與管理系_漁業公費專班；漁業科技與管理科；漁業科技與管理系；漁業科技與管理系海洋事務與產業管理碩士班；漁業科技與管理系碩士在職專班；漁業科技與管理系碩士班；營建工程系；營建工程系營建工程與管理碩士在職專班；營建工程系碩士班；環境與安全衛生工程系；環境與安全衛生工程系博士班；環境與安全衛生工程系消防與防災工程碩士在職專班；環境與安全衛生工程系碩士在職專班；環境與安全衛生工程系碩士班；科技法律研究所；管理學院_高階主管經營管理碩士在職專班；管理學院博士班；管理學院高階主管經營管理碩士在職專班；能源與冷凍空調工程系；航海科；航運技術系；航運技術系_多元培力專班；航運技術系碩士在職專班；航運技術系碩士班；航運管理系；航運管理系博士班；航運管理系碩士在職專班；航運管理系碩士班；行銷與流通管理系；行銷與流通管理系碩士在職專班；行銷與流通管理系碩士班；觀光管理系；觀光管理系觀光與餐旅管理碩士在職專班；觀光管理系觀光與餐旅管理碩士班；財務管理系；財務管理系碩士在職專班；財務管理系碩士班；財務金融學院博士班；財政稅務系；財政稅務系碩士在職專班；財政稅務系碩士班；資訊工程系；資訊工程系博士班；資訊工程系碩士在職專班；資訊工程系碩士班；資訊管理系；資訊管理系博士班；資訊管理系碩士在職專班；資訊管理系碩士班；資訊管理系電子商務碩士班；資訊財務碩士學位學程；車輛工程系；輪機工程科；輪機工程系；輪機工程系_多元培力專班；輪機工程系_燁聯鋼鐵產學攜手合作技術專班；輪機工程系碩士在職專班；輪機工程系碩士班；造船及海洋工程系；造船及海洋工程系碩士在職專班；造船及海洋工程系碩士班；運籌管理系；運籌管理系商務經營管理碩士在職專班；運籌管理系商務經營管理碩士班；運籌管理系碩士在職專班；運籌管理系碩士班；金融系；金融系_國際智慧金融技優專班；金融系碩士在職專班；金融系碩士班；金融系金融高階主管經營管理碩士在職專班；金融資訊系；金融資訊系碩士在職專班；金融資訊系碩士班；電子工程系(建工校區)；電子工程系(建工校區)_智慧資電系統技優專班；電子工程系(第一校區)；電子工程系_電資工程與科技管理外國學生碩士專班；電子工程系博士班(建工校區)；電子工程系碩士在職專班(建工校區)；電子工程系碩士在職專班(第一校區)；電子工程系碩士班(建工校區)；電子工程系碩士班(第一校區)；電機工程系；電機工程系博士班；電機工程系智慧自動化系統碩士在職專班；電機工程系智慧自動化系統碩士班；電機工程系碩士在職專班；電機工程系碩士班；電機與資訊學院_智慧系統技優專班；電腦與通訊工程系；電腦與通訊工程系碩士在職專班；電腦與通訊工程系碩士班；電訊工程系；電訊工程系碩士在職專班；電訊工程系碩士班；風險管理與保險系；風險管理與保險系碩士在職專班；風險管理與保險系碩士班；高瞻科技不分系學士學位學程,AUTO_MATCHED,,,https://stats.moe.gov.tw/files/opendata/students.csv
國立高雄科技大學,吳兆穎（系主任）,yarst5@nkust.edu.tw,203,能源與冷凍空調工程系,,155,能源與冷凍空調工程系=155,人力資源發展系；人力資源發展系碩士在職專班；人力資源發展系碩士班；企業管理系；企業管理系碩士在職專班；企業管理系碩士班；企業管理系高階經營管理碩士在職專班；供應鏈管理系；供應鏈管理系碩士在職專班；供應鏈管理系碩士班；光電工程研究所；創業管理碩士學位學程；化學工程與材料工程系；化學工程與材料工程系_化工材料研發產業碩士專班；化學工程與材料工程系博士班；化學工程與材料工程系碩士在職專班；化學工程與材料工程系碩士班；半導體工程系；半導體工程系_微電子應用技優領航專班；半導體工程系碩士在職專班；半導體工程系碩士班；商務資訊應用系；商務資訊應用系碩士班；商業智慧學院博士班；國際企業系；國際企業系_國際貴金屬與珠寶行銷產業碩士專班；國際企業系博士班；國際企業系碩士在職專班；國際企業系碩士班；國際管理碩士學位學程；土木工程科；土木工程系；土木工程系土木工程科技博士班；土木工程系土木工程與防災科技碩士在職專班；土木工程系碩士班；工學院工程科技博士班；工業工程與管理系；工業工程與管理系_精實生產管理產業碩士專班；工業工程與管理系博士班；工業工程與管理系碩士在職專班；工業工程與管理系碩士班；工業設計系；工業設計系碩士班；應用德語系；應用德語系碩士班；應用日語系；應用日語系碩士在職專班；應用日語系碩士班；應用英語系；應用英語系口筆譯碩士班；應用英語系應用語言學與英語教學碩士班；文化創意產業系；文化創意產業系碩士在職專班；文化創意產業系碩士班；智慧商務系；智慧商務系碩士在職專班；智慧商務系碩士班；會計資訊系；會計資訊系碩士在職專班；會計資訊系碩士班；模具工程科；模具工程系；模具工程系_南區智能鑄造產學攜手合作專班；模具工程系博士班；模具工程系應用工程科學碩士在職專班；模具工程系碩士在職專班；模具工程系碩士班；機械工程系；機械工程系博士班；機械工程系碩士在職專班；機械工程系碩士班；機電工程系；機電工程系博士班；機電工程系碩士在職專班；機電工程系碩士班；水圈學院_外國學生專班；水圈學院水產科技產業博士班；水產食品科學系；水產食品科學系博士班；水產食品科學系碩士在職專班；水產食品科學系碩士班；水產養殖系；水產養殖系_漁業公費專班；水產養殖系碩士班；海事學院_智慧海事技優專班；海事學院海事科技產學合作博士班；海事資訊科技系；海事資訊科技系碩士在職專班；海事資訊科技系碩士班；海事風電工程碩士學位學程；海洋休閒管理系；海洋休閒管理系碩士班；海洋環境工程系；海洋環境工程系碩士班；海洋生物技術系；海洋生物技術系碩士班；漁業生產與管理系_漁業公費專班；漁業科技與管理科；漁業科技與管理系；漁業科技與管理系海洋事務與產業管理碩士班；漁業科技與管理系碩士在職專班；漁業科技與管理系碩士班；營建工程系；營建工程系營建工程與管理碩士在職專班；營建工程系碩士班；環境與安全衛生工程系；環境與安全衛生工程系博士班；環境與安全衛生工程系消防與防災工程碩士在職專班；環境與安全衛生工程系碩士在職專班；環境與安全衛生工程系碩士班；科技法律研究所；管理學院_高階主管經營管理碩士在職專班；管理學院博士班；管理學院高階主管經營管理碩士在職專班；能源與冷凍空調工程系；航海科；航運技術系；航運技術系_多元培力專班；航運技術系碩士在職專班；航運技術系碩士班；航運管理系；航運管理系博士班；航運管理系碩士在職專班；航運管理系碩士班；行銷與流通管理系；行銷與流通管理系碩士在職專班；行銷與流通管理系碩士班；觀光管理系；觀光管理系觀光與餐旅管理碩士在職專班；觀光管理系觀光與餐旅管理碩士班；財務管理系；財務管理系碩士在職專班；財務管理系碩士班；財務金融學院博士班；財政稅務系；財政稅務系碩士在職專班；財政稅務系碩士班；資訊工程系；資訊工程系博士班；資訊工程系碩士在職專班；資訊工程系碩士班；資訊管理系；資訊管理系博士班；資訊管理系碩士在職專班；資訊管理系碩士班；資訊管理系電子商務碩士班；資訊財務碩士學位學程；車輛工程系；輪機工程科；輪機工程系；輪機工程系_多元培力專班；輪機工程系_燁聯鋼鐵產學攜手合作技術專班；輪機工程系碩士在職專班；輪機工程系碩士班；造船及海洋工程系；造船及海洋工程系碩士在職專班；造船及海洋工程系碩士班；運籌管理系；運籌管理系商務經營管理碩士在職專班；運籌管理系商務經營管理碩士班；運籌管理系碩士在職專班；運籌管理系碩士班；金融系；金融系_國際智慧金融技優專班；金融系碩士在職專班；金融系碩士班；金融系金融高階主管經營管理碩士在職專班；金融資訊系；金融資訊系碩士在職專班；金融資訊系碩士班；電子工程系(建工校區)；電子工程系(建工校區)_智慧資電系統技優專班；電子工程系(第一校區)；電子工程系_電資工程與科技管理外國學生碩士專班；電子工程系博士班(建工校區)；電子工程系碩士在職專班(建工校區)；電子工程系碩士在職專班(第一校區)；電子工程系碩士班(建工校區)；電子工程系碩士班(第一校區)；電機工程系；電機工程系博士班；電機工程系智慧自動化系統碩士在職專班；電機工程系智慧自動化系統碩士班；電機工程系碩士在職專班；電機工程系碩士班；電機與資訊學院_智慧系統技優專班；電腦與通訊工程系；電腦與通訊工程系碩士在職專班；電腦與通訊工程系碩士班；電訊工程系；電訊工程系碩士在職專班；電訊工程系碩士班；風險管理與保險系；風險管理與保險系碩士在職專班；風險管理與保險系碩士班；高瞻科技不分系學士學位學程,AUTO_MATCHED,,,https://stats.moe.gov.tw/files/opendata/students.csv
國立高雄科技大學,龐大成（系主任）,pang@nkust.edu.tw,204,車輛工程系,,102,車輛工程系=102,人力資源發展系；人力資源發展系碩士在職專班；人力資源發展系碩士班；企業管理系；企業管理系碩士在職專班；企業管理系碩士班；企業管理系高階經營管理碩士在職專班；供應鏈管理系；供應鏈管理系碩士在職專班；供應鏈管理系碩士班；光電工程研究所；創業管理碩士學位學程；化學工程與材料工程系；化學工程與材料工程系_化工材料研發產業碩士專班；化學工程與材料工程系博士班；化學工程與材料工程系碩士在職專班；化學工程與材料工程系碩士班；半導體工程系；半導體工程系_微電子應用技優領航專班；半導體工程系碩士在職專班；半導體工程系碩士班；商務資訊應用系；商務資訊應用系碩士班；商業智慧學院博士班；國際企業系；國際企業系_國際貴金屬與珠寶行銷產業碩士專班；國際企業系博士班；國際企業系碩士在職專班；國際企業系碩士班；國際管理碩士學位學程；土木工程科；土木工程系；土木工程系土木工程科技博士班；土木工程系土木工程與防災科技碩士在職專班；土木工程系碩士班；工學院工程科技博士班；工業工程與管理系；工業工程與管理系_精實生產管理產業碩士專班；工業工程與管理系博士班；工業工程與管理系碩士在職專班；工業工程與管理系碩士班；工業設計系；工業設計系碩士班；應用德語系；應用德語系碩士班；應用日語系；應用日語系碩士在職專班；應用日語系碩士班；應用英語系；應用英語系口筆譯碩士班；應用英語系應用語言學與英語教學碩士班；文化創意產業系；文化創意產業系碩士在職專班；文化創意產業系碩士班；智慧商務系；智慧商務系碩士在職專班；智慧商務系碩士班；會計資訊系；會計資訊系碩士在職專班；會計資訊系碩士班；模具工程科；模具工程系；模具工程系_南區智能鑄造產學攜手合作專班；模具工程系博士班；模具工程系應用工程科學碩士在職專班；模具工程系碩士在職專班；模具工程系碩士班；機械工程系；機械工程系博士班；機械工程系碩士在職專班；機械工程系碩士班；機電工程系；機電工程系博士班；機電工程系碩士在職專班；機電工程系碩士班；水圈學院_外國學生專班；水圈學院水產科技產業博士班；水產食品科學系；水產食品科學系博士班；水產食品科學系碩士在職專班；水產食品科學系碩士班；水產養殖系；水產養殖系_漁業公費專班；水產養殖系碩士班；海事學院_智慧海事技優專班；海事學院海事科技產學合作博士班；海事資訊科技系；海事資訊科技系碩士在職專班；海事資訊科技系碩士班；海事風電工程碩士學位學程；海洋休閒管理系；海洋休閒管理系碩士班；海洋環境工程系；海洋環境工程系碩士班；海洋生物技術系；海洋生物技術系碩士班；漁業生產與管理系_漁業公費專班；漁業科技與管理科；漁業科技與管理系；漁業科技與管理系海洋事務與產業管理碩士班；漁業科技與管理系碩士在職專班；漁業科技與管理系碩士班；營建工程系；營建工程系營建工程與管理碩士在職專班；營建工程系碩士班；環境與安全衛生工程系；環境與安全衛生工程系博士班；環境與安全衛生工程系消防與防災工程碩士在職專班；環境與安全衛生工程系碩士在職專班；環境與安全衛生工程系碩士班；科技法律研究所；管理學院_高階主管經營管理碩士在職專班；管理學院博士班；管理學院高階主管經營管理碩士在職專班；能源與冷凍空調工程系；航海科；航運技術系；航運技術系_多元培力專班；航運技術系碩士在職專班；航運技術系碩士班；航運管理系；航運管理系博士班；航運管理系碩士在職專班；航運管理系碩士班；行銷與流通管理系；行銷與流通管理系碩士在職專班；行銷與流通管理系碩士班；觀光管理系；觀光管理系觀光與餐旅管理碩士在職專班；觀光管理系觀光與餐旅管理碩士班；財務管理系；財務管理系碩士在職專班；財務管理系碩士班；財務金融學院博士班；財政稅務系；財政稅務系碩士在職專班；財政稅務系碩士班；資訊工程系；資訊工程系博士班；資訊工程系碩士在職專班；資訊工程系碩士班；資訊管理系；資訊管理系博士班；資訊管理系碩士在職專班；資訊管理系碩士班；資訊管理系電子商務碩士班；資訊財務碩士學位學程；車輛工程系；輪機工程科；輪機工程系；輪機工程系_多元培力專班；輪機工程系_燁聯鋼鐵產學攜手合作技術專班；輪機工程系碩士在職專班；輪機工程系碩士班；造船及海洋工程系；造船及海洋工程系碩士在職專班；造船及海洋工程系碩士班；運籌管理系；運籌管理系商務經營管理碩士在職專班；運籌管理系商務經營管理碩士班；運籌管理系碩士在職專班；運籌管理系碩士班；金融系；金融系_國際智慧金融技優專班；金融系碩士在職專班；金融系碩士班；金融系金融高階主管經營管理碩士在職專班；金融資訊系；金融資訊系碩士在職專班；金融資訊系碩士班；電子工程系(建工校區)；電子工程系(建工校區)_智慧資電系統技優專班；電子工程系(第一校區)；電子工程系_電資工程與科技管理外國學生碩士專班；電子工程系博士班(建工校區)；電子工程系碩士在職專班(建工校區)；電子工程系碩士在職專班(第一校區)；電子工程系碩士班(建工校區)；電子工程系碩士班(第一校區)；電機工程系；電機工程系博士班；電機工程系智慧自動化系統碩士在職專班；電機工程系智慧自動化系統碩士班；電機工程系碩士在職專班；電機工程系碩士班；電機與資訊學院_智慧系統技優專班；電腦與通訊工程系；電腦與通訊工程系碩士在職專班；電腦與通訊工程系碩士班；電訊工程系；電訊工程系碩士在職專班；電訊工程系碩士班；風險管理與保險系；風險管理與保險系碩士在職專班；風險管理與保險系碩士班；高瞻科技不分系學士學位學程,AUTO_MATCHED,,,https://stats.moe.gov.tw/files/opendata/students.csv
國立高雄科技大學,張博超（系主任）,bcchang@nkust.edu.tw,205,造船及海洋工程系,,539,造船及海洋工程系=436；造船及海洋工程系=64；造船及海洋工程系碩士在職專班=21；造船及海洋工程系碩士班=18,人力資源發展系；人力資源發展系碩士在職專班；人力資源發展系碩士班；企業管理系；企業管理系碩士在職專班；企業管理系碩士班；企業管理系高階經營管理碩士在職專班；供應鏈管理系；供應鏈管理系碩士在職專班；供應鏈管理系碩士班；光電工程研究所；創業管理碩士學位學程；化學工程與材料工程系；化學工程與材料工程系_化工材料研發產業碩士專班；化學工程與材料工程系博士班；化學工程與材料工程系碩士在職專班；化學工程與材料工程系碩士班；半導體工程系；半導體工程系_微電子應用技優領航專班；半導體工程系碩士在職專班；半導體工程系碩士班；商務資訊應用系；商務資訊應用系碩士班；商業智慧學院博士班；國際企業系；國際企業系_國際貴金屬與珠寶行銷產業碩士專班；國際企業系博士班；國際企業系碩士在職專班；國際企業系碩士班；國際管理碩士學位學程；土木工程科；土木工程系；土木工程系土木工程科技博士班；土木工程系土木工程與防災科技碩士在職專班；土木工程系碩士班；工學院工程科技博士班；工業工程與管理系；工業工程與管理系_精實生產管理產業碩士專班；工業工程與管理系博士班；工業工程與管理系碩士在職專班；工業工程與管理系碩士班；工業設計系；工業設計系碩士班；應用德語系；應用德語系碩士班；應用日語系；應用日語系碩士在職專班；應用日語系碩士班；應用英語系；應用英語系口筆譯碩士班；應用英語系應用語言學與英語教學碩士班；文化創意產業系；文化創意產業系碩士在職專班；文化創意產業系碩士班；智慧商務系；智慧商務系碩士在職專班；智慧商務系碩士班；會計資訊系；會計資訊系碩士在職專班；會計資訊系碩士班；模具工程科；模具工程系；模具工程系_南區智能鑄造產學攜手合作專班；模具工程系博士班；模具工程系應用工程科學碩士在職專班；模具工程系碩士在職專班；模具工程系碩士班；機械工程系；機械工程系博士班；機械工程系碩士在職專班；機械工程系碩士班；機電工程系；機電工程系博士班；機電工程系碩士在職專班；機電工程系碩士班；水圈學院_外國學生專班；水圈學院水產科技產業博士班；水產食品科學系；水產食品科學系博士班；水產食品科學系碩士在職專班；水產食品科學系碩士班；水產養殖系；水產養殖系_漁業公費專班；水產養殖系碩士班；海事學院_智慧海事技優專班；海事學院海事科技產學合作博士班；海事資訊科技系；海事資訊科技系碩士在職專班；海事資訊科技系碩士班；海事風電工程碩士學位學程；海洋休閒管理系；海洋休閒管理系碩士班；海洋環境工程系；海洋環境工程系碩士班；海洋生物技術系；海洋生物技術系碩士班；漁業生產與管理系_漁業公費專班；漁業科技與管理科；漁業科技與管理系；漁業科技與管理系海洋事務與產業管理碩士班；漁業科技與管理系碩士在職專班；漁業科技與管理系碩士班；營建工程系；營建工程系營建工程與管理碩士在職專班；營建工程系碩士班；環境與安全衛生工程系；環境與安全衛生工程系博士班；環境與安全衛生工程系消防與防災工程碩士在職專班；環境與安全衛生工程系碩士在職專班；環境與安全衛生工程系碩士班；科技法律研究所；管理學院_高階主管經營管理碩士在職專班；管理學院博士班；管理學院高階主管經營管理碩士在職專班；能源與冷凍空調工程系；航海科；航運技術系；航運技術系_多元培力專班；航運技術系碩士在職專班；航運技術系碩士班；航運管理系；航運管理系博士班；航運管理系碩士在職專班；航運管理系碩士班；行銷與流通管理系；行銷與流通管理系碩士在職專班；行銷與流通管理系碩士班；觀光管理系；觀光管理系觀光與餐旅管理碩士在職專班；觀光管理系觀光與餐旅管理碩士班；財務管理系；財務管理系碩士在職專班；財務管理系碩士班；財務金融學院博士班；財政稅務系；財政稅務系碩士在職專班；財政稅務系碩士班；資訊工程系；資訊工程系博士班；資訊工程系碩士在職專班；資訊工程系碩士班；資訊管理系；資訊管理系博士班；資訊管理系碩士在職專班；資訊管理系碩士班；資訊管理系電子商務碩士班；資訊財務碩士學位學程；車輛工程系；輪機工程科；輪機工程系；輪機工程系_多元培力專班；輪機工程系_燁聯鋼鐵產學攜手合作技術專班；輪機工程系碩士在職專班；輪機工程系碩士班；造船及海洋工程系；造船及海洋工程系碩士在職專班；造船及海洋工程系碩士班；運籌管理系；運籌管理系商務經營管理碩士在職專班；運籌管理系商務經營管理碩士班；運籌管理系碩士在職專班；運籌管理系碩士班；金融系；金融系_國際智慧金融技優專班；金融系碩士在職專班；金融系碩士班；金融系金融高階主管經營管理碩士在職專班；金融資訊系；金融資訊系碩士在職專班；金融資訊系碩士班；電子工程系(建工校區)；電子工程系(建工校區)_智慧資電系統技優專班；電子工程系(第一校區)；電子工程系_電資工程與科技管理外國學生碩士專班；電子工程系博士班(建工校區)；電子工程系碩士在職專班(建工校區)；電子工程系碩士在職專班(第一校區)；電子工程系碩士班(建工校區)；電子工程系碩士班(第一校區)；電機工程系；電機工程系博士班；電機工程系智慧自動化系統碩士在職專班；電機工程系智慧自動化系統碩士班；電機工程系碩士在職專班；電機工程系碩士班；電機與資訊學院_智慧系統技優專班；電腦與通訊工程系；電腦與通訊工程系碩士在職專班；電腦與通訊工程系碩士班；電訊工程系；電訊工程系碩士在職專班；電訊工程系碩士班；風險管理與保險系；風險管理與保險系碩士在職專班；風險管理與保險系碩士班；高瞻科技不分系學士學位學程,AUTO_MATCHED,,,https://stats.moe.gov.tw/files/opendata/students.csv
國立高雄科技大學,楊春陵（系主任）,yangtl@nkust.edu.tw,206,輪機工程系,,1080,輪機工程科=247；輪機工程系=441；輪機工程系=83；輪機工程系=173；輪機工程系_多元培力專班=35；輪機工程系_燁聯鋼鐵產學攜手合作技術專班=52；輪機工程系碩士在職專班=34；輪機工程系碩士班=15,人力資源發展系；人力資源發展系碩士在職專班；人力資源發展系碩士班；企業管理系；企業管理系碩士在職專班；企業管理系碩士班；企業管理系高階經營管理碩士在職專班；供應鏈管理系；供應鏈管理系碩士在職專班；供應鏈管理系碩士班；光電工程研究所；創業管理碩士學位學程；化學工程與材料工程系；化學工程與材料工程系_化工材料研發產業碩士專班；化學工程與材料工程系博士班；化學工程與材料工程系碩士在職專班；化學工程與材料工程系碩士班；半導體工程系；半導體工程系_微電子應用技優領航專班；半導體工程系碩士在職專班；半導體工程系碩士班；商務資訊應用系；商務資訊應用系碩士班；商業智慧學院博士班；國際企業系；國際企業系_國際貴金屬與珠寶行銷產業碩士專班；國際企業系博士班；國際企業系碩士在職專班；國際企業系碩士班；國際管理碩士學位學程；土木工程科；土木工程系；土木工程系土木工程科技博士班；土木工程系土木工程與防災科技碩士在職專班；土木工程系碩士班；工學院工程科技博士班；工業工程與管理系；工業工程與管理系_精實生產管理產業碩士專班；工業工程與管理系博士班；工業工程與管理系碩士在職專班；工業工程與管理系碩士班；工業設計系；工業設計系碩士班；應用德語系；應用德語系碩士班；應用日語系；應用日語系碩士在職專班；應用日語系碩士班；應用英語系；應用英語系口筆譯碩士班；應用英語系應用語言學與英語教學碩士班；文化創意產業系；文化創意產業系碩士在職專班；文化創意產業系碩士班；智慧商務系；智慧商務系碩士在職專班；智慧商務系碩士班；會計資訊系；會計資訊系碩士在職專班；會計資訊系碩士班；模具工程科；模具工程系；模具工程系_南區智能鑄造產學攜手合作專班；模具工程系博士班；模具工程系應用工程科學碩士在職專班；模具工程系碩士在職專班；模具工程系碩士班；機械工程系；機械工程系博士班；機械工程系碩士在職專班；機械工程系碩士班；機電工程系；機電工程系博士班；機電工程系碩士在職專班；機電工程系碩士班；水圈學院_外國學生專班；水圈學院水產科技產業博士班；水產食品科學系；水產食品科學系博士班；水產食品科學系碩士在職專班；水產食品科學系碩士班；水產養殖系；水產養殖系_漁業公費專班；水產養殖系碩士班；海事學院_智慧海事技優專班；海事學院海事科技產學合作博士班；海事資訊科技系；海事資訊科技系碩士在職專班；海事資訊科技系碩士班；海事風電工程碩士學位學程；海洋休閒管理系；海洋休閒管理系碩士班；海洋環境工程系；海洋環境工程系碩士班；海洋生物技術系；海洋生物技術系碩士班；漁業生產與管理系_漁業公費專班；漁業科技與管理科；漁業科技與管理系；漁業科技與管理系海洋事務與產業管理碩士班；漁業科技與管理系碩士在職專班；漁業科技與管理系碩士班；營建工程系；營建工程系營建工程與管理碩士在職專班；營建工程系碩士班；環境與安全衛生工程系；環境與安全衛生工程系博士班；環境與安全衛生工程系消防與防災工程碩士在職專班；環境與安全衛生工程系碩士在職專班；環境與安全衛生工程系碩士班；科技法律研究所；管理學院_高階主管經營管理碩士在職專班；管理學院博士班；管理學院高階主管經營管理碩士在職專班；能源與冷凍空調工程系；航海科；航運技術系；航運技術系_多元培力專班；航運技術系碩士在職專班；航運技術系碩士班；航運管理系；航運管理系博士班；航運管理系碩士在職專班；航運管理系碩士班；行銷與流通管理系；行銷與流通管理系碩士在職專班；行銷與流通管理系碩士班；觀光管理系；觀光管理系觀光與餐旅管理碩士在職專班；觀光管理系觀光與餐旅管理碩士班；財務管理系；財務管理系碩士在職專班；財務管理系碩士班；財務金融學院博士班；財政稅務系；財政稅務系碩士在職專班；財政稅務系碩士班；資訊工程系；資訊工程系博士班；資訊工程系碩士在職專班；資訊工程系碩士班；資訊管理系；資訊管理系博士班；資訊管理系碩士在職專班；資訊管理系碩士班；資訊管理系電子商務碩士班；資訊財務碩士學位學程；車輛工程系；輪機工程科；輪機工程系；輪機工程系_多元培力專班；輪機工程系_燁聯鋼鐵產學攜手合作技術專班；輪機工程系碩士在職專班；輪機工程系碩士班；造船及海洋工程系；造船及海洋工程系碩士在職專班；造船及海洋工程系碩士班；運籌管理系；運籌管理系商務經營管理碩士在職專班；運籌管理系商務經營管理碩士班；運籌管理系碩士在職專班；運籌管理系碩士班；金融系；金融系_國際智慧金融技優專班；金融系碩士在職專班；金融系碩士班；金融系金融高階主管經營管理碩士在職專班；金融資訊系；金融資訊系碩士在職專班；金融資訊系碩士班；電子工程系(建工校區)；電子工程系(建工校區)_智慧資電系統技優專班；電子工程系(第一校區)；電子工程系_電資工程與科技管理外國學生碩士專班；電子工程系博士班(建工校區)；電子工程系碩士在職專班(建工校區)；電子工程系碩士在職專班(第一校區)；電子工程系碩士班(建工校區)；電子工程系碩士班(第一校區)；電機工程系；電機工程系博士班；電機工程系智慧自動化系統碩士在職專班；電機工程系智慧自動化系統碩士班；電機工程系碩士在職專班；電機工程系碩士班；電機與資訊學院_智慧系統技優專班；電腦與通訊工程系；電腦與通訊工程系碩士在職專班；電腦與通訊工程系碩士班；電訊工程系；電訊工程系碩士在職專班；電訊工程系碩士班；風險管理與保險系；風險管理與保險系碩士在職專班；風險管理與保險系碩士班；高瞻科技不分系學士學位學程,AUTO_MATCHED,,,https://stats.moe.gov.tw/files/opendata/students.csv
國立虎尾科技大學,林明宗（系主任）,mtlin@nfu.edu.tw,207,機械設計工程系,,667,機械設計工程系=413；機械設計工程系=158；機械設計工程系_精密機械電腦輔助製造技優專班=22；機械設計工程系碩士班=74,企業管理系；企業管理系經營管理碩士在職專班；企業管理系經營管理碩士班；休閒遊憩系；休閒遊憩系碩士在職專班；休閒遊憩系碩士班；先進智慧載具國際碩士學位學程；光電工程系；光電工程系光電與材料科技博士班；光電工程系光電與材料科技碩士在職專班；光電工程系光電與材料科技碩士班；動力機械工程系；動力機械工程系機械與機電工程博士班；動力機械工程系機械與機電工程碩士在職專班；動力機械工程系機械與機電工程碩士班；多媒體設計系；多媒體設計系數位內容創意產業碩士班；工業管理系；工業管理系_智慧製造與工業管理專班；工業管理系_綠色智慧製造專班；工業管理系工業工程與管理碩士在職專班；工業管理系工業工程與管理碩士班；應用外語系；智慧產業科技研發博士學位學程；材料科學與工程系；材料科學與工程系_智能鑄造專班；材料科學與工程系材料科學與綠色能源工程碩士班；機械與電腦輔助工程系；機械與電腦輔助工程系_智慧機械產學攜手合作計畫專班；機械與電腦輔助工程系_機械及工具機產學攜手合作計畫專班；機械與電腦輔助工程系碩士在職專班；機械與電腦輔助工程系碩士班；機械設計工程系；機械設計工程系_精密機械電腦輔助製造技優專班；機械設計工程系碩士班；生物科技系；生物科技系_智慧生物科技技優領航專班；生物科技系碩士在職專班；生物科技系碩士班；精密機械工程科；臥虎專班；自動化工程系；自動化工程系碩士班；航空維修學士學位學程；財務金融系；財務金融系碩士班；資訊工程科；資訊工程系；資訊工程系碩士班；資訊管理系；資訊管理系_大數據智慧應用技優領航專班；資訊管理系碩士在職專班；資訊管理系碩士班；車輛工程系；車輛工程系碩士班；農業科技系；電子工程科；電子工程系；電子工程系碩士班；電機工程系；電機工程系碩士在職專班；電機工程系碩士班；飛機工程系機械組；飛機工程系航空與電子科技碩士班；飛機工程系航空電子組,AUTO_MATCHED,,,https://stats.moe.gov.tw/files/opendata/students.csv
國立虎尾科技大學,陳俊仁（系主任）,cjchen@nfu.edu.tw,208,自動化工程系,,678,自動化工程系=598；自動化工程系碩士班=80,企業管理系；企業管理系經營管理碩士在職專班；企業管理系經營管理碩士班；休閒遊憩系；休閒遊憩系碩士在職專班；休閒遊憩系碩士班；先進智慧載具國際碩士學位學程；光電工程系；光電工程系光電與材料科技博士班；光電工程系光電與材料科技碩士在職專班；光電工程系光電與材料科技碩士班；動力機械工程系；動力機械工程系機械與機電工程博士班；動力機械工程系機械與機電工程碩士在職專班；動力機械工程系機械與機電工程碩士班；多媒體設計系；多媒體設計系數位內容創意產業碩士班；工業管理系；工業管理系_智慧製造與工業管理專班；工業管理系_綠色智慧製造專班；工業管理系工業工程與管理碩士在職專班；工業管理系工業工程與管理碩士班；應用外語系；智慧產業科技研發博士學位學程；材料科學與工程系；材料科學與工程系_智能鑄造專班；材料科學與工程系材料科學與綠色能源工程碩士班；機械與電腦輔助工程系；機械與電腦輔助工程系_智慧機械產學攜手合作計畫專班；機械與電腦輔助工程系_機械及工具機產學攜手合作計畫專班；機械與電腦輔助工程系碩士在職專班；機械與電腦輔助工程系碩士班；機械設計工程系；機械設計工程系_精密機械電腦輔助製造技優專班；機械設計工程系碩士班；生物科技系；生物科技系_智慧生物科技技優領航專班；生物科技系碩士在職專班；生物科技系碩士班；精密機械工程科；臥虎專班；自動化工程系；自動化工程系碩士班；航空維修學士學位學程；財務金融系；財務金融系碩士班；資訊工程科；資訊工程系；資訊工程系碩士班；資訊管理系；資訊管理系_大數據智慧應用技優領航專班；資訊管理系碩士在職專班；資訊管理系碩士班；車輛工程系；車輛工程系碩士班；農業科技系；電子工程科；電子工程系；電子工程系碩士班；電機工程系；電機工程系碩士在職專班；電機工程系碩士班；飛機工程系機械組；飛機工程系航空與電子科技碩士班；飛機工程系航空電子組,AUTO_MATCHED,,,https://stats.moe.gov.tw/files/opendata/students.csv
國立勤益科技大學,黃智勇（系主任）,cyhuang@ncut.edu.tw,210,機械工程系,,1695,機械工程科=43；機械工程系=611；機械工程系=442；機械工程系=80；機械工程系_國際學生產學合作專班=129；機械工程系_工具機與精密模具設計製造專班=70；機械工程系_智慧機械應用專班=133；機械工程系_機電整合專班=22；機械工程系_水五金智慧製造專班=1；機械工程系_雙軌旗艦機電整合職類=31；機械工程系碩士在職專班=42；機械工程系碩士班=91,人工智慧應用工程系；人工智慧應用工程系_AI科技應用製造專班；人工智慧應用工程系_半導體封測產攜專班；人工智慧應用工程系_國際專修部；人工智慧應用工程系_智慧科技應用製造專班；企業管理系；企業管理系_智慧製造物流運籌專班；企業管理系碩士在職專班；企業管理系碩士班；健康產業科技研發與管理系；健康產業科技研發與管理系_雙軌旗艦工商管理專班；健康產業科技研發與管理系碩士班；冷凍空調與能源系；冷凍空調與能源系_冷凍空調能源產業專班；冷凍空調與能源系_冷凍空調與能源專班；冷凍空調與能源系_國際學生產學合作專班；冷凍空調與能源系_國際專修部；冷凍空調與能源系_機械工程專班；冷凍空調與能源系碩士在職專班；冷凍空調與能源系碩士班；前瞻電資科技研究所；化工與材料工程系；化工與材料工程系_先進材料與智慧製造產學攜手專班；化工與材料工程系_國際學生產學合作專班；化工與材料工程系碩士在職專班；化工與材料工程系碩士班；工業工程與管理科；工業工程與管理系；工業工程與管理系_國際學生產學合作專班；工業工程與管理系_智慧生產與精實管理專班；工業工程與管理系碩士在職專班；工業工程與管理系碩士班；應用英語系；文化創意事業系；文化創意事業系碩士班；景觀科；景觀系；景觀系碩士班；智慧機械與智慧製造產業博士學位學程；智慧自動化工程系；智慧自動化工程系_智能自動化產業專班；智慧自動化工程系_機電整合實務專班；智慧製造與資訊應用國際碩士學位學程；機械工程科；機械工程系；機械工程系_國際學生產學合作專班；機械工程系_工具機與精密模具設計製造專班；機械工程系_智慧機械應用專班；機械工程系_機電整合專班；機械工程系_水五金智慧製造專班；機械工程系_雙軌旗艦機電整合職類；機械工程系碩士在職專班；機械工程系碩士班；精密製造科技研究所；行銷與流通管理科；行銷與流通管理系；行銷與流通管理系碩士在職專班；行銷與流通管理系碩士班；資訊工程系；資訊工程系_國際學生產學合作專班；資訊工程系_智慧科技僑生專班；資訊工程系_智慧科技實務應用專班；資訊工程系_智慧科技產業碩士專班；資訊工程系_智慧科技菁英專班；資訊工程系_雙軌旗艦微電子職類；資訊工程系_電資研發產業碩士專班；資訊工程系碩士在職專班；資訊工程系碩士班；資訊管理系；資訊管理系_國際專修部；資訊管理系_智慧產業資訊應用專班；資訊管理系_研發管理與資訊應用產業碩士專班；資訊管理系研發科技與資訊管理碩士在職專班；資訊管理系碩士班；電子工程科；電子工程系；電子工程系_國際專修部；電子工程系_智慧機械生產自動化工程師僑生專班；電子工程系_智慧電子技術產業專班；電子工程系碩士在職專班；電子工程系碩士班；電機工程科；電機工程系；電機工程系_電機工程資電國際學生產學合作專班；電機工程系_電機跨領域半導體暨智慧製造專班；電機工程系_電機跨領域應用專班；電機工程系碩士在職專班；電機工程系碩士班,AUTO_MATCHED,,,https://stats.moe.gov.tw/files/opendata/students.csv
國立勤益科技大學,許智能（教授兼系主任）,cnhsu@ncut.edu.tw,211,冷凍空調與能源系,,1104,冷凍空調與能源系=500；冷凍空調與能源系=238；冷凍空調與能源系=60；冷凍空調與能源系_冷凍空調能源產業專班=89；冷凍空調與能源系_冷凍空調與能源專班=21；冷凍空調與能源系_國際學生產學合作專班=67；冷凍空調與能源系_國際專修部=9；冷凍空調與能源系_機械工程專班=28；冷凍空調與能源系碩士在職專班=41；冷凍空調與能源系碩士班=51,人工智慧應用工程系；人工智慧應用工程系_AI科技應用製造專班；人工智慧應用工程系_半導體封測產攜專班；人工智慧應用工程系_國際專修部；人工智慧應用工程系_智慧科技應用製造專班；企業管理系；企業管理系_智慧製造物流運籌專班；企業管理系碩士在職專班；企業管理系碩士班；健康產業科技研發與管理系；健康產業科技研發與管理系_雙軌旗艦工商管理專班；健康產業科技研發與管理系碩士班；冷凍空調與能源系；冷凍空調與能源系_冷凍空調能源產業專班；冷凍空調與能源系_冷凍空調與能源專班；冷凍空調與能源系_國際學生產學合作專班；冷凍空調與能源系_國際專修部；冷凍空調與能源系_機械工程專班；冷凍空調與能源系碩士在職專班；冷凍空調與能源系碩士班；前瞻電資科技研究所；化工與材料工程系；化工與材料工程系_先進材料與智慧製造產學攜手專班；化工與材料工程系_國際學生產學合作專班；化工與材料工程系碩士在職專班；化工與材料工程系碩士班；工業工程與管理科；工業工程與管理系；工業工程與管理系_國際學生產學合作專班；工業工程與管理系_智慧生產與精實管理專班；工業工程與管理系碩士在職專班；工業工程與管理系碩士班；應用英語系；文化創意事業系；文化創意事業系碩士班；景觀科；景觀系；景觀系碩士班；智慧機械與智慧製造產業博士學位學程；智慧自動化工程系；智慧自動化工程系_智能自動化產業專班；智慧自動化工程系_機電整合實務專班；智慧製造與資訊應用國際碩士學位學程；機械工程科；機械工程系；機械工程系_國際學生產學合作專班；機械工程系_工具機與精密模具設計製造專班；機械工程系_智慧機械應用專班；機械工程系_機電整合專班；機械工程系_水五金智慧製造專班；機械工程系_雙軌旗艦機電整合職類；機械工程系碩士在職專班；機械工程系碩士班；精密製造科技研究所；行銷與流通管理科；行銷與流通管理系；行銷與流通管理系碩士在職專班；行銷與流通管理系碩士班；資訊工程系；資訊工程系_國際學生產學合作專班；資訊工程系_智慧科技僑生專班；資訊工程系_智慧科技實務應用專班；資訊工程系_智慧科技產業碩士專班；資訊工程系_智慧科技菁英專班；資訊工程系_雙軌旗艦微電子職類；資訊工程系_電資研發產業碩士專班；資訊工程系碩士在職專班；資訊工程系碩士班；資訊管理系；資訊管理系_國際專修部；資訊管理系_智慧產業資訊應用專班；資訊管理系_研發管理與資訊應用產業碩士專班；資訊管理系研發科技與資訊管理碩士在職專班；資訊管理系碩士班；電子工程科；電子工程系；電子工程系_國際專修部；電子工程系_智慧機械生產自動化工程師僑生專班；電子工程系_智慧電子技術產業專班；電子工程系碩士在職專班；電子工程系碩士班；電機工程科；電機工程系；電機工程系_電機工程資電國際學生產學合作專班；電機工程系_電機跨領域半導體暨智慧製造專班；電機工程系_電機跨領域應用專班；電機工程系碩士在職專班；電機工程系碩士班,AUTO_MATCHED,,,https://stats.moe.gov.tw/files/opendata/students.csv
國立勤益科技大學,系辦正式窗口,iae@ncut.edu.tw,212,智慧自動化工程系,,554,智慧自動化工程系=434；智慧自動化工程系=72；智慧自動化工程系_智能自動化產業專班=36；智慧自動化工程系_機電整合實務專班=12,人工智慧應用工程系；人工智慧應用工程系_AI科技應用製造專班；人工智慧應用工程系_半導體封測產攜專班；人工智慧應用工程系_國際專修部；人工智慧應用工程系_智慧科技應用製造專班；企業管理系；企業管理系_智慧製造物流運籌專班；企業管理系碩士在職專班；企業管理系碩士班；健康產業科技研發與管理系；健康產業科技研發與管理系_雙軌旗艦工商管理專班；健康產業科技研發與管理系碩士班；冷凍空調與能源系；冷凍空調與能源系_冷凍空調能源產業專班；冷凍空調與能源系_冷凍空調與能源專班；冷凍空調與能源系_國際學生產學合作專班；冷凍空調與能源系_國際專修部；冷凍空調與能源系_機械工程專班；冷凍空調與能源系碩士在職專班；冷凍空調與能源系碩士班；前瞻電資科技研究所；化工與材料工程系；化工與材料工程系_先進材料與智慧製造產學攜手專班；化工與材料工程系_國際學生產學合作專班；化工與材料工程系碩士在職專班；化工與材料工程系碩士班；工業工程與管理科；工業工程與管理系；工業工程與管理系_國際學生產學合作專班；工業工程與管理系_智慧生產與精實管理專班；工業工程與管理系碩士在職專班；工業工程與管理系碩士班；應用英語系；文化創意事業系；文化創意事業系碩士班；景觀科；景觀系；景觀系碩士班；智慧機械與智慧製造產業博士學位學程；智慧自動化工程系；智慧自動化工程系_智能自動化產業專班；智慧自動化工程系_機電整合實務專班；智慧製造與資訊應用國際碩士學位學程；機械工程科；機械工程系；機械工程系_國際學生產學合作專班；機械工程系_工具機與精密模具設計製造專班；機械工程系_智慧機械應用專班；機械工程系_機電整合專班；機械工程系_水五金智慧製造專班；機械工程系_雙軌旗艦機電整合職類；機械工程系碩士在職專班；機械工程系碩士班；精密製造科技研究所；行銷與流通管理科；行銷與流通管理系；行銷與流通管理系碩士在職專班；行銷與流通管理系碩士班；資訊工程系；資訊工程系_國際學生產學合作專班；資訊工程系_智慧科技僑生專班；資訊工程系_智慧科技實務應用專班；資訊工程系_智慧科技產業碩士專班；資訊工程系_智慧科技菁英專班；資訊工程系_雙軌旗艦微電子職類；資訊工程系_電資研發產業碩士專班；資訊工程系碩士在職專班；資訊工程系碩士班；資訊管理系；資訊管理系_國際專修部；資訊管理系_智慧產業資訊應用專班；資訊管理系_研發管理與資訊應用產業碩士專班；資訊管理系研發科技與資訊管理碩士在職專班；資訊管理系碩士班；電子工程科；電子工程系；電子工程系_國際專修部；電子工程系_智慧機械生產自動化工程師僑生專班；電子工程系_智慧電子技術產業專班；電子工程系碩士在職專班；電子工程系碩士班；電機工程科；電機工程系；電機工程系_電機工程資電國際學生產學合作專班；電機工程系_電機跨領域半導體暨智慧製造專班；電機工程系_電機跨領域應用專班；電機工程系碩士在職專班；電機工程系碩士班,AUTO_MATCHED,,,https://stats.moe.gov.tw/files/opendata/students.csv
國立勤益科技大學,葉政育（系主任）,cy.yeh@ncut.edu.tw,213,電機工程系,,1335,電機工程科=49；電機工程系=593；電機工程系=392；電機工程系=74；電機工程系_電機工程資電國際學生產學合作專班=108；電機工程系_電機跨領域半導體暨智慧製造專班=25；電機工程系_電機跨領域應用專班=9；電機工程系碩士在職專班=31；電機工程系碩士班=54,人工智慧應用工程系；人工智慧應用工程系_AI科技應用製造專班；人工智慧應用工程系_半導體封測產攜專班；人工智慧應用工程系_國際專修部；人工智慧應用工程系_智慧科技應用製造專班；企業管理系；企業管理系_智慧製造物流運籌專班；企業管理系碩士在職專班；企業管理系碩士班；健康產業科技研發與管理系；健康產業科技研發與管理系_雙軌旗艦工商管理專班；健康產業科技研發與管理系碩士班；冷凍空調與能源系；冷凍空調與能源系_冷凍空調能源產業專班；冷凍空調與能源系_冷凍空調與能源專班；冷凍空調與能源系_國際學生產學合作專班；冷凍空調與能源系_國際專修部；冷凍空調與能源系_機械工程專班；冷凍空調與能源系碩士在職專班；冷凍空調與能源系碩士班；前瞻電資科技研究所；化工與材料工程系；化工與材料工程系_先進材料與智慧製造產學攜手專班；化工與材料工程系_國際學生產學合作專班；化工與材料工程系碩士在職專班；化工與材料工程系碩士班；工業工程與管理科；工業工程與管理系；工業工程與管理系_國際學生產學合作專班；工業工程與管理系_智慧生產與精實管理專班；工業工程與管理系碩士在職專班；工業工程與管理系碩士班；應用英語系；文化創意事業系；文化創意事業系碩士班；景觀科；景觀系；景觀系碩士班；智慧機械與智慧製造產業博士學位學程；智慧自動化工程系；智慧自動化工程系_智能自動化產業專班；智慧自動化工程系_機電整合實務專班；智慧製造與資訊應用國際碩士學位學程；機械工程科；機械工程系；機械工程系_國際學生產學合作專班；機械工程系_工具機與精密模具設計製造專班；機械工程系_智慧機械應用專班；機械工程系_機電整合專班；機械工程系_水五金智慧製造專班；機械工程系_雙軌旗艦機電整合職類；機械工程系碩士在職專班；機械工程系碩士班；精密製造科技研究所；行銷與流通管理科；行銷與流通管理系；行銷與流通管理系碩士在職專班；行銷與流通管理系碩士班；資訊工程系；資訊工程系_國際學生產學合作專班；資訊工程系_智慧科技僑生專班；資訊工程系_智慧科技實務應用專班；資訊工程系_智慧科技產業碩士專班；資訊工程系_智慧科技菁英專班；資訊工程系_雙軌旗艦微電子職類；資訊工程系_電資研發產業碩士專班；資訊工程系碩士在職專班；資訊工程系碩士班；資訊管理系；資訊管理系_國際專修部；資訊管理系_智慧產業資訊應用專班；資訊管理系_研發管理與資訊應用產業碩士專班；資訊管理系研發科技與資訊管理碩士在職專班；資訊管理系碩士班；電子工程科；電子工程系；電子工程系_國際專修部；電子工程系_智慧機械生產自動化工程師僑生專班；電子工程系_智慧電子技術產業專班；電子工程系碩士在職專班；電子工程系碩士班；電機工程科；電機工程系；電機工程系_電機工程資電國際學生產學合作專班；電機工程系_電機跨領域半導體暨智慧製造專班；電機工程系_電機跨領域應用專班；電機工程系碩士在職專班；電機工程系碩士班,AUTO_MATCHED,,,https://stats.moe.gov.tw/files/opendata/students.csv
國立臺中科技大學,系辦正式窗口,ipe00@nutc.edu.tw,214,智慧生產工程系,,305,智慧生產工程系=275；智慧生產工程系_智慧生產工程系技優領航專班=16；智慧生產工程系_雙軌訓練旗艦計畫=14,人工智慧應用工程學士學位學程；企業管理科；企業管理系；企業管理系_智慧及創新營運技優領航專班；企業管理系碩士在職專班；企業管理系碩士班；休閒事業經營系；保險金融管理科；保險金融管理系；保險金融管理系碩士班；創意商品設計系；創意商品設計菁英班；商學院_智慧營運與經營管理外國學生專班；商業經營科；商業經營系；商業設計科；商業設計系；商業設計系碩士在職專班；商業設計系碩士班；國際貿易與經營科；國際貿易與經營系；多媒體設計系；多媒體設計系碩士班；學士後護理系；室內設計系；室內設計系碩士班；應用中文系；應用中文系_多元敘事專才技優領航專班；應用日語科；應用日語系；應用日語系日本市場暨商務策略碩士班；應用統計系；應用英語科；應用英語系；智慧生產工程系；智慧生產工程系_智慧生產工程系技優領航專班；智慧生產工程系_雙軌訓練旗艦計畫；會計資訊科；會計資訊系；會計資訊系碩士在職專班；會計資訊系碩士班；流通管理系；流通管理系碩士在職專班；流通管理系碩士班；美容科；美容系；美容系_美容技優領航專班；美容系碩士班；老人服務事業管理系；語文學院_應用資訊日語技優領航專班；護理科；護理系；護理系碩士在職專班；護理系碩士班；財務金融科；財務金融系；財務金融系碩士在職專班；財務金融系碩士班；財政稅務系；財政稅務系租稅管理與理財規劃碩士班；資訊工程科；資訊工程系；資訊工程系碩士在職專班；資訊工程系碩士班；資訊管理科；資訊管理系；資訊管理系碩士在職專班；資訊管理系碩士班；資訊與流通學院智慧工程博士班,AUTO_MATCHED,,,https://stats.moe.gov.tw/files/opendata/students.csv
朝陽科技大學,王玉城（系主任）,aerome@cyut.edu.tw,215,航空機械系,,413,航空機械系=413,企業管理系；企業管理系台灣產業策略發展博士班；企業管理系碩士在職專班；企業管理系碩士班；企業管理系高階產業經營碩士在職專班；休閒事業管理系；休閒事業管理系_國際學生產學合作專班；休閒事業管理系碩士在職專班；休閒事業管理系碩士班；保險金融管理系；保險金融管理系碩士在職專班；保險金融管理系碩士班；傳播藝術系；傳播藝術系_香港二技專班；工業工程與管理系；工業工程與管理系_國際學生產學合作專班；工業工程與管理系_國際專修部；工業工程與管理系碩士班；工業設計系；工業設計系碩士班；幼兒保育系；幼兒保育系碩士在職專班；幼兒保育系碩士班；建築系；建築系建築及都市設計博士班；建築系建築及都市設計碩士班；應用化學系；應用化學系_國際學生產學合作專班；應用化學系生化科技博士班；應用化學系碩士在職專班；應用化學系碩士班；應用英語系；應用英語系碩士班；景觀及都市設計系；景觀及都市設計系碩士班；會計系；會計系碩士班；營建工程系；營建工程系_國際產業人才教育專班；營建工程系博士班；營建工程系碩士班；環境工程與管理系；環境工程與管理系_國際產業人才教育專班；環境工程與管理系碩士班；社會工作系；社會工作系碩士在職專班；社會工作系碩士班；航空機械系；航空科技研究所；航空運務系；行銷與流通管理系；行銷與流通管理系_國際學生產學合作專班；行銷與流通管理系_國際專修部；行銷與流通管理系碩士班；視覺傳達設計系；視覺傳達設計系_香港二技專班；視覺傳達設計系碩士班；財務金融系；財務金融系碩士在職專班；財務金融系碩士班；資訊工程系；資訊工程系_國際產業人才教育專班；資訊工程系碩士班；資訊管理系；資訊管理系博士班；資訊管理系碩士在職專班；資訊管理系碩士班；資訊與通訊系；資訊與通訊系_國際產業人才教育專班；資訊與通訊系碩士班；銀髮產業管理系；銀髮產業管理系碩士班；飛行與民航人員技術系,AUTO_MATCHED,,,https://stats.moe.gov.tw/files/opendata/students.csv
朝陽科技大學,盧衍良（系主任）,flight@cyut.edu.tw,216,飛行與民航人員技術系,,377,飛行與民航人員技術系=377,企業管理系；企業管理系台灣產業策略發展博士班；企業管理系碩士在職專班；企業管理系碩士班；企業管理系高階產業經營碩士在職專班；休閒事業管理系；休閒事業管理系_國際學生產學合作專班；休閒事業管理系碩士在職專班；休閒事業管理系碩士班；保險金融管理系；保險金融管理系碩士在職專班；保險金融管理系碩士班；傳播藝術系；傳播藝術系_香港二技專班；工業工程與管理系；工業工程與管理系_國際學生產學合作專班；工業工程與管理系_國際專修部；工業工程與管理系碩士班；工業設計系；工業設計系碩士班；幼兒保育系；幼兒保育系碩士在職專班；幼兒保育系碩士班；建築系；建築系建築及都市設計博士班；建築系建築及都市設計碩士班；應用化學系；應用化學系_國際學生產學合作專班；應用化學系生化科技博士班；應用化學系碩士在職專班；應用化學系碩士班；應用英語系；應用英語系碩士班；景觀及都市設計系；景觀及都市設計系碩士班；會計系；會計系碩士班；營建工程系；營建工程系_國際產業人才教育專班；營建工程系博士班；營建工程系碩士班；環境工程與管理系；環境工程與管理系_國際產業人才教育專班；環境工程與管理系碩士班；社會工作系；社會工作系碩士在職專班；社會工作系碩士班；航空機械系；航空科技研究所；航空運務系；行銷與流通管理系；行銷與流通管理系_國際學生產學合作專班；行銷與流通管理系_國際專修部；行銷與流通管理系碩士班；視覺傳達設計系；視覺傳達設計系_香港二技專班；視覺傳達設計系碩士班；財務金融系；財務金融系碩士在職專班；財務金融系碩士班；資訊工程系；資訊工程系_國際產業人才教育專班；資訊工程系碩士班；資訊管理系；資訊管理系博士班；資訊管理系碩士在職專班；資訊管理系碩士班；資訊與通訊系；資訊與通訊系_國際產業人才教育專班；資訊與通訊系碩士班；銀髮產業管理系；銀髮產業管理系碩士班；飛行與民航人員技術系,AUTO_MATCHED,,,https://stats.moe.gov.tw/files/opendata/students.csv
崑山科技大學,江智偉（系主任）,cwchiang@mail.ksu.edu.tw,219,電動車暨智慧電子工程系,,139,電動車暨智慧電子工程系=97；電動車暨智慧電子工程系=1；電動車暨智慧電子工程系_國際專修部=27；電動車暨智慧電子工程系碩士班=14,企業管理系；企業管理系_製造業提昇廠務管理效能產業國際學生產學合作專班；企業管理系_連鎖業經營管理產業碩士專班；企業管理系_餐飲業經營管理僑生技職專班；企業管理系碩士在職專班；企業管理系碩士班；休閒遊憩與運動管理系；先進應用材料工程系；先進應用材料工程系_材料加工檢測國際學生產學合作專班；公共關係暨廣告系；幼兒保育系；房地產開發與管理系；房地產開發與管理系碩士在職專班；房地產開發與管理系碩士班；旅遊事業管理系；旅遊事業管理系_旅遊文化僑生專班；時尚展演事業學士學位學程_時尚展演事業僑生專班；時尚展演事業系；時尚展演事業系_時尚造型暨服飾設計國際學生產學合作專班；智慧機器人工程系；智慧機器人工程系_智慧製造國際學生產學合作專班；智慧機器人工程系碩士在職專班；智慧機器人工程系碩士班；材料工程系_紡織材料加工國際學生產學合作專班；樂齡生活產業管理學士學位學程；樂齡生活產業管理進修學士學位學程；機械工程系；機械工程系_先進製造國際產業碩士專班；機械工程系_國際學生產學合作專班；機械工程系_國際專修部；機械工程系_外國學生專班；機械工程系_智慧製造國際產業人才教育專班；機械工程系_機電整合製造國際產業人才教育專班；機械工程系_設備工程師國際產業人才教育專班；機械工程系_設備工程師專班；機械工程系機械與能源工程博士班；機械工程系碩士在職專班；機械工程系碩士班；環境工程系；環境工程系_環工機電國際學生產學合作專班；環境工程系_綠能科技專班；環境工程系碩士在職專班；環境工程系碩士班；空間設計系；空間設計系環境設計碩士班；視覺傳達設計系；視覺傳達設計系碩士在職專班；視覺傳達設計系碩士班；視訊傳播設計系；視訊傳播設計系_香港二技專班；視訊傳播設計系媒體藝術碩士班；資訊傳播系；資訊傳播系_電子商務與產品供應鏈E化國際學生產學合作專班；資訊工程系；資訊工程系_資訊與自動化國際學生產學合作專班；資訊工程系_資電科技應用僑生專班；資訊工程系碩士班；資訊管理系；資訊管理系_製造資訊僑生專班；資訊管理系_電子商務僑生專班；資訊管理系碩士在職專班；資訊管理系碩士班；金融管理系；雲端商務管理數位學習碩士在職專班；電動車暨智慧電子工程系；電動車暨智慧電子工程系_國際專修部；電動車暨智慧電子工程系碩士班；電子工程系_國際專修部；電子工程系_國際機電自動化工程與管理碩士學程外國學生專班；電子工程系_智慧電子應用實務專班；電子工程系_機電整合僑生專班；電機工程系；電機工程系_半導體工程碩士專班；電機工程系_國際學生產學合作專班；電機工程系_國際專修部；電機工程系_機電整合工程碩士專班；電機工程系_自動化工程師專班；電機工程系_電機國際產業人才教育專班；電機工程系碩士在職專班；電機工程系碩士班；電腦與遊戲發展科學學士學位學程；餐飲管理及廚藝系；餐飲管理及廚藝系_國際專修部；餐飲管理及廚藝系_餐飲管理及廚藝僑生產學專班,AUTO_MATCHED,,,https://stats.moe.gov.tw/files/opendata/students.csv
崑山科技大學,王建仁（系主任）,cjw@mail.ksu.edu.tw,220,智慧機器人工程系,,208,智慧機器人工程系=89；智慧機器人工程系=7；智慧機器人工程系_智慧製造國際學生產學合作專班=94；智慧機器人工程系碩士在職專班=7；智慧機器人工程系碩士班=11,企業管理系；企業管理系_製造業提昇廠務管理效能產業國際學生產學合作專班；企業管理系_連鎖業經營管理產業碩士專班；企業管理系_餐飲業經營管理僑生技職專班；企業管理系碩士在職專班；企業管理系碩士班；休閒遊憩與運動管理系；先進應用材料工程系；先進應用材料工程系_材料加工檢測國際學生產學合作專班；公共關係暨廣告系；幼兒保育系；房地產開發與管理系；房地產開發與管理系碩士在職專班；房地產開發與管理系碩士班；旅遊事業管理系；旅遊事業管理系_旅遊文化僑生專班；時尚展演事業學士學位學程_時尚展演事業僑生專班；時尚展演事業系；時尚展演事業系_時尚造型暨服飾設計國際學生產學合作專班；智慧機器人工程系；智慧機器人工程系_智慧製造國際學生產學合作專班；智慧機器人工程系碩士在職專班；智慧機器人工程系碩士班；材料工程系_紡織材料加工國際學生產學合作專班；樂齡生活產業管理學士學位學程；樂齡生活產業管理進修學士學位學程；機械工程系；機械工程系_先進製造國際產業碩士專班；機械工程系_國際學生產學合作專班；機械工程系_國際專修部；機械工程系_外國學生專班；機械工程系_智慧製造國際產業人才教育專班；機械工程系_機電整合製造國際產業人才教育專班；機械工程系_設備工程師國際產業人才教育專班；機械工程系_設備工程師專班；機械工程系機械與能源工程博士班；機械工程系碩士在職專班；機械工程系碩士班；環境工程系；環境工程系_環工機電國際學生產學合作專班；環境工程系_綠能科技專班；環境工程系碩士在職專班；環境工程系碩士班；空間設計系；空間設計系環境設計碩士班；視覺傳達設計系；視覺傳達設計系碩士在職專班；視覺傳達設計系碩士班；視訊傳播設計系；視訊傳播設計系_香港二技專班；視訊傳播設計系媒體藝術碩士班；資訊傳播系；資訊傳播系_電子商務與產品供應鏈E化國際學生產學合作專班；資訊工程系；資訊工程系_資訊與自動化國際學生產學合作專班；資訊工程系_資電科技應用僑生專班；資訊工程系碩士班；資訊管理系；資訊管理系_製造資訊僑生專班；資訊管理系_電子商務僑生專班；資訊管理系碩士在職專班；資訊管理系碩士班；金融管理系；雲端商務管理數位學習碩士在職專班；電動車暨智慧電子工程系；電動車暨智慧電子工程系_國際專修部；電動車暨智慧電子工程系碩士班；電子工程系_國際專修部；電子工程系_國際機電自動化工程與管理碩士學程外國學生專班；電子工程系_智慧電子應用實務專班；電子工程系_機電整合僑生專班；電機工程系；電機工程系_半導體工程碩士專班；電機工程系_國際學生產學合作專班；電機工程系_國際專修部；電機工程系_機電整合工程碩士專班；電機工程系_自動化工程師專班；電機工程系_電機國際產業人才教育專班；電機工程系碩士在職專班；電機工程系碩士班；電腦與遊戲發展科學學士學位學程；餐飲管理及廚藝系；餐飲管理及廚藝系_國際專修部；餐飲管理及廚藝系_餐飲管理及廚藝僑生產學專班,AUTO_MATCHED,,,https://stats.moe.gov.tw/files/opendata/students.csv
萬能科技大學,許立根（航空光機電系主任）,slg2018@vnu.edu.tw,221,航空光機電系,421,476,航空光機電系=421；航空光機電系_國際學生產學合作專班=36；航空光機電系_機電整合製造產學攜手僑生專班=19,企業管理系；企業管理系_連鎖業儲備幹部與微型創業人才培訓國際學生產學合作專班；企業管理系碩士在職專班；企業管理系碩士班；化妝品應用與管理系；化妝品應用與管理系碩士在職專班；化妝品應用與管理系碩士班；商業設計系；室內設計與營建科技系；室內設計與營建科技系碩士班；旅館管理系_國際學生產學合作專班；旅館管理系_民宿與旅館管理僑生技職專班；時尚造型設計暨表演藝術系；環境工程系；精密機械與工業工程系；精密機械與工業工程系_國際專修部；精密機械與工業工程系_工業管理與資電技術僑生產學專班；精密機械與工業工程系_精密機械智慧生產國際學生產學合作專班；精密機械與工業工程系工業工程碩士班；航空光機電系；航空光機電系_國際學生產學合作專班；航空光機電系_機電整合製造產學攜手僑生專班；航空暨運輸服務管理系；航空暨運輸服務管理系_航空運輸與機場服務國際學生產學合作專班；行銷與流通管理系；行銷與流通管理系_國際學生產學合作專班；行銷與流通管理系_國際專修部；行銷與流通管理系智慧商務碩士在職專班；行銷與流通管理系智慧商務碩士班；觀光與休閒事業管理系；觀光與休閒事業管理系_國際學生產學合作專班；觀光與休閒事業管理系_國際專修部；觀光與休閒事業管理系_觀光休閒餐飲管理產學專班；資訊工程系；資訊工程系_AI智能資電製造產學攜手僑生專班；資訊工程系_國際專修部；資訊工程系碩士班；車輛工程系；電機工程系；餐飲管理系,AUTO_MATCHED,,,https://stats.moe.gov.tw/files/opendata/students.csv
萬能科技大學,王錫澤（系主任）,htwang@vnu.edu.tw,222,精密機械與工業工程系,,553,精密機械與工業工程系=225；精密機械與工業工程系=88；精密機械與工業工程系=72；精密機械與工業工程系_國際專修部=28；精密機械與工業工程系_工業管理與資電技術僑生產學專班=67；精密機械與工業工程系_精密機械智慧生產國際學生產學合作專班=59；精密機械與工業工程系工業工程碩士班=14,企業管理系；企業管理系_連鎖業儲備幹部與微型創業人才培訓國際學生產學合作專班；企業管理系碩士在職專班；企業管理系碩士班；化妝品應用與管理系；化妝品應用與管理系碩士在職專班；化妝品應用與管理系碩士班；商業設計系；室內設計與營建科技系；室內設計與營建科技系碩士班；旅館管理系_國際學生產學合作專班；旅館管理系_民宿與旅館管理僑生技職專班；時尚造型設計暨表演藝術系；環境工程系；精密機械與工業工程系；精密機械與工業工程系_國際專修部；精密機械與工業工程系_工業管理與資電技術僑生產學專班；精密機械與工業工程系_精密機械智慧生產國際學生產學合作專班；精密機械與工業工程系工業工程碩士班；航空光機電系；航空光機電系_國際學生產學合作專班；航空光機電系_機電整合製造產學攜手僑生專班；航空暨運輸服務管理系；航空暨運輸服務管理系_航空運輸與機場服務國際學生產學合作專班；行銷與流通管理系；行銷與流通管理系_國際學生產學合作專班；行銷與流通管理系_國際專修部；行銷與流通管理系智慧商務碩士在職專班；行銷與流通管理系智慧商務碩士班；觀光與休閒事業管理系；觀光與休閒事業管理系_國際學生產學合作專班；觀光與休閒事業管理系_國際專修部；觀光與休閒事業管理系_觀光休閒餐飲管理產學專班；資訊工程系；資訊工程系_AI智能資電製造產學攜手僑生專班；資訊工程系_國際專修部；資訊工程系碩士班；車輛工程系；電機工程系；餐飲管理系,AUTO_MATCHED,,,https://stats.moe.gov.tw/files/opendata/students.csv
建國科技大學,楊士震（系主任／母系）,scyang@ctu.edu.tw,223|224,機械工程系；機械工程系先進車輛組,,823,機械工程系=359；機械工程系=279；機械工程系_國際學生產學合作專班=90；機械工程系_國際專修部=83；機械工程系製造科技碩士班=12,商品與遊戲設計系；土木工程科；土木工程系；土木工程系_國際學生產學合作專班；土木工程系_國際專修部；土木工程系土木與防災碩士班；應用外語系；機械工程系；機械工程系_國際學生產學合作專班；機械工程系_國際專修部；機械工程系製造科技碩士班；機電光系統研究所；空間設計系；空間設計系創意生活應用設計碩士班；經營管理系；經營管理系服務與科技管理碩士班；美容系；美容系美容科技碩士班；自動化工程系；自動化工程系_國際學生產學合作專班；觀光系；觀光系_國際專修部；資訊管理系；運動健康與休閒系；電子工程系；電子工程系_國際學生產學合作專班；電子工程系_國際專修部；電機工程系；電機工程系_國際專修部；電機工程系碩士班,AUTO_MATCHED,,,https://stats.moe.gov.tw/files/opendata/students.csv
建國科技大學,沈慧宇（系主任）,wyshen@ctu.edu.tw,225,電機工程系,,274,電機工程系=122；電機工程系=82；電機工程系_國際專修部=64；電機工程系碩士班=6,商品與遊戲設計系；土木工程科；土木工程系；土木工程系_國際學生產學合作專班；土木工程系_國際專修部；土木工程系土木與防災碩士班；應用外語系；機械工程系；機械工程系_國際學生產學合作專班；機械工程系_國際專修部；機械工程系製造科技碩士班；機電光系統研究所；空間設計系；空間設計系創意生活應用設計碩士班；經營管理系；經營管理系服務與科技管理碩士班；美容系；美容系美容科技碩士班；自動化工程系；自動化工程系_國際學生產學合作專班；觀光系；觀光系_國際專修部；資訊管理系；運動健康與休閒系；電子工程系；電子工程系_國際學生產學合作專班；電子工程系_國際專修部；電機工程系；電機工程系_國際專修部；電機工程系碩士班,AUTO_MATCHED,,,https://stats.moe.gov.tw/files/opendata/students.csv
嶺東科技大學,鄭合志（系主任）,ltuimt@teamail.ltu.edu.tw,226,智慧製造科技系,,219,智慧製造科技系=152；智慧製造科技系=67,企業管理系；企業管理系_現役軍人營區在職專班；企業管理系碩士在職專班；企業管理系碩士班；企業管理系高階經營管理碩士在職專班(EMBA)；創意產品設計系；創意產品設計系碩士班；動漫遊戲美術應用學士學位學程；國際企業系；國際企業系碩士在職專班；國際企業系碩士班；幼兒保育系；應用外語系；數位媒體設計系；數位媒體設計系碩士班；時尚經營系；智慧製造科技系；會計資訊系；會計資訊系碩士班；服飾設計系；流行設計系；流行設計系_國際學生產學合作專班；流行設計系原住民專班；流行設計系碩士班；行銷與流通管理系；行銷與流通管理系碩士班；視覺傳達設計系；視覺傳達設計系碩士班；觀光與休閒管理系；觀光與休閒管理系_國際學生產學合作專班；觀光與休閒管理系碩士班；財務金融系；財務金融系_現役軍人營區在職專班；財務金融系原住民專班；財務金融系碩士在職專班；財務金融系碩士班；資訊科技系；資訊科技系碩士班；資訊管理系；資訊管理系碩士班,AUTO_MATCHED,,,https://stats.moe.gov.tw/files/opendata/students.csv
中信金學校財團法人中信科技大學,詹添印（系主任）,tychan@mail.ctbctech.edu.tw,227,機械工程系,,336,機械工程科=33；機械工程系=136；機械工程系=64；機械工程系=28；機械工程系_傳統加工產業國際學生產學合作專班=15；機械工程系碩士在職專班=45；機械工程系碩士班=15,企業管理科；企業管理系；企業管理系創新設計與創業管理碩士班；企業管理系行銷與流通管理碩士班；休閒運動管理碩士學位學程；休閒運動管理系；冷凍空調與能源系；冷凍空調與能源系_國際學生產學合作專班；化妝品應用與管理系；半導體工程系；半導體工程系_設備維護與資訊應用國際學生產學合作專班；半導體工程系碩士班；多媒體與遊戲發展管理系；數位媒體設計系；機械工程科；機械工程系；機械工程系_傳統加工產業國際學生產學合作專班；機械工程系碩士在職專班；機械工程系碩士班；流行音樂產業管理系；觀光英語系；資訊工程系_國際學生產學合作專班；餐飲與健康養生系；餐飲與健康養生系_產學攜手合作僑生專班；餐飲與健康養生系餐飲經營與安全管理碩士班；高齡健康照護系,AUTO_MATCHED,,,https://stats.moe.gov.tw/files/opendata/students.csv
中信金學校財團法人中信科技大學,周德明（系主任）,derming@mail.ctbctech.edu.tw,228,冷凍空調與能源系,,214,冷凍空調與能源系=149；冷凍空調與能源系=32；冷凍空調與能源系_國際學生產學合作專班=33,企業管理科；企業管理系；企業管理系創新設計與創業管理碩士班；企業管理系行銷與流通管理碩士班；休閒運動管理碩士學位學程；休閒運動管理系；冷凍空調與能源系；冷凍空調與能源系_國際學生產學合作專班；化妝品應用與管理系；半導體工程系；半導體工程系_設備維護與資訊應用國際學生產學合作專班；半導體工程系碩士班；多媒體與遊戲發展管理系；數位媒體設計系；機械工程科；機械工程系；機械工程系_傳統加工產業國際學生產學合作專班；機械工程系碩士在職專班；機械工程系碩士班；流行音樂產業管理系；觀光英語系；資訊工程系_國際學生產學合作專班；餐飲與健康養生系；餐飲與健康養生系_產學攜手合作僑生專班；餐飲與健康養生系餐飲經營與安全管理碩士班；高齡健康照護系,AUTO_MATCHED,,,https://stats.moe.gov.tw/files/opendata/students.csv
東南科技大學,吳坤齡（系主任／母系）,klwu@mail.tnu.edu.tw,229|230,機械工程系；機械工程系車輛組,,970,機械工程系=326；機械工程系=235；機械工程系_國際專修部=145；機械工程系_機械製造學程國際學生產學合作專班=104；機械工程系_精密機械學程國際學生產學合作專班=125；機械工程系碩士在職專班=15；機械工程系碩士班=20,休閒事業管理系；休閒事業管理系_休閒餐飲產學攜手僑生專班；創意產品設計系；創意產品設計系_外國學生專班；室內設計系；室內設計系_室內裝修學程國際學生產學合作專班；應用英語系；數位媒體設計系；數位遊戲設計系；機械工程系；機械工程系_國際專修部；機械工程系_機械製造學程國際學生產學合作專班；機械工程系_精密機械學程國際學生產學合作專班；機械工程系碩士在職專班；機械工程系碩士班；營建科技與防災研究所；產業經營管理研究所；能源與冷凍空調工程系；表演藝術系；觀光系；電子工程系；電子工程系_智慧物聯網學程國際學生產學合作專班；電子工程系_智慧生活科技應用學程產學合作國際專班；電機工程系；電機工程系_國際專修部；電機工程系_智慧自動化科技應用學程國際學生產學合作專班；電機工程系_產學攜手僑生專班；餐旅管理系；餐旅管理系_國際專修部；餐旅管理系_產學攜手僑生專班；餐旅管理系_餐旅服務學程產學合作國際專班,AUTO_MATCHED,,,https://stats.moe.gov.tw/files/opendata/students.csv
南開科技大學,陳振華（系主任）,chenhaw@nkut.edu.tw,231,自動化工程系,,368,自動化工程科=62；自動化工程系=109；自動化工程系_國際學生產學合作專班=197,休閒事業管理系；休閒事業管理系_國際學生產學合作專班；休閒事業管理系碩士班；多媒體動畫應用系；智慧自動化工程系；自動化工程科；自動化工程系；自動化工程系_國際學生產學合作專班；行銷與流通管理科；行銷與流通管理系；車輛工程系；車輛工程系_國際學生產學合作專班；車輛工程系_車輛與機電產業碩士專班；車輛工程系_車輛零組件製造與修護技術專班；車輛工程系車輛與機電產業碩士班；長期照顧與管理系；長期照顧與管理系福祉科技與服務管理碩士在職專班；長期照顧與管理系福祉科技與服務管理碩士班；電機與資訊技術科；電機與資訊技術系；電機與資訊技術系_國際學生產學合作專班；餐飲管理系；餐飲管理系_國際學生產學合作專班；餐飲管理系_餐飲管理服務僑生專班,AUTO_MATCHED,,,https://stats.moe.gov.tw/files/opendata/students.csv
中華科技大學,吳正鵬（副教授兼航空機械系主任）,wujpcwm@cc.cust.edu.tw,232|233,航空機械系航空維修組；航空機械系精密機械組,,375,航空機械科=37；航空機械系=208；航空機械系=66；航空機械系=10；航空機械系_現役軍人營區在職專班=10；航空機械系機電光工程碩士在職專班=11；航空機械系機電光工程碩士班=13；航空機械系飛機系統工程碩士在職專班=11；航空機械系飛機系統工程碩士班=9,企業資訊與管理系；企業資訊與管理系_現役軍人營區在職專班；企業資訊與管理系經營管理碩士班；建築科；建築系；建築系土木防災與管理碩士班；建築系碩士在職專班；建築系碩士班；文創與數位多媒體系；生物科技科；生物科技系；生物科技系_咖啡智造與食品生技產業碩士專班；生物科技系_美業管理生技應用國際學生產學合作專班；生物科技系健康科技碩士在職專班；生物科技系健康科技碩士班；航空服務管理系；航空服務管理系航空運輸管理碩士在職專班；航空服務管理系航空運輸管理碩士班；航空機械科；航空機械系；航空機械系_現役軍人營區在職專班；航空機械系機電光工程碩士在職專班；航空機械系機電光工程碩士班；航空機械系飛機系統工程碩士在職專班；航空機械系飛機系統工程碩士班；行銷與流通管理科；行銷與流通管理系；行銷與流通管理系_現役軍人營區在職專班；觀光事業系；遊戲系統創新設計系；電機與資訊工程科；電機與資訊工程系；電機與資訊工程系_資通機電工程技術國際學生產學合作專班；電機與資訊工程系碩士班；食品科學系；餐旅管理科；餐旅管理系；餐旅管理系_東方主題餐食管理國際學生產學合作專班,AUTO_MATCHED,,,https://stats.moe.gov.tw/files/opendata/students.csv
中華科技大學,陳俊勝（系主任）,chunshen@cc.cust.edu.tw,234,電機與資訊工程系,,494,電機與資訊工程科=35；電機與資訊工程科=8；電機與資訊工程系=156；電機與資訊工程系=135；電機與資訊工程系=106；電機與資訊工程系_資通機電工程技術國際學生產學合作專班=30；電機與資訊工程系碩士班=24,企業資訊與管理系；企業資訊與管理系_現役軍人營區在職專班；企業資訊與管理系經營管理碩士班；建築科；建築系；建築系土木防災與管理碩士班；建築系碩士在職專班；建築系碩士班；文創與數位多媒體系；生物科技科；生物科技系；生物科技系_咖啡智造與食品生技產業碩士專班；生物科技系_美業管理生技應用國際學生產學合作專班；生物科技系健康科技碩士在職專班；生物科技系健康科技碩士班；航空服務管理系；航空服務管理系航空運輸管理碩士在職專班；航空服務管理系航空運輸管理碩士班；航空機械科；航空機械系；航空機械系_現役軍人營區在職專班；航空機械系機電光工程碩士在職專班；航空機械系機電光工程碩士班；航空機械系飛機系統工程碩士在職專班；航空機械系飛機系統工程碩士班；行銷與流通管理科；行銷與流通管理系；行銷與流通管理系_現役軍人營區在職專班；觀光事業系；遊戲系統創新設計系；電機與資訊工程科；電機與資訊工程系；電機與資訊工程系_資通機電工程技術國際學生產學合作專班；電機與資訊工程系碩士班；食品科學系；餐旅管理科；餐旅管理系；餐旅管理系_東方主題餐食管理國際學生產學合作專班,AUTO_MATCHED,,,https://stats.moe.gov.tw/files/opendata/students.csv
育達科技大學,葉律佐（系主任）,ylt1116@ydu.edu.tw,236,智慧機電工程與應用系,,91,智慧機電工程與應用系=91,休閒運動管理系；多媒體與遊戲設計系；幼兒保育系；應用日語系；時尚造型設計系；時尚造型設計系_國際學生產學合作專班；智慧機電工程與應用系；物聯網工程與應用學士學位學程；物聯網工程與應用學士學位學程_國際專修部；社會工作系；社會工作系_現役軍人營區在職專班；行銷與流通管理系；行銷與流通管理系_現役軍人營區在職專班；行銷與流通管理系碩士在職專班；行銷與流通管理系碩士班；觀光休閒管理系；觀光休閒管理系_國際學生產學合作專班；觀光休閒管理系_國際專修部；觀光休閒管理系碩士在職專班；觀光休閒管理系碩士班；資訊管理系；資訊管理系_現役軍人營區在職專班；資訊管理系碩士在職專班；資訊管理系碩士班；餐旅經營系；餐旅經營系_國際學生產學合作專班；餐旅經營系_國際專修部,AUTO_MATCHED,,,https://stats.moe.gov.tw/files/opendata/students.csv
吳鳳科技大學,陳俊良（系主任）,jlchen@wfu.edu.tw,237,機械與智慧製造工程系,,368,機械工程系_國際學生產學合作專班=36；機械工程系_國際專修部=15；機械與智慧製造工程科=9；機械與智慧製造工程系=82；機械與智慧製造工程系=51；機械與智慧製造工程系=73；機械與智慧製造工程系_動力機械國際學生產學合作專班=39；機械與智慧製造工程系_國際學生產學合作專班=28；機械與智慧製造工程系_國際專修部=35,人工智慧無人機科技系；休閒遊憩與運動管理科；休閒遊憩與運動管理系；休閒遊憩與運動管理系_國際學生產學合作專班；安全科技與管理系；安全科技與管理系_國際學生產學合作專班；幼兒保育科；幼兒保育系；應用數位媒體系_數位設計技術國際學生產學合作專班；數位科技與媒體設計系；數位科技與媒體設計系_數位設計技術國際學生產學合作專班；數位科技與媒體設計系碩士在職專班；機械工程系_國際學生產學合作專班；機械工程系_國際專修部；機械與智慧製造工程科；機械與智慧製造工程系；機械與智慧製造工程系_動力機械國際學生產學合作專班；機械與智慧製造工程系_國際學生產學合作專班；機械與智慧製造工程系_國際專修部；消防系；消防系碩士在職專班；美容美髮造型設計系；觀光休閒管理系；觀光休閒管理系_國際專修部；觀光休閒管理系_觀光實務國際學生產學合作專班；車輛工程系；車輛工程系_國際學生產學合作專班；車輛科技與經營管理系_電動車輛工程專班；長期照護與管理系；電機工程科；電機工程系；電機工程系_國際專修部；電機工程系_智慧製造產學專班；電機工程系光機電暨材料碩士班；餐旅管理系；餐旅管理系_國際學生產學合作專班；餐旅管理系_國際專修部；餐旅管理系_食品安全國際學生產學合作專班；餐旅管理系_餐旅管理產學專班；餐旅管理系餐旅管理與餐飲安全碩士班,AUTO_MATCHED,,,https://stats.moe.gov.tw/files/opendata/students.csv
修平學校財團法人修平科技大學,康振雄（系主任）,kang@mail.hust.edu.tw,238,機械工程系,,692,機械工程系=277；機械工程系=306；機械工程系=58；機械工程系(含精密機械與製造科技碩士班)_國際專修部=16；機械工程系_國際專修部=19；機械工程系精密機械與製造科技碩士班=16,企業經營管理科；企業經營管理系；企業經營管理系_現役軍人營區在職專班；企業經營管理系人力資源管理碩士班；工業工程與管理系；工業工程與管理系(含精實生產管理碩士班)_現役軍人營區在職專班；工業工程與管理系_國際學生產學合作專班；工業工程與管理系精實生產管理碩士在職專班；工業工程與管理系精實生產管理碩士班；應用日語系；應用英語系；數位媒體設計系；智慧車輛系；機械工程系；機械工程系(含精密機械與製造科技碩士班)_國際專修部；機械工程系_國際專修部；機械工程系精密機械與製造科技碩士班；行銷與流通管理系；觀光與遊憩管理系_國際學生產學合作專班；觀光與遊憩管理系_國際專修部；觀光與遊憩管理系_觀光飯店與餐飲服務國際學生產學合作專班；觀光與餐旅管理系；觀光與餐旅管理系_國際學生產學合作專班；觀光與餐旅管理系_國際專修部；資訊管理系；資訊管理系_智慧資訊技術僑生專班；資訊管理系_現役軍人營區在職專班；資訊網路技術系；電子工程系；電子工程系_國際學生產學合作專班；電子工程系_國際專修部；電子工程系_智慧電子技術僑生專班；電機工程系；電機工程系(含碩士班)_國際學生產學合作專班；電機工程系(含碩士班)_現役軍人營區在職專班；電機工程系碩士班,AUTO_MATCHED,,,https://stats.moe.gov.tw/files/opendata/students.csv
敏實科技大學,于善淳（系主任）,aeysc@mitust.edu.tw,239,智慧製造工程系,,439,智慧製造工程系=119；智慧製造工程系=66；智慧製造工程系_國際學生產學合作專班=171；智慧製造工程系_國際專修部=83,人工智慧應用工程學士學位學程；人工智慧應用工程學士學位學程_國際專修部；智慧製造工程系；智慧製造工程系_國際學生產學合作專班；智慧製造工程系_國際專修部；智慧車輛與能源系；智慧車輛與能源系_國際學生產學合作專班；智慧車輛與能源系_國際專修部；餐飲管理科；餐飲管理系；餐飲管理系_國際專修部；餐飲管理系_餐飲與烘焙管理國際學生產學合作專班,AUTO_MATCHED,,,https://stats.moe.gov.tw/files/opendata/students.csv
亞東科技大學,陳一順（系主任）,yschen@mail.aeust.edu.tw,240,機械工程系,,679,機械工程系=623；機械工程系_智慧機械與先進車輛專班=56,工商業設計系；工業管理系；工業管理系_國際學生產學合作專班；工業管理系_智慧製造與智能管理專班；工業管理系_智能工業管理產業實務專班；材料織品服裝系；材料織品服裝系_國際學生產學合作專班；材料織品服裝系應用科技碩士班；機械工程系；機械工程系_智慧機械與先進車輛專班；行銷與流通管理系；行銷與流通管理系碩士班；護理系；護理系碩士班；資訊管理系；通訊工程系；通訊工程系_5G通訊技術與應用實務專班；通訊工程系碩士班；醫務管理系；電子工程系；電子工程系_國際學生產學合作專班；電機工程系；電機工程系_電機產業專班,AUTO_MATCHED,,,https://stats.moe.gov.tw/files/opendata/students.csv
亞東科技大學,王盈中（系主任）,ycwang@mail.aeust.edu.tw,241,電機工程系,,431,電機工程系=358；電機工程系_電機產業專班=73,工商業設計系；工業管理系；工業管理系_國際學生產學合作專班；工業管理系_智慧製造與智能管理專班；工業管理系_智能工業管理產業實務專班；材料織品服裝系；材料織品服裝系_國際學生產學合作專班；材料織品服裝系應用科技碩士班；機械工程系；機械工程系_智慧機械與先進車輛專班；行銷與流通管理系；行銷與流通管理系碩士班；護理系；護理系碩士班；資訊管理系；通訊工程系；通訊工程系_5G通訊技術與應用實務專班；通訊工程系碩士班；醫務管理系；電子工程系；電子工程系_國際學生產學合作專班；電機工程系；電機工程系_電機產業專班,AUTO_MATCHED,,,https://stats.moe.gov.tw/files/opendata/students.csv
國立臺灣師範大學,張天立（系主任）,tlchang@ntnu.edu.tw,242,機電工程學系,,344,機電工程學系=12；機電工程學系=67；機電工程學系=225；機電工程學系智能鑄造產學攜手專班=40,AI跨域應用研究所；企業管理學系；健康促進與衛生教育學系；健康促進與衛生教育學系健康促進與衛生教育碩士在職專班；光電工程學士學位學程；光電工程研究所；全球研究全英語學士學位學程；全球經營與策略研究所；公民教育與活動領導學系；公民教育與活動領導學系學生事務碩士在職專班；公民教育與活動領導學系活動領導碩士在職專班；化學系；國文學系；國文學系國文教學碩士在職專班；國際人力資源發展研究所；圖文傳播學系；圖書資訊學研究所；圖書資訊學研究所圖書資訊學數位學習碩士在職專班；圖書資訊學研究所圖書資訊學碩士在職專班；地球科學系；地理學系；地理學系地理碩士在職專班；地理學系空間資訊碩士在職專班；大眾傳播研究所；學習科學學士學位學程；工業教育學系；工業教育學系技職教育數位碩士在職專班；工業教育學系技職教育行政碩士在職專班；工業教育學系科技應用管理碩士在職專班；幼兒與家庭科學學系；復健諮商與高齡福祉研究所；成癮防制碩士在職學位學程；教育學系；教育學系教育領導與政策碩士在職專班；教育學系課程領導與教學實踐碩士在職專班；教育學院創造力發展碩士在職專班；教育學院學士班；教育心理與輔導學系；教育政策與行政研究所；數學系；東亞學系；東亞學系國家安全與國際事務研究碩士在職專班；機電工程學系；機電工程學系智能鑄造產學攜手專班；歐洲文化與觀光研究所；歷史學系；歷史學系歷史教學碩士在職專班；民族音樂研究所；永續管理與環境教育研究所；營養科學學士學位學程；營養科學碩士學位學程；物理學系；特殊教育學系；生命科學系；生技醫藥產業碩士學位學程；生物多樣性國際研究生博士學位學程；社會工作學研究所；社會教育學系；社會教育學系社會教育與文化行政碩士在職專班；科學—科技—工程—數學整合教育國際博士學位學程；科學教育研究所；科技應用與人力資源發展學系；科技應用與人力資源發展學系人力資源發展碩士在職專班；管理學院國際時尚高階管理碩士在職專班；管理學院高階經理人企業管理碩士在職專班；管理研究所；綠能科技與永續治理研究所；美術學系；美術學系美術創作碩士在職專班；美術學系藝術行政暨管理碩士在職專班；翻譯研究所；翻譯研究所軍事口譯碩士在職專班；臺灣史研究所；臺灣語文學系；英語學系；英語學系英語教學碩士在職專班；華語文教學系；華語文教學系海外華語師資數位碩士在職專班；藝術史研究所；藝術學院藝術產業高階經理碩士在職專班；表演藝術學士學位學程；表演藝術研究所；設計學系；設計學系設計創作碩士在職專班；課程與教學研究所；資訊工程學系；資訊教育研究所；車輛與能源工程學士學位學程；車輛與能源工程研究所；運動休閒與餐旅管理研究所；運動休閒與餐旅管理研究所運動休閒與餐旅管理碩士在職專班；運動競技學系；運動與休閒學院樂活產業高階經理人企業管理碩士在職專班；電機工程學系；音樂學系；音樂學系流行音樂產學應用碩士在職專班；體育與運動科學系；體育與運動科學系運動科學碩士在職專班；體育與運動科學系體育行政教師碩士在職專班,AUTO_MATCHED,,,https://stats.moe.gov.tw/files/opendata/students.csv
國立彰化師範大學,黃維澤（系主任）,vichuang@cc.ncue.edu.tw,243,電機與機械科技學系,,671,電機與機械科技學系=103；電機與機械科技學系=60；電機與機械科技學系=337；電機與機械科技學系技職教育教學碩士在職專班=52；電機與機械科技學系技職行政管理碩士在職專班=60；電機與機械科技學系數位學習碩士班=10；電機與機械科技學系智慧機電整合應用產學攜手合作專班1+4=40；電機與機械科技學系智慧鑄造與製造產學攜手合作專班=9,人力資源管理研究所；人工智慧科技應用碩士學位學程；企業管理學系；企業管理學系國際企業經營管理碩士在職專班；企業管理學系行銷與流通管理碩士班；光電科技研究所；光電科技研究所科技應用與管理碩士在職專班；公共事務與公民教育學系；公共事務與公民教育學系公共事務與公民教育碩士在職專班；化學系；台灣文學研究所；國文學系；國文學系國語文教學碩士在職專班；地理學系；地理學系地理暨環境資源博士班；工學院國際工程碩士學位學程；復健諮商研究所；技術及職業教育研究所；教育研究所；教育研究所教育創新與人力發展碩士在職專班；教育研究所教育學回流碩士在職專班；教育研究所教育學暨學校行政碩士在職專班馬來西亞境外專班；數學系；智慧車輛工程學系；會計學系；會計學系企業高階管理碩士在職專班；材料與生物科技暨科教國際碩士學位學程；機電工程學系；歷史學研究所；物理學系；特殊教育學系；特殊教育學系特教教學碩士學位班；特殊教育學系特殊教育碩士在職專班；生物學系；生物學系生物技術碩士班；科學教育研究所；科學教育研究所數理創意教學碩士在職專班馬來西亞境外專班；科技與兒少英語研究所；統計資訊研究所；美術學系；美術學系藝術教育碩士班；翻譯研究所；英語學系；英語學系應用英語碩士在職專班；財務金融技術學系；財務金融技術學系商業教育教學碩士在職專班；財務金融技術學系教育與商業管理碩士在職專班；財務金融技術學系行政管理碩士在職專班；資訊工程學系；資訊工程學系人工智慧應用服務碩士在職專班；資訊管理學系；資訊管理學系創新與管理碩士在職專班；資訊管理學系數位內容科技與管理碩士班；車輛科技研究所；輔導與諮商學系；輔導與諮商學系婚姻與家族治療碩士班；輔導與諮商學系心理健康與諮詢碩士在職專班；運動健康研究所；運動學系；運動學系應用運動科學碩士班；運動學系運動與健康休閒碩士在職專班；電子工程學系；電機工程學系；電機與機械科技學系；電機與機械科技學系技職教育教學碩士在職專班；電機與機械科技學系技職行政管理碩士在職專班；電機與機械科技學系數位學習碩士班；電機與機械科技學系智慧機電整合應用產學攜手合作專班1+4；電機與機械科技學系智慧鑄造與製造產學攜手合作專班；高齡健康促進與照護管理原住民專班,AUTO_MATCHED,,,https://stats.moe.gov.tw/files/opendata/students.csv
國立宜蘭大學,蔡孟利（系主任）,mltsai@niu.edu.tw,244,生物機電工程學系,,219,生物機電工程學系=22；生物機電工程學系=197,人工智慧碩士學位學程；人文及管理學院高階經營管理碩士在職專班；休閒產業與健康促進學系；休閒產業與健康促進學系運動與健康管理碩士班；化學工程與材料工程學系；園藝學系；土木工程學系；土木工程學系原住民專班；外國語文學系；外國語文學系國際商務溝通碩士班；多媒體網路通訊數位學習碩士在職專班；工學院碩士在職專班；建築與永續規劃研究所；應用經濟與管理學系；應用經濟與管理學系應用經濟學碩士班；應用經濟與管理學系經營管理碩士班；智慧休閒農業進修學士學位學程；森林暨自然資源學系；機械與機電工程學系；無人機應用暨智慧農業碩士學位學程；環境工程學系；生物技術與動物科學系；生物機電工程學系；生物資源學院原住民專班；生物資源學院碩士在職專班；資訊工程學系；資訊工程學系多媒體網路通訊數位學習碩士在職專班；電子工程學系；電機工程學系；電機資訊學院碩士在職專班；食品科學系,AUTO_MATCHED,,,https://stats.moe.gov.tw/files/opendata/students.csv
國立聯合大學,潘國興（系主任）,qhphan@nuu.edu.tw,245,機械工程學系,,1134,機械工程學系=45；機械工程學系=717；機械工程學系=372,光電工程學系；化學工程學系；原住民學士學位學程專班；土木與防災工程學系；客家語言與傳播研究所；工業設計學系；工程科技轉譯醫學國際碩士學位學程；建築學系；文化創意與數位行銷學系；文化觀光產業學系；材料科學工程學系；材料與化學工程博士學位學程；機械工程學系；環境與安全衛生工程學系；管理碩士在職學位學程；經營管理學系；能源工程學系；臺灣語文與傳播學系；華語文學系；財務金融學系；資訊工程學系；資訊管理學系；電子工程學系；電機工程學系；電機資訊學院博士班,AUTO_MATCHED,,,https://stats.moe.gov.tw/files/opendata/students.csv
國立屏東大學,石佳弘（系主任）,hiroshi@mail.nptu.edu.tw,246,智慧機器人學系,,167,智慧機器人學系=167,STEM教育國際碩士學位學程；不動產經營學系；中國語文學系；企業管理學系；企業管理學系碩士在職現役軍人營區專班；企業管理學系進修學士現役軍人營區專班；休閒事業經營學系；商業大數據學系；國際經營與貿易學系；國際經營與貿易學系經營管理專班3+4；國際資訊科技與應用碩士學位學程；大數據商務應用學士學位學程；大武山跨領域學士學位學程；客家文化產業碩士學位學程；幼兒教育學系；應用化學系；應用化學系現役軍人營區在職專班；應用數學系；應用日語學系；應用物理系；應用物理系光電暨材料碩士班；應用物理系國際半導體科技碩士專班；應用英語學系；教育學系；教育學系課程與教學碩士在職專班；教育心理與輔導學系；教育心理與輔導學系社區諮商與教育碩士在職專班；教育行政研究所；教育行政研究所教育行政碩士在職專班；文化事業發展碩士學位學程原住民專班；文化創意產業學系；文化發展學士學位學程原住民專班；文教事業經營碩士在職學位學程；新媒體創意應用碩士學位學程；智慧機器人學系；會計學系；特殊教育學系；理學院半導體材料科學碩士班；理學院應用科學國際博士班；社會發展學系；科學傳播學系；科學傳播學系科學傳播暨教育碩士班；管理學院高階經營管理碩士在職專班；英語學系；華語文教學碩士在職學位學程；行銷與流通管理學系；行銷與流通管理學系數位行銷碩士在職專班；行銷與流通管理學系碩士在職現役軍人營區專班；視覺藝術學系；視覺藝術學系數位媒體設計碩士班；視覺藝術學系視覺藝術碩士在職專班；財務金融學系；資訊工程學系；資訊管理學系；電腦科學與人工智慧學系；電腦科學與人工智慧學系資訊系統與數位科技應用碩士在職專班；電腦與通訊學系；音樂學系；體育學系；體育學系健康與體育碩士在職專班；體育學系探索教育碩士在職專班,AUTO_MATCHED,,,https://stats.moe.gov.tw/files/opendata/students.csv
